2026-02-03 07:57:40,185 | SentinelBot | INFO | 🧠 State file exists but for different exchange. Starting fresh.
2026-02-03 07:57:40,185 | SentinelBot | INFO | 🤖 BINANCE Bot initialized
2026-02-03 07:57:40,185 | SentinelBot | INFO | 🛡️ ENTRY DISCIPLINE 6.0: ACTIVE (Conditional Zones + Structural SL)
2026-02-03 07:57:40,574 | SentinelBot | INFO | 🧠 Brain Loaded! Restored 1 position states (Age: 85.1m)
2026-02-03 07:57:40,574 | SentinelBot | INFO |    📍 TIAUSDTM: Peak PnL = 0.93%
2026-02-03 07:57:40,574 | SentinelBot | INFO | 🤖 KUCOIN Bot initialized
2026-02-03 07:57:40,574 | SentinelBot | INFO | 🛡️ ENTRY DISCIPLINE 6.0: ACTIVE (Conditional Zones + Structural SL)
2026-02-03 08:00:40,656 | SentinelBot | INFO | 🤖 KUCOIN Bot Started! Polling markets...
2026-02-03 08:00:41,143 | SentinelBot | INFO | 🔍 Scanning XBTUSDTM...
2026-02-03 08:00:41,621 | SentinelBot | INFO | 🚫 ENTRY_BLOCKED | NO_TRADE_ZONE | XBTUSDTM price=78686.1000 inside range [78585.8150 - 78867.4850]
2026-02-03 08:00:41,623 | SentinelBot | INFO | 🔍 Scanning ETHUSDTM...
2026-02-03 08:00:42,476 | SentinelBot | INFO | ✅ HTF CONFIRMED: H1 Trend aligns with SHORT
2026-02-03 08:00:42,477 | SentinelBot | INFO | 🚨 TRADE POTENTIAL: ETHUSDTM | Rec: MICRO_TRADE
2026-02-03 08:00:42,477 | SentinelBot | INFO |    Reason: Good setup (0.65) but low confidence (0.39). Regime: RANGE. Trend score: 0.10, bias: SHORT
2026-02-03 08:00:42,477 | SentinelBot | INFO |    Stats: Qual=0.65 | Conf=0.39 | Dir=SHORT
2026-02-03 08:00:42,477 | SentinelBot | INFO | 🚫 ENTRY_BLOCKED | BAD_RR | ETHUSDTM R:R = 1:2.00 < 1:2
2026-02-03 08:00:42,477 | SentinelBot | INFO | 🔍 Scanning SOLUSDTM...
2026-02-03 08:00:43,351 | SentinelBot | INFO | ✅ HTF CONFIRMED: H1 Trend aligns with SHORT
2026-02-03 08:00:43,351 | SentinelBot | INFO | 🚨 TRADE POTENTIAL: SOLUSDTM | Rec: MICRO_TRADE
2026-02-03 08:00:43,353 | SentinelBot | INFO |    Reason: Good setup (0.88) but low confidence (0.53). Regime: RANGE. Trend score: -0.10, bias: SHORT
2026-02-03 08:00:43,353 | SentinelBot | INFO |    Stats: Qual=0.88 | Conf=0.53 | Dir=SHORT
2026-02-03 08:00:43,353 | SentinelBot | INFO | ⏳ BIAS_DETECTED | SOLUSDTM SHORT | Waiting for Zone [104.126125 - 104.160131]
2026-02-03 08:00:43,353 | SentinelBot | INFO | 🔍 Scanning BNBUSDTM...
2026-02-03 08:00:44,367 | SentinelBot | INFO | ✅ HTF CONFIRMED: H1 Trend aligns with SHORT
2026-02-03 08:00:44,367 | SentinelBot | INFO | 🚨 TRADE POTENTIAL: BNBUSDTM | Rec: MICRO_TRADE
2026-02-03 08:00:44,367 | SentinelBot | INFO |    Reason: Good setup (0.81) but low confidence (0.49). Regime: RANGE. Trend score: -0.10, bias: SHORT
2026-02-03 08:00:44,367 | SentinelBot | INFO |    Stats: Qual=0.81 | Conf=0.49 | Dir=SHORT
2026-02-03 08:00:44,367 | SentinelBot | INFO | ⏳ BIAS_DETECTED | BNBUSDTM SHORT | Waiting for Zone [772.606817 - 772.674801]
2026-02-03 08:00:44,367 | SentinelBot | INFO | 🔍 Scanning XRPUSDTM...
2026-02-03 08:00:45,266 | SentinelBot | INFO | ✅ HTF CONFIRMED: H1 Trend aligns with SHORT
2026-02-03 08:00:45,267 | SentinelBot | INFO | 🚨 TRADE POTENTIAL: XRPUSDTM | Rec: MICRO_TRADE
2026-02-03 08:00:45,267 | SentinelBot | INFO |    Reason: Good setup (0.93) but low confidence (0.56). Regime: RANGE. Trend score: -0.20, bias: SHORT
2026-02-03 08:00:45,267 | SentinelBot | INFO |    Stats: Qual=0.93 | Conf=0.56 | Dir=SHORT
2026-02-03 08:00:45,268 | SentinelBot | INFO | 🚫 ENTRY_BLOCKED | BAD_RR | XRPUSDTM R:R = 1:2.00 < 1:2
2026-02-03 08:00:45,268 | SentinelBot | INFO | 🔍 Scanning ADAUSDTM...
2026-02-03 08:00:46,197 | SentinelBot | INFO | 🛑 HTF MISMATCH: ADAUSDTM Signal SHORT vs Bull Trend. Blocked (Conf 0.41 < 0.75)
2026-02-03 08:00:46,198 | SentinelBot | INFO | 🔍 Scanning DOGEUSDTM...
2026-02-03 08:00:47,202 | SentinelBot | INFO | 🛑 HTF MISMATCH: DOGEUSDTM Signal SHORT vs Bull Trend. Blocked (Conf 0.39 < 0.75)
2026-02-03 08:00:47,203 | SentinelBot | INFO | 🔍 Scanning AVAXUSDTM...
2026-02-03 08:00:48,101 | SentinelBot | INFO | ✅ HTF CONFIRMED: H1 Trend aligns with SHORT
2026-02-03 08:00:48,101 | SentinelBot | INFO | 🚨 TRADE POTENTIAL: AVAXUSDTM | Rec: MICRO_TRADE
2026-02-03 08:00:48,103 | SentinelBot | INFO |    Reason: Good setup (0.91) but low confidence (0.55). Regime: RANGE. Trend score: -0.15, bias: SHORT
2026-02-03 08:00:48,103 | SentinelBot | INFO |    Stats: Qual=0.91 | Conf=0.55 | Dir=SHORT
2026-02-03 08:00:48,104 | SentinelBot | INFO | ⏳ BIAS_DETECTED | AVAXUSDTM SHORT | Waiting for Zone [10.117909 - 10.123811]
2026-02-03 08:00:48,105 | SentinelBot | INFO | 🔍 Scanning LINKUSDTM...
2026-02-03 08:00:48,994 | SentinelBot | INFO | ✅ HTF CONFIRMED: H1 Trend aligns with SHORT
2026-02-03 08:00:48,994 | SentinelBot | INFO | 🚨 TRADE POTENTIAL: LINKUSDTM | Rec: MICRO_TRADE
2026-02-03 08:00:48,994 | SentinelBot | INFO |    Reason: Good setup (0.82) but low confidence (0.49). Regime: RANGE. Trend score: -0.05, bias: SHORT
2026-02-03 08:00:48,994 | SentinelBot | INFO |    Stats: Qual=0.82 | Conf=0.49 | Dir=SHORT
2026-02-03 08:00:48,994 | SentinelBot | INFO | ⏳ BIAS_DETECTED | LINKUSDTM SHORT | Waiting for Zone [9.796977 - 9.797206]
2026-02-03 08:00:48,999 | SentinelBot | INFO | 🔍 Scanning DOTUSDTM...
2026-02-03 08:00:49,962 | SentinelBot | INFO | ✅ HTF CONFIRMED: H1 Trend aligns with SHORT
2026-02-03 08:00:49,963 | SentinelBot | INFO | 🚨 TRADE POTENTIAL: DOTUSDTM | Rec: ALLOW_TRADE
2026-02-03 08:00:49,963 | SentinelBot | INFO |    Reason: Strong setup (1.00) with confidence (0.60). Regime: RANGE. Trend score: -0.15, bias: SHORT
2026-02-03 08:00:49,963 | SentinelBot | INFO |    Stats: Qual=1.00 | Conf=0.60 | Dir=SHORT
2026-02-03 08:00:49,965 | SentinelBot | INFO | 🚫 ENTRY_BLOCKED | BAD_RR | DOTUSDTM R:R = 1:0.00 < 1:2
2026-02-03 08:00:49,965 | SentinelBot | INFO | 🔍 Scanning TRXUSDTM...
2026-02-03 08:00:50,428 | SentinelBot | INFO | 🚫 ENTRY_BLOCKED | NO_TRADE_ZONE | TRXUSDTM price=0.2833 inside range [0.2832 - 0.2836]
2026-02-03 08:00:50,428 | SentinelBot | INFO | 🔍 Scanning LTCUSDTM...
2026-02-03 08:00:51,392 | SentinelBot | INFO | ✅ HTF CONFIRMED: H1 Trend aligns with SHORT
2026-02-03 08:00:51,394 | SentinelBot | INFO | 🚨 TRADE POTENTIAL: LTCUSDTM | Rec: MICRO_TRADE
2026-02-03 08:00:51,394 | SentinelBot | INFO |    Reason: Good setup (0.69) but low confidence (0.41). Regime: RANGE. Trend score: 0.05, bias: SHORT
2026-02-03 08:00:51,394 | SentinelBot | INFO |    Stats: Qual=0.69 | Conf=0.41 | Dir=SHORT
2026-02-03 08:00:51,394 | SentinelBot | INFO | 🚫 ENTRY_BLOCKED | BAD_RR | LTCUSDTM R:R = 1:2.00 < 1:2
2026-02-03 08:00:51,395 | SentinelBot | INFO | 🔍 Scanning MATICUSDTM...
2026-02-03 08:00:52,383 | SentinelBot | INFO | 🛑 HTF MISMATCH: MATICUSDTM Signal LONG vs Bear Trend. Blocked (Conf 0.39 < 0.80)
2026-02-03 08:00:52,384 | SentinelBot | INFO | 🔍 Scanning SHIBUSDTM...
2026-02-03 08:00:53,307 | SentinelBot | INFO |    📊 SHIBUSDTM: Rec=NO_TRADE (Qual=0.58)
2026-02-03 08:00:53,308 | SentinelBot | INFO | 🔍 Scanning UNIUSDTM...
2026-02-03 08:00:54,206 | SentinelBot | INFO | ✅ HTF CONFIRMED: H1 Trend aligns with SHORT
2026-02-03 08:00:54,207 | SentinelBot | INFO | 🚨 TRADE POTENTIAL: UNIUSDTM | Rec: MICRO_TRADE
2026-02-03 08:00:54,207 | SentinelBot | INFO |    Reason: Good setup (0.83) but low confidence (0.50). Regime: RANGE. Trend score: -0.05, bias: SHORT
2026-02-03 08:00:54,207 | SentinelBot | INFO |    Stats: Qual=0.83 | Conf=0.50 | Dir=SHORT
2026-02-03 08:00:54,209 | SentinelBot | INFO | 🚫 ENTRY_BLOCKED | BAD_RR | UNIUSDTM R:R = 1:2.00 < 1:2
2026-02-03 08:00:54,209 | SentinelBot | INFO | 🔍 Scanning ATOMUSDTM...
2026-02-03 08:00:54,950 | SentinelBot | INFO |    📊 ATOMUSDTM: Rec=NO_TRADE (Qual=0.48)
2026-02-03 08:00:54,950 | SentinelBot | INFO | 🔍 Scanning XLMUSDTM...
2026-02-03 08:00:55,856 | SentinelBot | INFO | ✅ HTF CONFIRMED: H1 Trend aligns with SHORT
2026-02-03 08:00:55,856 | SentinelBot | INFO | 🚨 TRADE POTENTIAL: XLMUSDTM | Rec: ALLOW_TRADE
2026-02-03 08:00:55,857 | SentinelBot | INFO |    Reason: Strong setup (0.94) with confidence (0.88). Regime: MOMENTUM. Trend score: -0.60, bias: SHORT
2026-02-03 08:00:55,857 | SentinelBot | INFO |    Stats: Qual=0.94 | Conf=0.88 | Dir=SHORT
2026-02-03 08:00:55,857 | SentinelBot | INFO | 🚫 ENTRY_BLOCKED | BAD_RR | XLMUSDTM R:R = 1:0.00 < 1:2
2026-02-03 08:00:55,857 | SentinelBot | INFO | 🔍 Scanning ETCUSDTM...
2026-02-03 08:00:56,751 | SentinelBot | INFO | ✅ HTF CONFIRMED: H1 Trend aligns with SHORT
2026-02-03 08:00:56,753 | SentinelBot | INFO | 🚨 TRADE POTENTIAL: ETCUSDTM | Rec: ALLOW_TRADE
2026-02-03 08:00:56,753 | SentinelBot | INFO |    Reason: Strong setup (0.77) with confidence (0.70). Regime: TREND_BEAR. Trend score: -0.35, bias: SHORT
2026-02-03 08:00:56,753 | SentinelBot | INFO |    Stats: Qual=0.77 | Conf=0.69 | Dir=SHORT
2026-02-03 08:00:56,754 | SentinelBot | INFO | 🚫 ENTRY_BLOCKED | BAD_RR | ETCUSDTM R:R = 1:2.00 < 1:2
2026-02-03 08:00:56,754 | SentinelBot | INFO | 🔍 Scanning FILUSDTM...
2026-02-03 08:00:57,691 | SentinelBot | INFO | ⚠️ HTF MISMATCH: FILUSDTM Short vs Bull Trend. ALLOWED due to High Confidence (0.87)
2026-02-03 08:00:57,691 | SentinelBot | INFO | ✅ HTF CONFIRMED: H1 Trend aligns with SHORT
2026-02-03 08:00:57,691 | SentinelBot | INFO | 🚨 TRADE POTENTIAL: FILUSDTM | Rec: ALLOW_TRADE
2026-02-03 08:00:57,694 | SentinelBot | INFO |    Reason: Strong setup (0.97) with confidence (0.87). Regime: TREND_BEAR. Trend score: -0.35, bias: SHORT
2026-02-03 08:00:57,694 | SentinelBot | INFO |    Stats: Qual=0.97 | Conf=0.87 | Dir=SHORT
2026-02-03 08:00:57,694 | SentinelBot | INFO | 🚫 ENTRY_BLOCKED | BAD_RR | FILUSDTM R:R = 1:2.00 < 1:2
2026-02-03 08:00:57,694 | SentinelBot | INFO | 🔍 Scanning APTUSDTM...
2026-02-03 08:00:58,587 | SentinelBot | INFO | ✅ HTF CONFIRMED: H1 Trend aligns with SHORT
2026-02-03 08:00:58,587 | SentinelBot | INFO | 🚨 TRADE POTENTIAL: APTUSDTM | Rec: ALLOW_TRADE
2026-02-03 08:00:58,594 | SentinelBot | INFO |    Reason: Strong setup (1.00) with confidence (0.90). Regime: TREND_BEAR. Trend score: -0.40, bias: SHORT
2026-02-03 08:00:58,594 | SentinelBot | INFO |    Stats: Qual=1.00 | Conf=0.90 | Dir=SHORT
2026-02-03 08:00:58,594 | SentinelBot | INFO | ⏳ BIAS_DETECTED | APTUSDTM SHORT | Waiting for Zone [1.273126 - 1.274210]
2026-02-03 08:00:58,594 | SentinelBot | INFO | 🔍 Scanning ARBUSDTM...
2026-02-03 08:00:59,463 | SentinelBot | INFO | ✅ HTF CONFIRMED: H1 Trend aligns with SHORT
2026-02-03 08:00:59,463 | SentinelBot | INFO | 🚨 TRADE POTENTIAL: ARBUSDTM | Rec: MICRO_TRADE
2026-02-03 08:00:59,463 | SentinelBot | INFO |    Reason: Good setup (0.88) but low confidence (0.53). Regime: RANGE. Trend score: -0.20, bias: SHORT
2026-02-03 08:00:59,464 | SentinelBot | INFO |    Stats: Qual=0.88 | Conf=0.53 | Dir=SHORT
2026-02-03 08:00:59,464 | SentinelBot | INFO | 🚫 ENTRY_BLOCKED | BAD_RR | ARBUSDTM R:R = 1:2.00 < 1:2
2026-02-03 08:00:59,465 | SentinelBot | INFO | 🔍 Scanning OPUSDTM...
2026-02-03 08:01:00,352 | SentinelBot | INFO | ✅ HTF CONFIRMED: H1 Trend aligns with SHORT
2026-02-03 08:01:00,352 | SentinelBot | INFO | 🚨 TRADE POTENTIAL: OPUSDTM | Rec: MICRO_TRADE
2026-02-03 08:01:00,352 | SentinelBot | INFO |    Reason: Good setup (0.78) but low confidence (0.47). Regime: RANGE. Trend score: -0.15, bias: SHORT
2026-02-03 08:01:00,352 | SentinelBot | INFO |    Stats: Qual=0.78 | Conf=0.47 | Dir=SHORT
2026-02-03 08:01:00,353 | SentinelBot | INFO | 🚫 ENTRY_BLOCKED | BAD_RR | OPUSDTM R:R = 1:2.00 < 1:2
2026-02-03 08:01:00,353 | SentinelBot | INFO | 🔍 Scanning SUIUSDTM...
2026-02-03 08:01:01,251 | SentinelBot | INFO | ✅ HTF CONFIRMED: H1 Trend aligns with SHORT
2026-02-03 08:01:01,251 | SentinelBot | INFO | 🚨 TRADE POTENTIAL: SUIUSDTM | Rec: ALLOW_TRADE
2026-02-03 08:01:01,252 | SentinelBot | INFO |    Reason: Strong setup (0.89) with confidence (0.80). Regime: TREND_BEAR. Trend score: -0.30, bias: SHORT
2026-02-03 08:01:01,252 | SentinelBot | INFO |    Stats: Qual=0.89 | Conf=0.80 | Dir=SHORT
2026-02-03 08:01:01,252 | SentinelBot | INFO | 🚫 ENTRY_BLOCKED | BAD_RR | SUIUSDTM R:R = 1:2.00 < 1:2
2026-02-03 08:01:01,253 | SentinelBot | INFO | 🔍 Scanning PEPEUSDTM...
2026-02-03 08:01:02,215 | SentinelBot | INFO | ✅ HTF CONFIRMED: H1 Trend aligns with SHORT
2026-02-03 08:01:02,215 | SentinelBot | INFO | 🚨 TRADE POTENTIAL: PEPEUSDTM | Rec: MICRO_TRADE
2026-02-03 08:01:02,215 | SentinelBot | INFO |    Reason: Good setup (0.86) but low confidence (0.51). Regime: RANGE. Trend score: -0.10, bias: SHORT
2026-02-03 08:01:02,216 | SentinelBot | INFO |    Stats: Qual=0.86 | Conf=0.51 | Dir=SHORT
2026-02-03 08:01:02,216 | SentinelBot | INFO | 🚫 ENTRY_BLOCKED | BAD_RR | PEPEUSDTM R:R = 1:0.00 < 1:2
2026-02-03 08:01:02,217 | SentinelBot | INFO | 🔍 Scanning NEARUSDTM...
2026-02-03 08:01:03,181 | SentinelBot | INFO | ✅ HTF CONFIRMED: H1 Trend aligns with SHORT
2026-02-03 08:01:03,182 | SentinelBot | INFO | 🚨 TRADE POTENTIAL: NEARUSDTM | Rec: MICRO_TRADE
2026-02-03 08:01:03,182 | SentinelBot | INFO |    Reason: Good setup (0.84) but low confidence (0.51). Regime: RANGE. Trend score: -0.05, bias: SHORT
2026-02-03 08:01:03,182 | SentinelBot | INFO |    Stats: Qual=0.84 | Conf=0.51 | Dir=SHORT
2026-02-03 08:01:03,182 | SentinelBot | INFO | 🚫 ENTRY_BLOCKED | BAD_RR | NEARUSDTM R:R = 1:0.00 < 1:2
2026-02-03 08:01:03,184 | SentinelBot | INFO | 🔍 Scanning RNDRUSDTM...
2026-02-03 08:01:04,151 | SentinelBot | INFO | ✅ HTF CONFIRMED: H1 Trend aligns with SHORT
2026-02-03 08:01:04,151 | SentinelBot | INFO | 🚨 TRADE POTENTIAL: RNDRUSDTM | Rec: MICRO_TRADE
2026-02-03 08:01:04,152 | SentinelBot | INFO |    Reason: Good setup (0.87) but low confidence (0.52). Regime: RANGE. Trend score: -0.10, bias: SHORT
2026-02-03 08:01:04,152 | SentinelBot | INFO |    Stats: Qual=0.87 | Conf=0.52 | Dir=SHORT
2026-02-03 08:01:04,153 | SentinelBot | INFO | 🚫 ENTRY_BLOCKED | BAD_RR | RNDRUSDTM R:R = 1:0.00 < 1:2
2026-02-03 08:01:04,153 | SentinelBot | INFO | 🔍 Scanning INJUSDTM...
2026-02-03 08:01:05,088 | SentinelBot | INFO | ✅ HTF CONFIRMED: H1 Trend aligns with SHORT
2026-02-03 08:01:05,088 | SentinelBot | INFO | 🚨 TRADE POTENTIAL: INJUSDTM | Rec: MICRO_TRADE
2026-02-03 08:01:05,090 | SentinelBot | INFO |    Reason: Good setup (0.85) but low confidence (0.51). Regime: RANGE. Trend score: -0.20, bias: SHORT
2026-02-03 08:01:05,090 | SentinelBot | INFO |    Stats: Qual=0.85 | Conf=0.51 | Dir=SHORT
2026-02-03 08:01:05,090 | SentinelBot | INFO | 🚫 ENTRY_BLOCKED | BAD_RR | INJUSDTM R:R = 1:0.00 < 1:2
2026-02-03 08:01:05,090 | SentinelBot | INFO | 🔍 Scanning TIAUSDTM...
2026-02-03 08:01:06,040 | SentinelBot | INFO | 🛑 HTF MISMATCH: TIAUSDTM Signal SHORT vs Bull Trend. Blocked (Conf 0.65 < 0.75)
2026-02-03 08:01:06,040 | SentinelBot | INFO | 🔍 Scanning IMXUSDTM...
2026-02-03 08:01:06,924 | SentinelBot | INFO | ✅ HTF CONFIRMED: H1 Trend aligns with SHORT
2026-02-03 08:01:06,924 | SentinelBot | INFO | 🚨 TRADE POTENTIAL: IMXUSDTM | Rec: ALLOW_TRADE
2026-02-03 08:01:06,925 | SentinelBot | INFO |    Reason: Strong setup (1.00) with confidence (0.94). Regime: MOMENTUM. Trend score: -0.55, bias: SHORT
2026-02-03 08:01:06,925 | SentinelBot | INFO |    Stats: Qual=1.00 | Conf=0.94 | Dir=SHORT
2026-02-03 08:01:06,925 | SentinelBot | INFO | 🚫 ENTRY_BLOCKED | BAD_RR | IMXUSDTM R:R = 1:0.00 < 1:2
2026-02-03 08:01:06,925 | SentinelBot | INFO | 🔍 Scanning LDOUSDTM...
2026-02-03 08:01:07,857 | SentinelBot | INFO | ✅ HTF CONFIRMED: H1 Trend aligns with SHORT
2026-02-03 08:01:07,857 | SentinelBot | INFO | 🚨 TRADE POTENTIAL: LDOUSDTM | Rec: MICRO_TRADE
2026-02-03 08:01:07,857 | SentinelBot | INFO |    Reason: Good setup (0.86) but low confidence (0.52). Regime: RANGE. Trend score: -0.30, bias: SHORT
2026-02-03 08:01:07,859 | SentinelBot | INFO |    Stats: Qual=0.86 | Conf=0.52 | Dir=SHORT
2026-02-03 08:01:07,859 | SentinelBot | INFO | 🚫 ENTRY_BLOCKED | BAD_RR | LDOUSDTM R:R = 1:0.00 < 1:2
2026-02-03 08:01:21,923 | SentinelBot | INFO | 💓 Loop alive | Cycle 10 | Watching 30 symbols
2026-02-03 08:01:36,681 | SentinelBot | INFO | 💓 Loop alive | Cycle 20 | Watching 30 symbols
2026-02-03 08:01:41,451 | SentinelBot | INFO | 🔍 Scanning XBTUSDTM...
2026-02-03 08:01:41,865 | SentinelBot | INFO | 🚫 ENTRY_BLOCKED | NO_TRADE_ZONE | XBTUSDTM price=78686.1000 inside range [78585.8150 - 78867.4850]
2026-02-03 08:01:41,865 | SentinelBot | INFO | 🔍 Scanning ETHUSDTM...
2026-02-03 08:01:42,803 | SentinelBot | INFO | ✅ HTF CONFIRMED: H1 Trend aligns with SHORT
2026-02-03 08:01:42,803 | SentinelBot | INFO | 🚨 TRADE POTENTIAL: ETHUSDTM | Rec: MICRO_TRADE
2026-02-03 08:01:42,803 | SentinelBot | INFO |    Reason: Good setup (0.65) but low confidence (0.39). Regime: RANGE. Trend score: 0.10, bias: SHORT
2026-02-03 08:01:42,803 | SentinelBot | INFO |    Stats: Qual=0.65 | Conf=0.39 | Dir=SHORT
2026-02-03 08:01:42,803 | SentinelBot | INFO | 🚫 ENTRY_BLOCKED | BAD_RR | ETHUSDTM R:R = 1:2.00 < 1:2
2026-02-03 08:01:42,803 | SentinelBot | INFO | 🔍 Scanning SOLUSDTM...
2026-02-03 08:01:43,713 | SentinelBot | INFO | ✅ HTF CONFIRMED: H1 Trend aligns with SHORT
2026-02-03 08:01:43,713 | SentinelBot | INFO | 🚨 TRADE POTENTIAL: SOLUSDTM | Rec: MICRO_TRADE
2026-02-03 08:01:43,713 | SentinelBot | INFO |    Reason: Good setup (0.88) but low confidence (0.53). Regime: RANGE. Trend score: -0.10, bias: SHORT
2026-02-03 08:01:43,713 | SentinelBot | INFO |    Stats: Qual=0.88 | Conf=0.53 | Dir=SHORT
2026-02-03 08:01:43,714 | SentinelBot | INFO | ⏳ BIAS_DETECTED | SOLUSDTM SHORT | Waiting for Zone [104.126125 - 104.160131]
2026-02-03 08:01:43,715 | SentinelBot | INFO | 🔍 Scanning BNBUSDTM...
2026-02-03 08:01:44,656 | SentinelBot | INFO | ✅ HTF CONFIRMED: H1 Trend aligns with SHORT
2026-02-03 08:01:44,657 | SentinelBot | INFO | 🚨 TRADE POTENTIAL: BNBUSDTM | Rec: MICRO_TRADE
2026-02-03 08:01:44,657 | SentinelBot | INFO |    Reason: Good setup (0.81) but low confidence (0.49). Regime: RANGE. Trend score: -0.10, bias: SHORT
2026-02-03 08:01:44,657 | SentinelBot | INFO |    Stats: Qual=0.81 | Conf=0.49 | Dir=SHORT
2026-02-03 08:01:44,658 | SentinelBot | INFO | ⏳ BIAS_DETECTED | BNBUSDTM SHORT | Waiting for Zone [772.606817 - 772.674801]
2026-02-03 08:01:44,658 | SentinelBot | INFO | 🔍 Scanning XRPUSDTM...
2026-02-03 08:01:45,542 | SentinelBot | INFO | ✅ HTF CONFIRMED: H1 Trend aligns with SHORT
2026-02-03 08:01:45,543 | SentinelBot | INFO | 🚨 TRADE POTENTIAL: XRPUSDTM | Rec: MICRO_TRADE
2026-02-03 08:01:45,543 | SentinelBot | INFO |    Reason: Good setup (0.93) but low confidence (0.56). Regime: RANGE. Trend score: -0.20, bias: SHORT
2026-02-03 08:01:45,543 | SentinelBot | INFO |    Stats: Qual=0.93 | Conf=0.56 | Dir=SHORT
2026-02-03 08:01:45,543 | SentinelBot | INFO | 🚫 ENTRY_BLOCKED | BAD_RR | XRPUSDTM R:R = 1:2.00 < 1:2
2026-02-03 08:01:45,544 | SentinelBot | INFO | 🔍 Scanning ADAUSDTM...
2026-02-03 08:01:46,438 | SentinelBot | INFO | 🛑 HTF MISMATCH: ADAUSDTM Signal SHORT vs Bull Trend. Blocked (Conf 0.41 < 0.75)
2026-02-03 08:01:46,439 | SentinelBot | INFO | 🔍 Scanning DOGEUSDTM...
2026-02-03 08:01:47,361 | SentinelBot | INFO | 🛑 HTF MISMATCH: DOGEUSDTM Signal SHORT vs Bull Trend. Blocked (Conf 0.39 < 0.75)
2026-02-03 08:01:47,361 | SentinelBot | INFO | 🔍 Scanning AVAXUSDTM...
2026-02-03 08:01:48,287 | SentinelBot | INFO | ✅ HTF CONFIRMED: H1 Trend aligns with SHORT
2026-02-03 08:01:48,287 | SentinelBot | INFO | 🚨 TRADE POTENTIAL: AVAXUSDTM | Rec: MICRO_TRADE
2026-02-03 08:01:48,287 | SentinelBot | INFO |    Reason: Good setup (0.91) but low confidence (0.55). Regime: RANGE. Trend score: -0.15, bias: SHORT
2026-02-03 08:01:48,287 | SentinelBot | INFO |    Stats: Qual=0.91 | Conf=0.55 | Dir=SHORT
2026-02-03 08:01:48,287 | SentinelBot | INFO | ⏳ BIAS_DETECTED | AVAXUSDTM SHORT | Waiting for Zone [10.117909 - 10.123811]
2026-02-03 08:01:48,287 | SentinelBot | INFO | 🔍 Scanning LINKUSDTM...
2026-02-03 08:01:49,221 | SentinelBot | INFO | ✅ HTF CONFIRMED: H1 Trend aligns with SHORT
2026-02-03 08:01:49,222 | SentinelBot | INFO | 🚨 TRADE POTENTIAL: LINKUSDTM | Rec: MICRO_TRADE
2026-02-03 08:01:49,222 | SentinelBot | INFO |    Reason: Good setup (0.82) but low confidence (0.49). Regime: RANGE. Trend score: -0.05, bias: SHORT
2026-02-03 08:01:49,222 | SentinelBot | INFO |    Stats: Qual=0.82 | Conf=0.49 | Dir=SHORT
2026-02-03 08:01:49,223 | SentinelBot | INFO | ⏳ BIAS_DETECTED | LINKUSDTM SHORT | Waiting for Zone [9.796977 - 9.797206]
2026-02-03 08:01:49,223 | SentinelBot | INFO | 🔍 Scanning DOTUSDTM...
2026-02-03 08:01:50,199 | SentinelBot | INFO | ✅ HTF CONFIRMED: H1 Trend aligns with SHORT
2026-02-03 08:01:50,201 | SentinelBot | INFO | 🚨 TRADE POTENTIAL: DOTUSDTM | Rec: ALLOW_TRADE
2026-02-03 08:01:50,201 | SentinelBot | INFO |    Reason: Strong setup (1.00) with confidence (0.60). Regime: RANGE. Trend score: -0.15, bias: SHORT
2026-02-03 08:01:50,201 | SentinelBot | INFO |    Stats: Qual=1.00 | Conf=0.60 | Dir=SHORT
2026-02-03 08:01:50,201 | SentinelBot | INFO | 🚫 ENTRY_BLOCKED | BAD_RR | DOTUSDTM R:R = 1:0.00 < 1:2
2026-02-03 08:01:50,203 | SentinelBot | INFO | 🔍 Scanning TRXUSDTM...
2026-02-03 08:01:50,621 | SentinelBot | INFO | 🚫 ENTRY_BLOCKED | NO_TRADE_ZONE | TRXUSDTM price=0.2834 inside range [0.2832 - 0.2836]
2026-02-03 08:01:50,621 | SentinelBot | INFO | 🔍 Scanning LTCUSDTM...
2026-02-03 08:01:51,591 | SentinelBot | INFO | ✅ HTF CONFIRMED: H1 Trend aligns with SHORT
2026-02-03 08:01:51,591 | SentinelBot | INFO | 🚨 TRADE POTENTIAL: LTCUSDTM | Rec: MICRO_TRADE
2026-02-03 08:01:51,591 | SentinelBot | INFO |    Reason: Good setup (0.69) but low confidence (0.41). Regime: RANGE. Trend score: 0.05, bias: SHORT
2026-02-03 08:01:51,591 | SentinelBot | INFO |    Stats: Qual=0.69 | Conf=0.41 | Dir=SHORT
2026-02-03 08:01:51,591 | SentinelBot | INFO | 🚫 ENTRY_BLOCKED | BAD_RR | LTCUSDTM R:R = 1:2.00 < 1:2
2026-02-03 08:01:51,593 | SentinelBot | INFO | 🔍 Scanning MATICUSDTM...
2026-02-03 08:01:52,505 | SentinelBot | INFO | 🛑 HTF MISMATCH: MATICUSDTM Signal LONG vs Bear Trend. Blocked (Conf 0.39 < 0.80)
2026-02-03 08:01:52,505 | SentinelBot | INFO | 🔍 Scanning SHIBUSDTM...
2026-02-03 08:01:53,245 | SentinelBot | INFO |    📊 SHIBUSDTM: Rec=NO_TRADE (Qual=0.58)
2026-02-03 08:01:53,245 | SentinelBot | INFO | 🔍 Scanning UNIUSDTM...
2026-02-03 08:01:54,188 | SentinelBot | INFO | ✅ HTF CONFIRMED: H1 Trend aligns with SHORT
2026-02-03 08:01:54,188 | SentinelBot | INFO | 🚨 TRADE POTENTIAL: UNIUSDTM | Rec: MICRO_TRADE
2026-02-03 08:01:54,188 | SentinelBot | INFO |    Reason: Good setup (0.83) but low confidence (0.50). Regime: RANGE. Trend score: -0.05, bias: SHORT
2026-02-03 08:01:54,189 | SentinelBot | INFO |    Stats: Qual=0.83 | Conf=0.50 | Dir=SHORT
2026-02-03 08:01:54,189 | SentinelBot | INFO | 🚫 ENTRY_BLOCKED | BAD_RR | UNIUSDTM R:R = 1:2.00 < 1:2
2026-02-03 08:01:54,190 | SentinelBot | INFO | 🔍 Scanning ATOMUSDTM...
2026-02-03 08:01:54,924 | SentinelBot | INFO |    📊 ATOMUSDTM: Rec=NO_TRADE (Qual=0.48)
2026-02-03 08:01:54,926 | SentinelBot | INFO | 🔍 Scanning XLMUSDTM...
2026-02-03 08:01:55,828 | SentinelBot | INFO | ✅ HTF CONFIRMED: H1 Trend aligns with SHORT
2026-02-03 08:01:55,828 | SentinelBot | INFO | 🚨 TRADE POTENTIAL: XLMUSDTM | Rec: ALLOW_TRADE
2026-02-03 08:01:55,828 | SentinelBot | INFO |    Reason: Strong setup (0.94) with confidence (0.88). Regime: MOMENTUM. Trend score: -0.60, bias: SHORT
2026-02-03 08:01:55,829 | SentinelBot | INFO |    Stats: Qual=0.94 | Conf=0.88 | Dir=SHORT
2026-02-03 08:01:55,829 | SentinelBot | INFO | 🚫 ENTRY_BLOCKED | BAD_RR | XLMUSDTM R:R = 1:0.00 < 1:2
2026-02-03 08:01:55,829 | SentinelBot | INFO | 🔍 Scanning ETCUSDTM...
2026-02-03 08:01:56,816 | SentinelBot | INFO | ✅ HTF CONFIRMED: H1 Trend aligns with SHORT
2026-02-03 08:01:56,817 | SentinelBot | INFO | 🚨 TRADE POTENTIAL: ETCUSDTM | Rec: ALLOW_TRADE
2026-02-03 08:01:56,817 | SentinelBot | INFO |    Reason: Strong setup (0.99) with confidence (0.89). Regime: TREND_BEAR. Trend score: -0.35, bias: SHORT
2026-02-03 08:01:56,817 | SentinelBot | INFO |    Stats: Qual=0.98 | Conf=0.89 | Dir=SHORT
2026-02-03 08:01:56,818 | SentinelBot | INFO | 🚫 ENTRY_BLOCKED | BAD_RR | ETCUSDTM R:R = 1:2.00 < 1:2
2026-02-03 08:01:56,818 | SentinelBot | INFO | 🔍 Scanning FILUSDTM...
2026-02-03 08:01:57,733 | SentinelBot | INFO | ⚠️ HTF MISMATCH: FILUSDTM Short vs Bull Trend. ALLOWED due to High Confidence (0.87)
2026-02-03 08:01:57,734 | SentinelBot | INFO | ✅ HTF CONFIRMED: H1 Trend aligns with SHORT
2026-02-03 08:01:57,734 | SentinelBot | INFO | 🚨 TRADE POTENTIAL: FILUSDTM | Rec: ALLOW_TRADE
2026-02-03 08:01:57,735 | SentinelBot | INFO |    Reason: Strong setup (0.97) with confidence (0.87). Regime: TREND_BEAR. Trend score: -0.35, bias: SHORT
2026-02-03 08:01:57,735 | SentinelBot | INFO |    Stats: Qual=0.97 | Conf=0.87 | Dir=SHORT
2026-02-03 08:01:57,737 | SentinelBot | INFO | 🚫 ENTRY_BLOCKED | BAD_RR | FILUSDTM R:R = 1:2.00 < 1:2
2026-02-03 08:01:57,737 | SentinelBot | INFO | 🔍 Scanning APTUSDTM...
2026-02-03 08:01:58,638 | SentinelBot | INFO | ✅ HTF CONFIRMED: H1 Trend aligns with SHORT
2026-02-03 08:01:58,638 | SentinelBot | INFO | 🚨 TRADE POTENTIAL: APTUSDTM | Rec: ALLOW_TRADE
2026-02-03 08:01:58,639 | SentinelBot | INFO |    Reason: Strong setup (1.00) with confidence (0.90). Regime: TREND_BEAR. Trend score: -0.40, bias: SHORT
2026-02-03 08:01:58,639 | SentinelBot | INFO |    Stats: Qual=1.00 | Conf=0.90 | Dir=SHORT
2026-02-03 08:01:58,639 | SentinelBot | INFO | ⏳ BIAS_DETECTED | APTUSDTM SHORT | Waiting for Zone [1.273126 - 1.274210]
2026-02-03 08:01:58,640 | SentinelBot | INFO | 🔍 Scanning ARBUSDTM...
2026-02-03 08:01:59,585 | SentinelBot | INFO | ✅ HTF CONFIRMED: H1 Trend aligns with SHORT
2026-02-03 08:01:59,585 | SentinelBot | INFO | 🚨 TRADE POTENTIAL: ARBUSDTM | Rec: MICRO_TRADE
2026-02-03 08:01:59,585 | SentinelBot | INFO |    Reason: Good setup (0.88) but low confidence (0.53). Regime: RANGE. Trend score: -0.20, bias: SHORT
2026-02-03 08:01:59,585 | SentinelBot | INFO |    Stats: Qual=0.88 | Conf=0.53 | Dir=SHORT
2026-02-03 08:01:59,588 | SentinelBot | INFO | 🚫 ENTRY_BLOCKED | BAD_RR | ARBUSDTM R:R = 1:2.00 < 1:2
2026-02-03 08:01:59,588 | SentinelBot | INFO | 🔍 Scanning OPUSDTM...
2026-02-03 08:02:00,497 | SentinelBot | INFO | ✅ HTF CONFIRMED: H1 Trend aligns with SHORT
2026-02-03 08:02:00,500 | SentinelBot | INFO | 🚨 TRADE POTENTIAL: OPUSDTM | Rec: MICRO_TRADE
2026-02-03 08:02:00,500 | SentinelBot | INFO |    Reason: Good setup (0.78) but low confidence (0.47). Regime: RANGE. Trend score: -0.15, bias: SHORT
2026-02-03 08:02:00,500 | SentinelBot | INFO |    Stats: Qual=0.78 | Conf=0.47 | Dir=SHORT
2026-02-03 08:02:00,501 | SentinelBot | INFO | 🚫 ENTRY_BLOCKED | BAD_RR | OPUSDTM R:R = 1:2.00 < 1:2
2026-02-03 08:02:00,501 | SentinelBot | INFO | 🔍 Scanning SUIUSDTM...
2026-02-03 08:02:01,453 | SentinelBot | INFO | ✅ HTF CONFIRMED: H1 Trend aligns with SHORT
2026-02-03 08:02:01,453 | SentinelBot | INFO | 🚨 TRADE POTENTIAL: SUIUSDTM | Rec: ALLOW_TRADE
2026-02-03 08:02:01,453 | SentinelBot | INFO |    Reason: Strong setup (0.89) with confidence (0.80). Regime: TREND_BEAR. Trend score: -0.30, bias: SHORT
2026-02-03 08:02:01,453 | SentinelBot | INFO |    Stats: Qual=0.89 | Conf=0.80 | Dir=SHORT
2026-02-03 08:02:01,454 | SentinelBot | INFO | 🚫 ENTRY_BLOCKED | BAD_RR | SUIUSDTM R:R = 1:2.00 < 1:2
2026-02-03 08:02:01,454 | SentinelBot | INFO | 🔍 Scanning PEPEUSDTM...
2026-02-03 08:02:02,410 | SentinelBot | INFO | ✅ HTF CONFIRMED: H1 Trend aligns with SHORT
2026-02-03 08:02:02,411 | SentinelBot | INFO | 🚨 TRADE POTENTIAL: PEPEUSDTM | Rec: MICRO_TRADE
2026-02-03 08:02:02,411 | SentinelBot | INFO |    Reason: Good setup (0.86) but low confidence (0.51). Regime: RANGE. Trend score: -0.10, bias: SHORT
2026-02-03 08:02:02,411 | SentinelBot | INFO |    Stats: Qual=0.86 | Conf=0.51 | Dir=SHORT
2026-02-03 08:02:02,412 | SentinelBot | INFO | 🚫 ENTRY_BLOCKED | BAD_RR | PEPEUSDTM R:R = 1:0.00 < 1:2
2026-02-03 08:02:02,412 | SentinelBot | INFO | 🔍 Scanning NEARUSDTM...
2026-02-03 08:02:03,327 | SentinelBot | INFO | ✅ HTF CONFIRMED: H1 Trend aligns with SHORT
2026-02-03 08:02:03,327 | SentinelBot | INFO | 🚨 TRADE POTENTIAL: NEARUSDTM | Rec: MICRO_TRADE
2026-02-03 08:02:03,327 | SentinelBot | INFO |    Reason: Good setup (0.84) but low confidence (0.51). Regime: RANGE. Trend score: -0.05, bias: SHORT
2026-02-03 08:02:03,327 | SentinelBot | INFO |    Stats: Qual=0.84 | Conf=0.51 | Dir=SHORT
2026-02-03 08:02:03,327 | SentinelBot | INFO | 🚫 ENTRY_BLOCKED | BAD_RR | NEARUSDTM R:R = 1:0.00 < 1:2
2026-02-03 08:02:03,327 | SentinelBot | INFO | 🔍 Scanning RNDRUSDTM...
2026-02-03 08:02:04,238 | SentinelBot | INFO | ✅ HTF CONFIRMED: H1 Trend aligns with SHORT
2026-02-03 08:02:04,238 | SentinelBot | INFO | 🚨 TRADE POTENTIAL: RNDRUSDTM | Rec: MICRO_TRADE
2026-02-03 08:02:04,238 | SentinelBot | INFO |    Reason: Good setup (0.87) but low confidence (0.52). Regime: RANGE. Trend score: -0.10, bias: SHORT
2026-02-03 08:02:04,238 | SentinelBot | INFO |    Stats: Qual=0.87 | Conf=0.52 | Dir=SHORT
2026-02-03 08:02:04,238 | SentinelBot | INFO | 🚫 ENTRY_BLOCKED | BAD_RR | RNDRUSDTM R:R = 1:0.00 < 1:2
2026-02-03 08:02:04,238 | SentinelBot | INFO | 🔍 Scanning INJUSDTM...
2026-02-03 08:02:05,237 | SentinelBot | INFO | ✅ HTF CONFIRMED: H1 Trend aligns with SHORT
2026-02-03 08:02:05,238 | SentinelBot | INFO | 🚨 TRADE POTENTIAL: INJUSDTM | Rec: MICRO_TRADE
2026-02-03 08:02:05,238 | SentinelBot | INFO |    Reason: Good setup (0.85) but low confidence (0.51). Regime: RANGE. Trend score: -0.20, bias: SHORT
2026-02-03 08:02:05,238 | SentinelBot | INFO |    Stats: Qual=0.85 | Conf=0.51 | Dir=SHORT
2026-02-03 08:02:05,239 | SentinelBot | INFO | 🚫 ENTRY_BLOCKED | BAD_RR | INJUSDTM R:R = 1:0.00 < 1:2
2026-02-03 08:02:05,239 | SentinelBot | INFO | 🔍 Scanning TIAUSDTM...
2026-02-03 08:02:06,297 | SentinelBot | INFO | 🛑 HTF MISMATCH: TIAUSDTM Signal SHORT vs Bull Trend. Blocked (Conf 0.65 < 0.75)
2026-02-03 08:02:06,298 | SentinelBot | INFO | 🔍 Scanning IMXUSDTM...
2026-02-03 08:02:07,191 | SentinelBot | INFO | ✅ HTF CONFIRMED: H1 Trend aligns with SHORT
2026-02-03 08:02:07,191 | SentinelBot | INFO | 🚨 TRADE POTENTIAL: IMXUSDTM | Rec: ALLOW_TRADE
2026-02-03 08:02:07,191 | SentinelBot | INFO |    Reason: Strong setup (1.00) with confidence (0.94). Regime: MOMENTUM. Trend score: -0.55, bias: SHORT
2026-02-03 08:02:07,192 | SentinelBot | INFO |    Stats: Qual=1.00 | Conf=0.94 | Dir=SHORT
2026-02-03 08:02:07,192 | SentinelBot | INFO | 🚫 ENTRY_BLOCKED | BAD_RR | IMXUSDTM R:R = 1:0.00 < 1:2
2026-02-03 08:02:07,192 | SentinelBot | INFO | 🔍 Scanning LDOUSDTM...
2026-02-03 08:02:08,103 | SentinelBot | INFO | ✅ HTF CONFIRMED: H1 Trend aligns with SHORT
2026-02-03 08:02:08,103 | SentinelBot | INFO | 🚨 TRADE POTENTIAL: LDOUSDTM | Rec: MICRO_TRADE
2026-02-03 08:02:08,103 | SentinelBot | INFO |    Reason: Good setup (0.86) but low confidence (0.52). Regime: RANGE. Trend score: -0.30, bias: SHORT
2026-02-03 08:02:08,104 | SentinelBot | INFO |    Stats: Qual=0.86 | Conf=0.52 | Dir=SHORT
2026-02-03 08:02:08,104 | SentinelBot | INFO | 🚫 ENTRY_BLOCKED | BAD_RR | LDOUSDTM R:R = 1:0.00 < 1:2
2026-02-03 08:02:18,909 | SentinelBot | INFO | 💓 Loop alive | Cycle 30 | Watching 30 symbols
2026-02-03 08:02:33,491 | SentinelBot | INFO | 💓 Loop alive | Cycle 40 | Watching 30 symbols
2026-02-03 08:02:42,756 | SentinelBot | INFO | 🔍 Scanning XBTUSDTM...
2026-02-03 08:02:43,189 | SentinelBot | INFO | 🚫 ENTRY_BLOCKED | NO_TRADE_ZONE | XBTUSDTM price=78686.1000 inside range [78585.8150 - 78867.4850]
2026-02-03 08:02:43,189 | SentinelBot | INFO | 🔍 Scanning ETHUSDTM...
2026-02-03 08:02:44,142 | SentinelBot | INFO | ✅ HTF CONFIRMED: H1 Trend aligns with SHORT
2026-02-03 08:02:44,143 | SentinelBot | INFO | 🚨 TRADE POTENTIAL: ETHUSDTM | Rec: MICRO_TRADE
2026-02-03 08:02:44,143 | SentinelBot | INFO |    Reason: Good setup (0.65) but low confidence (0.39). Regime: RANGE. Trend score: 0.10, bias: SHORT
2026-02-03 08:02:44,143 | SentinelBot | INFO |    Stats: Qual=0.65 | Conf=0.39 | Dir=SHORT
2026-02-03 08:02:44,143 | SentinelBot | INFO | 🚫 ENTRY_BLOCKED | BAD_RR | ETHUSDTM R:R = 1:2.00 < 1:2
2026-02-03 08:02:44,144 | SentinelBot | INFO | 🔍 Scanning SOLUSDTM...
2026-02-03 08:02:45,097 | SentinelBot | INFO | ✅ HTF CONFIRMED: H1 Trend aligns with SHORT
2026-02-03 08:02:45,097 | SentinelBot | INFO | 🚨 TRADE POTENTIAL: SOLUSDTM | Rec: MICRO_TRADE
2026-02-03 08:02:45,098 | SentinelBot | INFO |    Reason: Good setup (0.88) but low confidence (0.53). Regime: RANGE. Trend score: -0.10, bias: SHORT
2026-02-03 08:02:45,098 | SentinelBot | INFO |    Stats: Qual=0.88 | Conf=0.53 | Dir=SHORT
2026-02-03 08:02:45,099 | SentinelBot | INFO | ⏳ BIAS_DETECTED | SOLUSDTM SHORT | Waiting for Zone [104.126125 - 104.160131]
2026-02-03 08:02:45,099 | SentinelBot | INFO | 🔍 Scanning BNBUSDTM...
2026-02-03 08:02:45,999 | SentinelBot | INFO | ✅ HTF CONFIRMED: H1 Trend aligns with SHORT
2026-02-03 08:02:46,000 | SentinelBot | INFO | 🚨 TRADE POTENTIAL: BNBUSDTM | Rec: MICRO_TRADE
2026-02-03 08:02:46,000 | SentinelBot | INFO |    Reason: Good setup (0.81) but low confidence (0.49). Regime: RANGE. Trend score: -0.10, bias: SHORT
2026-02-03 08:02:46,000 | SentinelBot | INFO |    Stats: Qual=0.81 | Conf=0.49 | Dir=SHORT
2026-02-03 08:02:46,002 | SentinelBot | INFO | ⏳ BIAS_DETECTED | BNBUSDTM SHORT | Waiting for Zone [772.606817 - 772.674801]
2026-02-03 08:02:46,002 | SentinelBot | INFO | 🔍 Scanning XRPUSDTM...
2026-02-03 08:02:46,930 | SentinelBot | INFO | ✅ HTF CONFIRMED: H1 Trend aligns with SHORT
2026-02-03 08:02:46,930 | SentinelBot | INFO | 🚨 TRADE POTENTIAL: XRPUSDTM | Rec: MICRO_TRADE
2026-02-03 08:02:46,931 | SentinelBot | INFO |    Reason: Good setup (0.93) but low confidence (0.56). Regime: RANGE. Trend score: -0.20, bias: SHORT
2026-02-03 08:02:46,931 | SentinelBot | INFO |    Stats: Qual=0.93 | Conf=0.56 | Dir=SHORT
2026-02-03 08:02:46,931 | SentinelBot | INFO | 🚫 ENTRY_BLOCKED | BAD_RR | XRPUSDTM R:R = 1:2.00 < 1:2
2026-02-03 08:02:46,931 | SentinelBot | INFO | 🔍 Scanning ADAUSDTM...
2026-02-03 08:02:47,948 | SentinelBot | INFO | 🛑 HTF MISMATCH: ADAUSDTM Signal SHORT vs Bull Trend. Blocked (Conf 0.41 < 0.75)
2026-02-03 08:02:47,948 | SentinelBot | INFO | 🔍 Scanning DOGEUSDTM...
2026-02-03 08:02:48,905 | SentinelBot | INFO | 🛑 HTF MISMATCH: DOGEUSDTM Signal SHORT vs Bull Trend. Blocked (Conf 0.39 < 0.75)
2026-02-03 08:02:48,906 | SentinelBot | INFO | 🔍 Scanning AVAXUSDTM...
2026-02-03 08:02:49,782 | SentinelBot | INFO | ✅ HTF CONFIRMED: H1 Trend aligns with SHORT
2026-02-03 08:02:49,782 | SentinelBot | INFO | 🚨 TRADE POTENTIAL: AVAXUSDTM | Rec: MICRO_TRADE
2026-02-03 08:02:49,783 | SentinelBot | INFO |    Reason: Good setup (0.91) but low confidence (0.55). Regime: RANGE. Trend score: -0.15, bias: SHORT
2026-02-03 08:02:49,783 | SentinelBot | INFO |    Stats: Qual=0.91 | Conf=0.55 | Dir=SHORT
2026-02-03 08:02:49,784 | SentinelBot | INFO | ⏳ BIAS_DETECTED | AVAXUSDTM SHORT | Waiting for Zone [10.117909 - 10.123811]
2026-02-03 08:02:49,784 | SentinelBot | INFO | 🔍 Scanning LINKUSDTM...
2026-02-03 08:02:50,761 | SentinelBot | INFO | ✅ HTF CONFIRMED: H1 Trend aligns with SHORT
2026-02-03 08:02:50,761 | SentinelBot | INFO | 🚨 TRADE POTENTIAL: LINKUSDTM | Rec: MICRO_TRADE
2026-02-03 08:02:50,761 | SentinelBot | INFO |    Reason: Good setup (0.82) but low confidence (0.49). Regime: RANGE. Trend score: -0.05, bias: SHORT
2026-02-03 08:02:50,762 | SentinelBot | INFO |    Stats: Qual=0.82 | Conf=0.49 | Dir=SHORT
2026-02-03 08:02:50,763 | SentinelBot | INFO | ⏳ BIAS_DETECTED | LINKUSDTM SHORT | Waiting for Zone [9.796977 - 9.797206]
2026-02-03 08:02:50,763 | SentinelBot | INFO | 🔍 Scanning DOTUSDTM...
2026-02-03 08:02:51,699 | SentinelBot | INFO | ✅ HTF CONFIRMED: H1 Trend aligns with SHORT
2026-02-03 08:02:51,699 | SentinelBot | INFO | 🚨 TRADE POTENTIAL: DOTUSDTM | Rec: ALLOW_TRADE
2026-02-03 08:02:51,700 | SentinelBot | INFO |    Reason: Strong setup (1.00) with confidence (0.60). Regime: RANGE. Trend score: -0.15, bias: SHORT
2026-02-03 08:02:51,700 | SentinelBot | INFO |    Stats: Qual=1.00 | Conf=0.60 | Dir=SHORT
2026-02-03 08:02:51,700 | SentinelBot | INFO | 🚫 ENTRY_BLOCKED | BAD_RR | DOTUSDTM R:R = 1:0.00 < 1:2
2026-02-03 08:02:51,700 | SentinelBot | INFO | 🔍 Scanning TRXUSDTM...
2026-02-03 08:02:52,113 | SentinelBot | INFO | 🚫 ENTRY_BLOCKED | NO_TRADE_ZONE | TRXUSDTM price=0.2834 inside range [0.2832 - 0.2836]
2026-02-03 08:02:52,113 | SentinelBot | INFO | 🔍 Scanning LTCUSDTM...
2026-02-03 08:02:53,227 | SentinelBot | INFO | ✅ HTF CONFIRMED: H1 Trend aligns with SHORT
2026-02-03 08:02:53,229 | SentinelBot | INFO | 🚨 TRADE POTENTIAL: LTCUSDTM | Rec: MICRO_TRADE
2026-02-03 08:02:53,229 | SentinelBot | INFO |    Reason: Good setup (0.69) but low confidence (0.41). Regime: RANGE. Trend score: 0.05, bias: SHORT
2026-02-03 08:02:53,229 | SentinelBot | INFO |    Stats: Qual=0.69 | Conf=0.41 | Dir=SHORT
2026-02-03 08:02:53,229 | SentinelBot | INFO | 🚫 ENTRY_BLOCKED | BAD_RR | LTCUSDTM R:R = 1:2.00 < 1:2
2026-02-03 08:02:53,229 | SentinelBot | INFO | 🔍 Scanning MATICUSDTM...
2026-02-03 08:02:54,154 | SentinelBot | INFO | 🛑 HTF MISMATCH: MATICUSDTM Signal LONG vs Bear Trend. Blocked (Conf 0.39 < 0.80)
2026-02-03 08:02:54,154 | SentinelBot | INFO | 🔍 Scanning SHIBUSDTM...
2026-02-03 08:02:54,896 | SentinelBot | INFO |    📊 SHIBUSDTM: Rec=NO_TRADE (Qual=0.58)
2026-02-03 08:02:54,896 | SentinelBot | INFO | 🔍 Scanning UNIUSDTM...
2026-02-03 08:02:55,826 | SentinelBot | INFO | ✅ HTF CONFIRMED: H1 Trend aligns with SHORT
2026-02-03 08:02:55,827 | SentinelBot | INFO | 🚨 TRADE POTENTIAL: UNIUSDTM | Rec: MICRO_TRADE
2026-02-03 08:02:55,827 | SentinelBot | INFO |    Reason: Good setup (0.83) but low confidence (0.50). Regime: RANGE. Trend score: -0.05, bias: SHORT
2026-02-03 08:02:55,827 | SentinelBot | INFO |    Stats: Qual=0.83 | Conf=0.50 | Dir=SHORT
2026-02-03 08:02:55,827 | SentinelBot | INFO | 🚫 ENTRY_BLOCKED | BAD_RR | UNIUSDTM R:R = 1:2.00 < 1:2
2026-02-03 08:02:55,828 | SentinelBot | INFO | 🔍 Scanning ATOMUSDTM...
2026-02-03 08:02:56,540 | SentinelBot | INFO |    📊 ATOMUSDTM: Rec=NO_TRADE (Qual=0.48)
2026-02-03 08:02:56,540 | SentinelBot | INFO | 🔍 Scanning XLMUSDTM...
2026-02-03 08:02:57,451 | SentinelBot | INFO | ✅ HTF CONFIRMED: H1 Trend aligns with SHORT
2026-02-03 08:02:57,451 | SentinelBot | INFO | 🚨 TRADE POTENTIAL: XLMUSDTM | Rec: ALLOW_TRADE
2026-02-03 08:02:57,451 | SentinelBot | INFO |    Reason: Strong setup (0.94) with confidence (0.88). Regime: MOMENTUM. Trend score: -0.60, bias: SHORT
2026-02-03 08:02:57,451 | SentinelBot | INFO |    Stats: Qual=0.94 | Conf=0.88 | Dir=SHORT
2026-02-03 08:02:57,453 | SentinelBot | INFO | 🚫 ENTRY_BLOCKED | BAD_RR | XLMUSDTM R:R = 1:0.00 < 1:2
2026-02-03 08:02:57,453 | SentinelBot | INFO | 🔍 Scanning ETCUSDTM...
2026-02-03 08:02:58,368 | SentinelBot | INFO | ✅ HTF CONFIRMED: H1 Trend aligns with SHORT
2026-02-03 08:02:58,368 | SentinelBot | INFO | 🚨 TRADE POTENTIAL: ETCUSDTM | Rec: ALLOW_TRADE
2026-02-03 08:02:58,369 | SentinelBot | INFO |    Reason: Strong setup (0.99) with confidence (0.89). Regime: TREND_BEAR. Trend score: -0.35, bias: SHORT
2026-02-03 08:02:58,369 | SentinelBot | INFO |    Stats: Qual=0.98 | Conf=0.89 | Dir=SHORT
2026-02-03 08:02:58,369 | SentinelBot | INFO | 🚫 ENTRY_BLOCKED | BAD_RR | ETCUSDTM R:R = 1:2.00 < 1:2
2026-02-03 08:02:58,370 | SentinelBot | INFO | 🔍 Scanning FILUSDTM...
2026-02-03 08:02:59,231 | SentinelBot | INFO | ⚠️ HTF MISMATCH: FILUSDTM Short vs Bull Trend. ALLOWED due to High Confidence (0.87)
2026-02-03 08:02:59,232 | SentinelBot | INFO | ✅ HTF CONFIRMED: H1 Trend aligns with SHORT
2026-02-03 08:02:59,232 | SentinelBot | INFO | 🚨 TRADE POTENTIAL: FILUSDTM | Rec: ALLOW_TRADE
2026-02-03 08:02:59,232 | SentinelBot | INFO |    Reason: Strong setup (0.97) with confidence (0.87). Regime: TREND_BEAR. Trend score: -0.35, bias: SHORT
2026-02-03 08:02:59,232 | SentinelBot | INFO |    Stats: Qual=0.97 | Conf=0.87 | Dir=SHORT
2026-02-03 08:02:59,233 | SentinelBot | INFO | 🚫 ENTRY_BLOCKED | BAD_RR | FILUSDTM R:R = 1:2.00 < 1:2
2026-02-03 08:02:59,233 | SentinelBot | INFO | 🔍 Scanning APTUSDTM...
2026-02-03 08:03:00,178 | SentinelBot | INFO | ✅ HTF CONFIRMED: H1 Trend aligns with SHORT
2026-02-03 08:03:00,179 | SentinelBot | INFO | 🚨 TRADE POTENTIAL: APTUSDTM | Rec: ALLOW_TRADE
2026-02-03 08:03:00,179 | SentinelBot | INFO |    Reason: Strong setup (1.00) with confidence (0.90). Regime: TREND_BEAR. Trend score: -0.40, bias: SHORT
2026-02-03 08:03:00,179 | SentinelBot | INFO |    Stats: Qual=1.00 | Conf=0.90 | Dir=SHORT
2026-02-03 08:03:00,180 | SentinelBot | INFO | ⏳ BIAS_DETECTED | APTUSDTM SHORT | Waiting for Zone [1.273126 - 1.274210]
2026-02-03 08:03:00,180 | SentinelBot | INFO | 🔍 Scanning ARBUSDTM...
2026-02-03 08:03:01,130 | SentinelBot | INFO | ✅ HTF CONFIRMED: H1 Trend aligns with SHORT
2026-02-03 08:03:01,131 | SentinelBot | INFO | 🚨 TRADE POTENTIAL: ARBUSDTM | Rec: MICRO_TRADE
2026-02-03 08:03:01,131 | SentinelBot | INFO |    Reason: Good setup (0.88) but low confidence (0.53). Regime: RANGE. Trend score: -0.20, bias: SHORT
2026-02-03 08:03:01,131 | SentinelBot | INFO |    Stats: Qual=0.88 | Conf=0.53 | Dir=SHORT
2026-02-03 08:03:01,131 | SentinelBot | INFO | 🚫 ENTRY_BLOCKED | BAD_RR | ARBUSDTM R:R = 1:2.00 < 1:2
2026-02-03 08:03:01,131 | SentinelBot | INFO | 🔍 Scanning OPUSDTM...
2026-02-03 08:03:02,049 | SentinelBot | INFO | ✅ HTF CONFIRMED: H1 Trend aligns with SHORT
2026-02-03 08:03:02,049 | SentinelBot | INFO | 🚨 TRADE POTENTIAL: OPUSDTM | Rec: MICRO_TRADE
2026-02-03 08:03:02,049 | SentinelBot | INFO |    Reason: Good setup (0.78) but low confidence (0.47). Regime: RANGE. Trend score: -0.15, bias: SHORT
2026-02-03 08:03:02,049 | SentinelBot | INFO |    Stats: Qual=0.78 | Conf=0.47 | Dir=SHORT
2026-02-03 08:03:02,051 | SentinelBot | INFO | 🚫 ENTRY_BLOCKED | BAD_RR | OPUSDTM R:R = 1:2.00 < 1:2
2026-02-03 08:03:02,051 | SentinelBot | INFO | 🔍 Scanning SUIUSDTM...
2026-02-03 08:03:02,970 | SentinelBot | INFO | ✅ HTF CONFIRMED: H1 Trend aligns with SHORT
2026-02-03 08:03:02,971 | SentinelBot | INFO | 🚨 TRADE POTENTIAL: SUIUSDTM | Rec: ALLOW_TRADE
2026-02-03 08:03:02,971 | SentinelBot | INFO |    Reason: Strong setup (0.89) with confidence (0.80). Regime: TREND_BEAR. Trend score: -0.30, bias: SHORT
2026-02-03 08:03:02,971 | SentinelBot | INFO |    Stats: Qual=0.89 | Conf=0.80 | Dir=SHORT
2026-02-03 08:03:02,972 | SentinelBot | INFO | 🚫 ENTRY_BLOCKED | BAD_RR | SUIUSDTM R:R = 1:2.00 < 1:2
2026-02-03 08:03:02,972 | SentinelBot | INFO | 🔍 Scanning PEPEUSDTM...
2026-02-03 08:03:03,887 | SentinelBot | INFO | ✅ HTF CONFIRMED: H1 Trend aligns with SHORT
2026-02-03 08:03:03,887 | SentinelBot | INFO | 🚨 TRADE POTENTIAL: PEPEUSDTM | Rec: MICRO_TRADE
2026-02-03 08:03:03,888 | SentinelBot | INFO |    Reason: Good setup (0.86) but low confidence (0.51). Regime: RANGE. Trend score: -0.10, bias: SHORT
2026-02-03 08:03:03,888 | SentinelBot | INFO |    Stats: Qual=0.86 | Conf=0.51 | Dir=SHORT
2026-02-03 08:03:03,888 | SentinelBot | INFO | 🚫 ENTRY_BLOCKED | BAD_RR | PEPEUSDTM R:R = 1:0.00 < 1:2
2026-02-03 08:03:03,889 | SentinelBot | INFO | 🔍 Scanning NEARUSDTM...
2026-02-03 08:03:04,871 | SentinelBot | INFO | ✅ HTF CONFIRMED: H1 Trend aligns with SHORT
2026-02-03 08:03:04,872 | SentinelBot | INFO | 🚨 TRADE POTENTIAL: NEARUSDTM | Rec: MICRO_TRADE
2026-02-03 08:03:04,872 | SentinelBot | INFO |    Reason: Good setup (0.84) but low confidence (0.51). Regime: RANGE. Trend score: -0.05, bias: SHORT
2026-02-03 08:03:04,872 | SentinelBot | INFO |    Stats: Qual=0.84 | Conf=0.51 | Dir=SHORT
2026-02-03 08:03:04,873 | SentinelBot | INFO | 🚫 ENTRY_BLOCKED | BAD_RR | NEARUSDTM R:R = 1:0.00 < 1:2
2026-02-03 08:03:04,873 | SentinelBot | INFO | 🔍 Scanning RNDRUSDTM...
2026-02-03 08:03:05,787 | SentinelBot | INFO | ✅ HTF CONFIRMED: H1 Trend aligns with SHORT
2026-02-03 08:03:05,787 | SentinelBot | INFO | 🚨 TRADE POTENTIAL: RNDRUSDTM | Rec: MICRO_TRADE
2026-02-03 08:03:05,787 | SentinelBot | INFO |    Reason: Good setup (0.87) but low confidence (0.52). Regime: RANGE. Trend score: -0.10, bias: SHORT
2026-02-03 08:03:05,787 | SentinelBot | INFO |    Stats: Qual=0.87 | Conf=0.52 | Dir=SHORT
2026-02-03 08:03:05,787 | SentinelBot | INFO | 🚫 ENTRY_BLOCKED | BAD_RR | RNDRUSDTM R:R = 1:0.00 < 1:2
2026-02-03 08:03:05,787 | SentinelBot | INFO | 🔍 Scanning INJUSDTM...
2026-02-03 08:03:06,770 | SentinelBot | INFO | ✅ HTF CONFIRMED: H1 Trend aligns with SHORT
2026-02-03 08:03:06,770 | SentinelBot | INFO | 🚨 TRADE POTENTIAL: INJUSDTM | Rec: MICRO_TRADE
2026-02-03 08:03:06,771 | SentinelBot | INFO |    Reason: Good setup (0.85) but low confidence (0.51). Regime: RANGE. Trend score: -0.20, bias: SHORT
2026-02-03 08:03:06,771 | SentinelBot | INFO |    Stats: Qual=0.85 | Conf=0.51 | Dir=SHORT
2026-02-03 08:03:06,771 | SentinelBot | INFO | 🚫 ENTRY_BLOCKED | BAD_RR | INJUSDTM R:R = 1:0.00 < 1:2
2026-02-03 08:03:06,771 | SentinelBot | INFO | 🔍 Scanning TIAUSDTM...
2026-02-03 08:03:07,698 | SentinelBot | INFO | 🛑 HTF MISMATCH: TIAUSDTM Signal SHORT vs Bull Trend. Blocked (Conf 0.65 < 0.75)
2026-02-03 08:03:07,699 | SentinelBot | INFO | 🔍 Scanning IMXUSDTM...
2026-02-03 08:03:08,592 | SentinelBot | INFO | ✅ HTF CONFIRMED: H1 Trend aligns with SHORT
2026-02-03 08:03:08,593 | SentinelBot | INFO | 🚨 TRADE POTENTIAL: IMXUSDTM | Rec: ALLOW_TRADE
2026-02-03 08:03:08,593 | SentinelBot | INFO |    Reason: Strong setup (1.00) with confidence (0.94). Regime: MOMENTUM. Trend score: -0.55, bias: SHORT
2026-02-03 08:03:08,593 | SentinelBot | INFO |    Stats: Qual=1.00 | Conf=0.94 | Dir=SHORT
2026-02-03 08:03:08,594 | SentinelBot | INFO | 🚫 ENTRY_BLOCKED | BAD_RR | IMXUSDTM R:R = 1:0.00 < 1:2
2026-02-03 08:03:08,594 | SentinelBot | INFO | 🔍 Scanning LDOUSDTM...
2026-02-03 08:03:09,531 | SentinelBot | INFO | ✅ HTF CONFIRMED: H1 Trend aligns with SHORT
2026-02-03 08:03:09,531 | SentinelBot | INFO | 🚨 TRADE POTENTIAL: LDOUSDTM | Rec: MICRO_TRADE
2026-02-03 08:03:09,531 | SentinelBot | INFO |    Reason: Good setup (0.86) but low confidence (0.52). Regime: RANGE. Trend score: -0.30, bias: SHORT
2026-02-03 08:03:09,531 | SentinelBot | INFO |    Stats: Qual=0.86 | Conf=0.52 | Dir=SHORT
2026-02-03 08:03:09,531 | SentinelBot | INFO | 🚫 ENTRY_BLOCKED | BAD_RR | LDOUSDTM R:R = 1:0.00 < 1:2
2026-02-03 08:03:15,827 | SentinelBot | INFO | 💓 Loop alive | Cycle 50 | Watching 30 symbols
2026-02-03 08:03:30,463 | SentinelBot | INFO | 💓 Loop alive | Cycle 60 | Watching 30 symbols
2026-02-03 08:03:42,788 | SentinelBot | INFO | 🔍 Scanning XBTUSDTM...
2026-02-03 08:03:43,186 | SentinelBot | INFO | 🚫 ENTRY_BLOCKED | NO_TRADE_ZONE | XBTUSDTM price=78686.1000 inside range [78585.8150 - 78867.4850]
2026-02-03 08:03:43,187 | SentinelBot | INFO | 🔍 Scanning ETHUSDTM...
2026-02-03 08:03:44,118 | SentinelBot | INFO | ✅ HTF CONFIRMED: H1 Trend aligns with SHORT
2026-02-03 08:03:44,118 | SentinelBot | INFO | 🚨 TRADE POTENTIAL: ETHUSDTM | Rec: MICRO_TRADE
2026-02-03 08:03:44,119 | SentinelBot | INFO |    Reason: Good setup (0.65) but low confidence (0.39). Regime: RANGE. Trend score: 0.10, bias: SHORT
2026-02-03 08:03:44,119 | SentinelBot | INFO |    Stats: Qual=0.65 | Conf=0.39 | Dir=SHORT
2026-02-03 08:03:44,119 | SentinelBot | INFO | 🚫 ENTRY_BLOCKED | BAD_RR | ETHUSDTM R:R = 1:2.00 < 1:2
2026-02-03 08:03:44,119 | SentinelBot | INFO | 🔍 Scanning SOLUSDTM...
2026-02-03 08:03:45,015 | SentinelBot | INFO | ✅ HTF CONFIRMED: H1 Trend aligns with SHORT
2026-02-03 08:03:45,016 | SentinelBot | INFO | 🚨 TRADE POTENTIAL: SOLUSDTM | Rec: MICRO_TRADE
2026-02-03 08:03:45,016 | SentinelBot | INFO |    Reason: Good setup (0.88) but low confidence (0.53). Regime: RANGE. Trend score: -0.10, bias: SHORT
2026-02-03 08:03:45,017 | SentinelBot | INFO |    Stats: Qual=0.88 | Conf=0.53 | Dir=SHORT
2026-02-03 08:03:45,017 | SentinelBot | INFO | ⏳ BIAS_DETECTED | SOLUSDTM SHORT | Waiting for Zone [104.126125 - 104.160131]
2026-02-03 08:03:45,017 | SentinelBot | INFO | 🔍 Scanning BNBUSDTM...
2026-02-03 08:03:45,948 | SentinelBot | INFO | ✅ HTF CONFIRMED: H1 Trend aligns with SHORT
2026-02-03 08:03:45,948 | SentinelBot | INFO | 🚨 TRADE POTENTIAL: BNBUSDTM | Rec: MICRO_TRADE
2026-02-03 08:03:45,948 | SentinelBot | INFO |    Reason: Good setup (0.81) but low confidence (0.49). Regime: RANGE. Trend score: -0.10, bias: SHORT
2026-02-03 08:03:45,953 | SentinelBot | INFO |    Stats: Qual=0.81 | Conf=0.49 | Dir=SHORT
2026-02-03 08:03:45,953 | SentinelBot | INFO | ⏳ BIAS_DETECTED | BNBUSDTM SHORT | Waiting for Zone [772.606817 - 772.674801]
2026-02-03 08:03:45,953 | SentinelBot | INFO | 🔍 Scanning XRPUSDTM...
2026-02-03 08:03:46,921 | SentinelBot | INFO | ✅ HTF CONFIRMED: H1 Trend aligns with SHORT
2026-02-03 08:03:46,925 | SentinelBot | INFO | 🚨 TRADE POTENTIAL: XRPUSDTM | Rec: MICRO_TRADE
2026-02-03 08:03:46,925 | SentinelBot | INFO |    Reason: Good setup (0.93) but low confidence (0.56). Regime: RANGE. Trend score: -0.20, bias: SHORT
2026-02-03 08:03:46,925 | SentinelBot | INFO |    Stats: Qual=0.93 | Conf=0.56 | Dir=SHORT
2026-02-03 08:03:46,926 | SentinelBot | INFO | 🚫 ENTRY_BLOCKED | BAD_RR | XRPUSDTM R:R = 1:2.00 < 1:2
2026-02-03 08:03:46,926 | SentinelBot | INFO | 🔍 Scanning ADAUSDTM...
2026-02-03 08:03:47,811 | SentinelBot | INFO | 🛑 HTF MISMATCH: ADAUSDTM Signal SHORT vs Bull Trend. Blocked (Conf 0.41 < 0.75)
2026-02-03 08:03:47,812 | SentinelBot | INFO | 🔍 Scanning DOGEUSDTM...
2026-02-03 08:03:48,752 | SentinelBot | INFO | 🛑 HTF MISMATCH: DOGEUSDTM Signal SHORT vs Bull Trend. Blocked (Conf 0.39 < 0.75)
2026-02-03 08:03:48,752 | SentinelBot | INFO | 🔍 Scanning AVAXUSDTM...
2026-02-03 08:03:49,692 | SentinelBot | INFO | ✅ HTF CONFIRMED: H1 Trend aligns with SHORT
2026-02-03 08:03:49,692 | SentinelBot | INFO | 🚨 TRADE POTENTIAL: AVAXUSDTM | Rec: MICRO_TRADE
2026-02-03 08:03:49,692 | SentinelBot | INFO |    Reason: Good setup (0.91) but low confidence (0.55). Regime: RANGE. Trend score: -0.15, bias: SHORT
2026-02-03 08:03:49,693 | SentinelBot | INFO |    Stats: Qual=0.91 | Conf=0.55 | Dir=SHORT
2026-02-03 08:03:49,693 | SentinelBot | INFO | ⏳ BIAS_DETECTED | AVAXUSDTM SHORT | Waiting for Zone [10.117909 - 10.123811]
2026-02-03 08:03:49,694 | SentinelBot | INFO | 🔍 Scanning LINKUSDTM...
2026-02-03 08:03:50,581 | SentinelBot | INFO | ✅ HTF CONFIRMED: H1 Trend aligns with SHORT
2026-02-03 08:03:50,581 | SentinelBot | INFO | 🚨 TRADE POTENTIAL: LINKUSDTM | Rec: MICRO_TRADE
2026-02-03 08:03:50,581 | SentinelBot | INFO |    Reason: Good setup (0.82) but low confidence (0.49). Regime: RANGE. Trend score: -0.05, bias: SHORT
2026-02-03 08:03:50,581 | SentinelBot | INFO |    Stats: Qual=0.82 | Conf=0.49 | Dir=SHORT
2026-02-03 08:03:50,581 | SentinelBot | INFO | ⏳ BIAS_DETECTED | LINKUSDTM SHORT | Waiting for Zone [9.796977 - 9.797206]
2026-02-03 08:03:50,586 | SentinelBot | INFO | 🔍 Scanning DOTUSDTM...
2026-02-03 08:03:51,485 | SentinelBot | INFO | ✅ HTF CONFIRMED: H1 Trend aligns with SHORT
2026-02-03 08:03:51,486 | SentinelBot | INFO | 🚨 TRADE POTENTIAL: DOTUSDTM | Rec: ALLOW_TRADE
2026-02-03 08:03:51,486 | SentinelBot | INFO |    Reason: Strong setup (1.00) with confidence (0.60). Regime: RANGE. Trend score: -0.15, bias: SHORT
2026-02-03 08:03:51,487 | SentinelBot | INFO |    Stats: Qual=1.00 | Conf=0.60 | Dir=SHORT
2026-02-03 08:03:51,487 | SentinelBot | INFO | 🚫 ENTRY_BLOCKED | BAD_RR | DOTUSDTM R:R = 1:0.00 < 1:2
2026-02-03 08:03:51,488 | SentinelBot | INFO | 🔍 Scanning TRXUSDTM...
2026-02-03 08:03:51,934 | SentinelBot | INFO | 🚫 ENTRY_BLOCKED | NO_TRADE_ZONE | TRXUSDTM price=0.2834 inside range [0.2832 - 0.2836]
2026-02-03 08:03:51,935 | SentinelBot | INFO | 🔍 Scanning LTCUSDTM...
2026-02-03 08:03:52,905 | SentinelBot | INFO | ✅ HTF CONFIRMED: H1 Trend aligns with SHORT
2026-02-03 08:03:52,906 | SentinelBot | INFO | 🚨 TRADE POTENTIAL: LTCUSDTM | Rec: MICRO_TRADE
2026-02-03 08:03:52,906 | SentinelBot | INFO |    Reason: Good setup (0.69) but low confidence (0.41). Regime: RANGE. Trend score: 0.05, bias: SHORT
2026-02-03 08:03:52,906 | SentinelBot | INFO |    Stats: Qual=0.69 | Conf=0.41 | Dir=SHORT
2026-02-03 08:03:52,906 | SentinelBot | INFO | 🚫 ENTRY_BLOCKED | BAD_RR | LTCUSDTM R:R = 1:2.00 < 1:2
2026-02-03 08:03:52,907 | SentinelBot | INFO | 🔍 Scanning MATICUSDTM...
2026-02-03 08:03:53,921 | SentinelBot | INFO | 🛑 HTF MISMATCH: MATICUSDTM Signal LONG vs Bear Trend. Blocked (Conf 0.39 < 0.80)
2026-02-03 08:03:53,921 | SentinelBot | INFO | 🔍 Scanning SHIBUSDTM...
2026-02-03 08:03:54,620 | SentinelBot | INFO |    📊 SHIBUSDTM: Rec=NO_TRADE (Qual=0.58)
2026-02-03 08:03:54,621 | SentinelBot | INFO | 🔍 Scanning UNIUSDTM...
2026-02-03 08:03:55,556 | SentinelBot | INFO | ✅ HTF CONFIRMED: H1 Trend aligns with SHORT
2026-02-03 08:03:55,556 | SentinelBot | INFO | 🚨 TRADE POTENTIAL: UNIUSDTM | Rec: MICRO_TRADE
2026-02-03 08:03:55,556 | SentinelBot | INFO |    Reason: Good setup (0.83) but low confidence (0.50). Regime: RANGE. Trend score: -0.05, bias: SHORT
2026-02-03 08:03:55,557 | SentinelBot | INFO |    Stats: Qual=0.83 | Conf=0.50 | Dir=SHORT
2026-02-03 08:03:55,557 | SentinelBot | INFO | 🚫 ENTRY_BLOCKED | BAD_RR | UNIUSDTM R:R = 1:2.00 < 1:2
2026-02-03 08:03:55,557 | SentinelBot | INFO | 🔍 Scanning ATOMUSDTM...
2026-02-03 08:03:56,265 | SentinelBot | INFO |    📊 ATOMUSDTM: Rec=NO_TRADE (Qual=0.48)
2026-02-03 08:03:56,265 | SentinelBot | INFO | 🔍 Scanning XLMUSDTM...
2026-02-03 08:03:57,121 | SentinelBot | INFO | ✅ HTF CONFIRMED: H1 Trend aligns with SHORT
2026-02-03 08:03:57,121 | SentinelBot | INFO | 🚨 TRADE POTENTIAL: XLMUSDTM | Rec: ALLOW_TRADE
2026-02-03 08:03:57,121 | SentinelBot | INFO |    Reason: Strong setup (0.94) with confidence (0.88). Regime: MOMENTUM. Trend score: -0.60, bias: SHORT
2026-02-03 08:03:57,121 | SentinelBot | INFO |    Stats: Qual=0.94 | Conf=0.88 | Dir=SHORT
2026-02-03 08:03:57,121 | SentinelBot | INFO | 🚫 ENTRY_BLOCKED | BAD_RR | XLMUSDTM R:R = 1:0.00 < 1:2
2026-02-03 08:03:57,121 | SentinelBot | INFO | 🔍 Scanning ETCUSDTM...
2026-02-03 08:03:58,015 | SentinelBot | INFO | ✅ HTF CONFIRMED: H1 Trend aligns with SHORT
2026-02-03 08:03:58,015 | SentinelBot | INFO | 🚨 TRADE POTENTIAL: ETCUSDTM | Rec: ALLOW_TRADE
2026-02-03 08:03:58,015 | SentinelBot | INFO |    Reason: Strong setup (0.99) with confidence (0.89). Regime: TREND_BEAR. Trend score: -0.35, bias: SHORT
2026-02-03 08:03:58,017 | SentinelBot | INFO |    Stats: Qual=0.98 | Conf=0.89 | Dir=SHORT
2026-02-03 08:03:58,018 | SentinelBot | INFO | 🚫 ENTRY_BLOCKED | BAD_RR | ETCUSDTM R:R = 1:2.00 < 1:2
2026-02-03 08:03:58,018 | SentinelBot | INFO | 🔍 Scanning FILUSDTM...
2026-02-03 08:03:58,918 | SentinelBot | INFO | ⚠️ HTF MISMATCH: FILUSDTM Short vs Bull Trend. ALLOWED due to High Confidence (0.87)
2026-02-03 08:03:58,919 | SentinelBot | INFO | ✅ HTF CONFIRMED: H1 Trend aligns with SHORT
2026-02-03 08:03:58,919 | SentinelBot | INFO | 🚨 TRADE POTENTIAL: FILUSDTM | Rec: ALLOW_TRADE
2026-02-03 08:03:58,919 | SentinelBot | INFO |    Reason: Strong setup (0.97) with confidence (0.87). Regime: TREND_BEAR. Trend score: -0.35, bias: SHORT
2026-02-03 08:03:58,921 | SentinelBot | INFO |    Stats: Qual=0.97 | Conf=0.87 | Dir=SHORT
2026-02-03 08:03:58,921 | SentinelBot | INFO | 🚫 ENTRY_BLOCKED | BAD_RR | FILUSDTM R:R = 1:2.00 < 1:2
2026-02-03 08:03:58,921 | SentinelBot | INFO | 🔍 Scanning APTUSDTM...
2026-02-03 08:03:59,869 | SentinelBot | INFO | ✅ HTF CONFIRMED: H1 Trend aligns with SHORT
2026-02-03 08:03:59,869 | SentinelBot | INFO | 🚨 TRADE POTENTIAL: APTUSDTM | Rec: ALLOW_TRADE
2026-02-03 08:03:59,870 | SentinelBot | INFO |    Reason: Strong setup (1.00) with confidence (0.90). Regime: TREND_BEAR. Trend score: -0.40, bias: SHORT
2026-02-03 08:03:59,870 | SentinelBot | INFO |    Stats: Qual=1.00 | Conf=0.90 | Dir=SHORT
2026-02-03 08:03:59,871 | SentinelBot | INFO | ⏳ BIAS_DETECTED | APTUSDTM SHORT | Waiting for Zone [1.273126 - 1.274210]
2026-02-03 08:03:59,872 | SentinelBot | INFO | 🔍 Scanning ARBUSDTM...
2026-02-03 08:04:00,785 | SentinelBot | INFO | ✅ HTF CONFIRMED: H1 Trend aligns with SHORT
2026-02-03 08:04:00,786 | SentinelBot | INFO | 🚨 TRADE POTENTIAL: ARBUSDTM | Rec: MICRO_TRADE
2026-02-03 08:04:00,786 | SentinelBot | INFO |    Reason: Good setup (0.88) but low confidence (0.53). Regime: RANGE. Trend score: -0.20, bias: SHORT
2026-02-03 08:04:00,786 | SentinelBot | INFO |    Stats: Qual=0.88 | Conf=0.53 | Dir=SHORT
2026-02-03 08:04:00,787 | SentinelBot | INFO | 🚫 ENTRY_BLOCKED | BAD_RR | ARBUSDTM R:R = 1:2.00 < 1:2
2026-02-03 08:04:00,787 | SentinelBot | INFO | 🔍 Scanning OPUSDTM...
2026-02-03 08:04:01,703 | SentinelBot | INFO | ✅ HTF CONFIRMED: H1 Trend aligns with SHORT
2026-02-03 08:04:01,703 | SentinelBot | INFO | 🚨 TRADE POTENTIAL: OPUSDTM | Rec: MICRO_TRADE
2026-02-03 08:04:01,703 | SentinelBot | INFO |    Reason: Good setup (0.78) but low confidence (0.47). Regime: RANGE. Trend score: -0.15, bias: SHORT
2026-02-03 08:04:01,704 | SentinelBot | INFO |    Stats: Qual=0.78 | Conf=0.47 | Dir=SHORT
2026-02-03 08:04:01,704 | SentinelBot | INFO | 🚫 ENTRY_BLOCKED | BAD_RR | OPUSDTM R:R = 1:2.00 < 1:2
2026-02-03 08:04:01,704 | SentinelBot | INFO | 🔍 Scanning SUIUSDTM...
2026-02-03 08:04:02,675 | SentinelBot | INFO | ✅ HTF CONFIRMED: H1 Trend aligns with SHORT
2026-02-03 08:04:02,676 | SentinelBot | INFO | 🚨 TRADE POTENTIAL: SUIUSDTM | Rec: ALLOW_TRADE
2026-02-03 08:04:02,676 | SentinelBot | INFO |    Reason: Strong setup (0.89) with confidence (0.80). Regime: TREND_BEAR. Trend score: -0.30, bias: SHORT
2026-02-03 08:04:02,676 | SentinelBot | INFO |    Stats: Qual=0.89 | Conf=0.80 | Dir=SHORT
2026-02-03 08:04:02,677 | SentinelBot | INFO | 🚫 ENTRY_BLOCKED | BAD_RR | SUIUSDTM R:R = 1:2.00 < 1:2
2026-02-03 08:04:02,677 | SentinelBot | INFO | 🔍 Scanning PEPEUSDTM...
2026-02-03 08:04:03,587 | SentinelBot | INFO | ✅ HTF CONFIRMED: H1 Trend aligns with SHORT
2026-02-03 08:04:03,587 | SentinelBot | INFO | 🚨 TRADE POTENTIAL: PEPEUSDTM | Rec: MICRO_TRADE
2026-02-03 08:04:03,587 | SentinelBot | INFO |    Reason: Good setup (0.86) but low confidence (0.51). Regime: RANGE. Trend score: -0.10, bias: SHORT
2026-02-03 08:04:03,587 | SentinelBot | INFO |    Stats: Qual=0.86 | Conf=0.51 | Dir=SHORT
2026-02-03 08:04:03,589 | SentinelBot | INFO | 🚫 ENTRY_BLOCKED | BAD_RR | PEPEUSDTM R:R = 1:0.00 < 1:2
2026-02-03 08:04:03,589 | SentinelBot | INFO | 🔍 Scanning NEARUSDTM...
2026-02-03 08:04:04,488 | SentinelBot | INFO | ✅ HTF CONFIRMED: H1 Trend aligns with SHORT
2026-02-03 08:04:04,488 | SentinelBot | INFO | 🚨 TRADE POTENTIAL: NEARUSDTM | Rec: MICRO_TRADE
2026-02-03 08:04:04,488 | SentinelBot | INFO |    Reason: Good setup (0.84) but low confidence (0.51). Regime: RANGE. Trend score: -0.05, bias: SHORT
2026-02-03 08:04:04,488 | SentinelBot | INFO |    Stats: Qual=0.84 | Conf=0.51 | Dir=SHORT
2026-02-03 08:04:04,488 | SentinelBot | INFO | 🚫 ENTRY_BLOCKED | BAD_RR | NEARUSDTM R:R = 1:0.00 < 1:2
2026-02-03 08:04:04,488 | SentinelBot | INFO | 🔍 Scanning RNDRUSDTM...
2026-02-03 08:04:05,388 | SentinelBot | INFO | ✅ HTF CONFIRMED: H1 Trend aligns with SHORT
2026-02-03 08:04:05,388 | SentinelBot | INFO | 🚨 TRADE POTENTIAL: RNDRUSDTM | Rec: MICRO_TRADE
2026-02-03 08:04:05,388 | SentinelBot | INFO |    Reason: Good setup (0.87) but low confidence (0.52). Regime: RANGE. Trend score: -0.10, bias: SHORT
2026-02-03 08:04:05,388 | SentinelBot | INFO |    Stats: Qual=0.87 | Conf=0.52 | Dir=SHORT
2026-02-03 08:04:05,390 | SentinelBot | INFO | 🚫 ENTRY_BLOCKED | BAD_RR | RNDRUSDTM R:R = 1:0.00 < 1:2
2026-02-03 08:04:05,390 | SentinelBot | INFO | 🔍 Scanning INJUSDTM...
2026-02-03 08:04:06,315 | SentinelBot | INFO | ✅ HTF CONFIRMED: H1 Trend aligns with SHORT
2026-02-03 08:04:06,316 | SentinelBot | INFO | 🚨 TRADE POTENTIAL: INJUSDTM | Rec: MICRO_TRADE
2026-02-03 08:04:06,316 | SentinelBot | INFO |    Reason: Good setup (0.85) but low confidence (0.51). Regime: RANGE. Trend score: -0.20, bias: SHORT
2026-02-03 08:04:06,316 | SentinelBot | INFO |    Stats: Qual=0.85 | Conf=0.51 | Dir=SHORT
2026-02-03 08:04:06,316 | SentinelBot | INFO | 🚫 ENTRY_BLOCKED | BAD_RR | INJUSDTM R:R = 1:0.00 < 1:2
2026-02-03 08:04:06,317 | SentinelBot | INFO | 🔍 Scanning TIAUSDTM...
2026-02-03 08:04:07,229 | SentinelBot | INFO | 🛑 HTF MISMATCH: TIAUSDTM Signal SHORT vs Bull Trend. Blocked (Conf 0.65 < 0.75)
2026-02-03 08:04:07,230 | SentinelBot | INFO | 🔍 Scanning IMXUSDTM...
2026-02-03 08:04:08,142 | SentinelBot | INFO | ✅ HTF CONFIRMED: H1 Trend aligns with SHORT
2026-02-03 08:04:08,142 | SentinelBot | INFO | 🚨 TRADE POTENTIAL: IMXUSDTM | Rec: ALLOW_TRADE
2026-02-03 08:04:08,143 | SentinelBot | INFO |    Reason: Strong setup (1.00) with confidence (0.94). Regime: MOMENTUM. Trend score: -0.55, bias: SHORT
2026-02-03 08:04:08,143 | SentinelBot | INFO |    Stats: Qual=1.00 | Conf=0.94 | Dir=SHORT
2026-02-03 08:04:08,143 | SentinelBot | INFO | 🚫 ENTRY_BLOCKED | BAD_RR | IMXUSDTM R:R = 1:0.00 < 1:2
2026-02-03 08:04:08,144 | SentinelBot | INFO | 🔍 Scanning LDOUSDTM...
2026-02-03 08:04:09,162 | SentinelBot | INFO | ✅ HTF CONFIRMED: H1 Trend aligns with SHORT
2026-02-03 08:04:09,162 | SentinelBot | INFO | 🚨 TRADE POTENTIAL: LDOUSDTM | Rec: MICRO_TRADE
2026-02-03 08:04:09,162 | SentinelBot | INFO |    Reason: Good setup (0.86) but low confidence (0.52). Regime: RANGE. Trend score: -0.30, bias: SHORT
2026-02-03 08:04:09,162 | SentinelBot | INFO |    Stats: Qual=0.86 | Conf=0.52 | Dir=SHORT
2026-02-03 08:04:09,162 | SentinelBot | INFO | 🚫 ENTRY_BLOCKED | BAD_RR | LDOUSDTM R:R = 1:0.00 < 1:2
2026-02-03 08:04:12,767 | SentinelBot | INFO | 💓 Loop alive | Cycle 70 | Watching 30 symbols
2026-02-03 08:04:27,106 | SentinelBot | INFO | 💓 Loop alive | Cycle 80 | Watching 30 symbols
2026-02-03 08:04:41,693 | SentinelBot | INFO | 💓 Loop alive | Cycle 90 | Watching 30 symbols
2026-02-03 08:04:43,716 | SentinelBot | INFO | 🔍 Scanning XBTUSDTM...
2026-02-03 08:04:44,157 | SentinelBot | INFO | 🚫 ENTRY_BLOCKED | NO_TRADE_ZONE | XBTUSDTM price=78686.1000 inside range [78585.8150 - 78867.4850]
2026-02-03 08:04:44,158 | SentinelBot | INFO | 🔍 Scanning ETHUSDTM...
2026-02-03 08:04:45,059 | SentinelBot | INFO | ✅ HTF CONFIRMED: H1 Trend aligns with SHORT
2026-02-03 08:04:45,059 | SentinelBot | INFO | 🚨 TRADE POTENTIAL: ETHUSDTM | Rec: MICRO_TRADE
2026-02-03 08:04:45,059 | SentinelBot | INFO |    Reason: Good setup (0.65) but low confidence (0.39). Regime: RANGE. Trend score: 0.10, bias: SHORT
2026-02-03 08:04:45,060 | SentinelBot | INFO |    Stats: Qual=0.65 | Conf=0.39 | Dir=SHORT
2026-02-03 08:04:45,060 | SentinelBot | INFO | 🚫 ENTRY_BLOCKED | BAD_RR | ETHUSDTM R:R = 1:2.00 < 1:2
2026-02-03 08:04:45,061 | SentinelBot | INFO | 🔍 Scanning SOLUSDTM...
2026-02-03 08:04:45,948 | SentinelBot | INFO | ✅ HTF CONFIRMED: H1 Trend aligns with SHORT
2026-02-03 08:04:45,949 | SentinelBot | INFO | 🚨 TRADE POTENTIAL: SOLUSDTM | Rec: MICRO_TRADE
2026-02-03 08:04:45,950 | SentinelBot | INFO |    Reason: Good setup (0.88) but low confidence (0.53). Regime: RANGE. Trend score: -0.10, bias: SHORT
2026-02-03 08:04:45,950 | SentinelBot | INFO |    Stats: Qual=0.88 | Conf=0.53 | Dir=SHORT
2026-02-03 08:04:45,950 | SentinelBot | INFO | ⏳ BIAS_DETECTED | SOLUSDTM SHORT | Waiting for Zone [104.126125 - 104.160131]
2026-02-03 08:04:45,951 | SentinelBot | INFO | 🔍 Scanning BNBUSDTM...
2026-02-03 08:04:46,921 | SentinelBot | INFO | ✅ HTF CONFIRMED: H1 Trend aligns with SHORT
2026-02-03 08:04:46,921 | SentinelBot | INFO | 🚨 TRADE POTENTIAL: BNBUSDTM | Rec: MICRO_TRADE
2026-02-03 08:04:46,923 | SentinelBot | INFO |    Reason: Good setup (0.81) but low confidence (0.49). Regime: RANGE. Trend score: -0.10, bias: SHORT
2026-02-03 08:04:46,923 | SentinelBot | INFO |    Stats: Qual=0.81 | Conf=0.49 | Dir=SHORT
2026-02-03 08:04:46,924 | SentinelBot | INFO | ⏳ BIAS_DETECTED | BNBUSDTM SHORT | Waiting for Zone [772.606817 - 772.674801]
2026-02-03 08:04:46,924 | SentinelBot | INFO | 🔍 Scanning XRPUSDTM...
2026-02-03 08:04:47,885 | SentinelBot | INFO | ✅ HTF CONFIRMED: H1 Trend aligns with SHORT
2026-02-03 08:04:47,886 | SentinelBot | INFO | 🚨 TRADE POTENTIAL: XRPUSDTM | Rec: MICRO_TRADE
2026-02-03 08:04:47,886 | SentinelBot | INFO |    Reason: Good setup (0.93) but low confidence (0.56). Regime: RANGE. Trend score: -0.20, bias: SHORT
2026-02-03 08:04:47,886 | SentinelBot | INFO |    Stats: Qual=0.93 | Conf=0.56 | Dir=SHORT
2026-02-03 08:04:47,887 | SentinelBot | INFO | 🚫 ENTRY_BLOCKED | BAD_RR | XRPUSDTM R:R = 1:2.00 < 1:2
2026-02-03 08:04:47,887 | SentinelBot | INFO | 🔍 Scanning ADAUSDTM...
2026-02-03 08:04:48,819 | SentinelBot | INFO | 🛑 HTF MISMATCH: ADAUSDTM Signal SHORT vs Bull Trend. Blocked (Conf 0.41 < 0.75)
2026-02-03 08:04:48,819 | SentinelBot | INFO | 🔍 Scanning DOGEUSDTM...
2026-02-03 08:04:49,769 | SentinelBot | INFO | 🛑 HTF MISMATCH: DOGEUSDTM Signal SHORT vs Bull Trend. Blocked (Conf 0.39 < 0.75)
2026-02-03 08:04:49,771 | SentinelBot | INFO | 🔍 Scanning AVAXUSDTM...
2026-02-03 08:04:50,717 | SentinelBot | INFO | ✅ HTF CONFIRMED: H1 Trend aligns with SHORT
2026-02-03 08:04:50,720 | SentinelBot | INFO | 🚨 TRADE POTENTIAL: AVAXUSDTM | Rec: MICRO_TRADE
2026-02-03 08:04:50,720 | SentinelBot | INFO |    Reason: Good setup (0.91) but low confidence (0.55). Regime: RANGE. Trend score: -0.15, bias: SHORT
2026-02-03 08:04:50,720 | SentinelBot | INFO |    Stats: Qual=0.91 | Conf=0.55 | Dir=SHORT
2026-02-03 08:04:50,721 | SentinelBot | INFO | ⏳ BIAS_DETECTED | AVAXUSDTM SHORT | Waiting for Zone [10.117909 - 10.123811]
2026-02-03 08:04:50,721 | SentinelBot | INFO | 🔍 Scanning LINKUSDTM...
2026-02-03 08:04:51,716 | SentinelBot | INFO | ✅ HTF CONFIRMED: H1 Trend aligns with SHORT
2026-02-03 08:04:51,716 | SentinelBot | INFO | 🚨 TRADE POTENTIAL: LINKUSDTM | Rec: MICRO_TRADE
2026-02-03 08:04:51,717 | SentinelBot | INFO |    Reason: Good setup (0.82) but low confidence (0.49). Regime: RANGE. Trend score: -0.05, bias: SHORT
2026-02-03 08:04:51,717 | SentinelBot | INFO |    Stats: Qual=0.82 | Conf=0.49 | Dir=SHORT
2026-02-03 08:04:51,718 | SentinelBot | INFO | ⏳ BIAS_DETECTED | LINKUSDTM SHORT | Waiting for Zone [9.796977 - 9.797206]
2026-02-03 08:04:51,718 | SentinelBot | INFO | 🔍 Scanning DOTUSDTM...
2026-02-03 08:04:52,584 | SentinelBot | INFO | ✅ HTF CONFIRMED: H1 Trend aligns with SHORT
2026-02-03 08:04:52,584 | SentinelBot | INFO | 🚨 TRADE POTENTIAL: DOTUSDTM | Rec: ALLOW_TRADE
2026-02-03 08:04:52,585 | SentinelBot | INFO |    Reason: Strong setup (1.00) with confidence (0.60). Regime: RANGE. Trend score: -0.15, bias: SHORT
2026-02-03 08:04:52,585 | SentinelBot | INFO |    Stats: Qual=1.00 | Conf=0.60 | Dir=SHORT
2026-02-03 08:04:52,585 | SentinelBot | INFO | 🚫 ENTRY_BLOCKED | BAD_RR | DOTUSDTM R:R = 1:0.00 < 1:2
2026-02-03 08:04:52,586 | SentinelBot | INFO | 🔍 Scanning TRXUSDTM...
2026-02-03 08:04:53,053 | SentinelBot | INFO | 🚫 ENTRY_BLOCKED | NO_TRADE_ZONE | TRXUSDTM price=0.2834 inside range [0.2832 - 0.2836]
2026-02-03 08:04:53,053 | SentinelBot | INFO | 🔍 Scanning LTCUSDTM...
2026-02-03 08:04:54,127 | SentinelBot | INFO | ✅ HTF CONFIRMED: H1 Trend aligns with SHORT
2026-02-03 08:04:54,127 | SentinelBot | INFO | 🚨 TRADE POTENTIAL: LTCUSDTM | Rec: MICRO_TRADE
2026-02-03 08:04:54,127 | SentinelBot | INFO |    Reason: Good setup (0.69) but low confidence (0.41). Regime: RANGE. Trend score: 0.05, bias: SHORT
2026-02-03 08:04:54,127 | SentinelBot | INFO |    Stats: Qual=0.69 | Conf=0.41 | Dir=SHORT
2026-02-03 08:04:54,127 | SentinelBot | INFO | 🚫 ENTRY_BLOCKED | BAD_RR | LTCUSDTM R:R = 1:2.00 < 1:2
2026-02-03 08:04:54,127 | SentinelBot | INFO | 🔍 Scanning MATICUSDTM...
2026-02-03 08:04:55,048 | SentinelBot | INFO | 🛑 HTF MISMATCH: MATICUSDTM Signal LONG vs Bear Trend. Blocked (Conf 0.39 < 0.80)
2026-02-03 08:04:55,049 | SentinelBot | INFO | 🔍 Scanning SHIBUSDTM...
2026-02-03 08:04:55,812 | SentinelBot | INFO |    📊 SHIBUSDTM: Rec=NO_TRADE (Qual=0.58)
2026-02-03 08:04:55,812 | SentinelBot | INFO | 🔍 Scanning UNIUSDTM...
2026-02-03 08:04:56,743 | SentinelBot | INFO | ✅ HTF CONFIRMED: H1 Trend aligns with SHORT
2026-02-03 08:04:56,744 | SentinelBot | INFO | 🚨 TRADE POTENTIAL: UNIUSDTM | Rec: MICRO_TRADE
2026-02-03 08:04:56,744 | SentinelBot | INFO |    Reason: Good setup (0.83) but low confidence (0.50). Regime: RANGE. Trend score: -0.05, bias: SHORT
2026-02-03 08:04:56,744 | SentinelBot | INFO |    Stats: Qual=0.83 | Conf=0.50 | Dir=SHORT
2026-02-03 08:04:56,745 | SentinelBot | INFO | 🚫 ENTRY_BLOCKED | BAD_RR | UNIUSDTM R:R = 1:2.00 < 1:2
2026-02-03 08:04:56,745 | SentinelBot | INFO | 🔍 Scanning ATOMUSDTM...
2026-02-03 08:04:57,436 | SentinelBot | INFO |    📊 ATOMUSDTM: Rec=NO_TRADE (Qual=0.48)
2026-02-03 08:04:57,437 | SentinelBot | INFO | 🔍 Scanning XLMUSDTM...
2026-02-03 08:04:58,359 | SentinelBot | INFO | ✅ HTF CONFIRMED: H1 Trend aligns with SHORT
2026-02-03 08:04:58,360 | SentinelBot | INFO | 🚨 TRADE POTENTIAL: XLMUSDTM | Rec: ALLOW_TRADE
2026-02-03 08:04:58,360 | SentinelBot | INFO |    Reason: Strong setup (0.94) with confidence (0.88). Regime: MOMENTUM. Trend score: -0.60, bias: SHORT
2026-02-03 08:04:58,360 | SentinelBot | INFO |    Stats: Qual=0.94 | Conf=0.88 | Dir=SHORT
2026-02-03 08:04:58,360 | SentinelBot | INFO | 🚫 ENTRY_BLOCKED | BAD_RR | XLMUSDTM R:R = 1:0.00 < 1:2
2026-02-03 08:04:58,362 | SentinelBot | INFO | 🔍 Scanning ETCUSDTM...
2026-02-03 08:04:59,242 | SentinelBot | INFO | ✅ HTF CONFIRMED: H1 Trend aligns with SHORT
2026-02-03 08:04:59,242 | SentinelBot | INFO | 🚨 TRADE POTENTIAL: ETCUSDTM | Rec: ALLOW_TRADE
2026-02-03 08:04:59,242 | SentinelBot | INFO |    Reason: Strong setup (0.99) with confidence (0.89). Regime: TREND_BEAR. Trend score: -0.35, bias: SHORT
2026-02-03 08:04:59,242 | SentinelBot | INFO |    Stats: Qual=0.98 | Conf=0.89 | Dir=SHORT
2026-02-03 08:04:59,243 | SentinelBot | INFO | 🚫 ENTRY_BLOCKED | BAD_RR | ETCUSDTM R:R = 1:2.00 < 1:2
2026-02-03 08:04:59,243 | SentinelBot | INFO | 🔍 Scanning FILUSDTM...
2026-02-03 08:05:00,222 | SentinelBot | INFO | ⚠️ HTF MISMATCH: FILUSDTM Short vs Bull Trend. ALLOWED due to High Confidence (0.87)
2026-02-03 08:05:00,223 | SentinelBot | INFO | ✅ HTF CONFIRMED: H1 Trend aligns with SHORT
2026-02-03 08:05:00,223 | SentinelBot | INFO | 🚨 TRADE POTENTIAL: FILUSDTM | Rec: ALLOW_TRADE
2026-02-03 08:05:00,223 | SentinelBot | INFO |    Reason: Strong setup (0.97) with confidence (0.87). Regime: TREND_BEAR. Trend score: -0.35, bias: SHORT
2026-02-03 08:05:00,223 | SentinelBot | INFO |    Stats: Qual=0.97 | Conf=0.87 | Dir=SHORT
2026-02-03 08:05:00,223 | SentinelBot | INFO | 🚫 ENTRY_BLOCKED | BAD_RR | FILUSDTM R:R = 1:2.00 < 1:2
2026-02-03 08:05:00,224 | SentinelBot | INFO | 🔍 Scanning APTUSDTM...
2026-02-03 08:05:01,142 | SentinelBot | INFO | ✅ HTF CONFIRMED: H1 Trend aligns with SHORT
2026-02-03 08:05:01,142 | SentinelBot | INFO | 🚨 TRADE POTENTIAL: APTUSDTM | Rec: ALLOW_TRADE
2026-02-03 08:05:01,142 | SentinelBot | INFO |    Reason: Strong setup (1.00) with confidence (0.90). Regime: TREND_BEAR. Trend score: -0.40, bias: SHORT
2026-02-03 08:05:01,143 | SentinelBot | INFO |    Stats: Qual=1.00 | Conf=0.90 | Dir=SHORT
2026-02-03 08:05:01,143 | SentinelBot | INFO | ⏳ BIAS_DETECTED | APTUSDTM SHORT | Waiting for Zone [1.273126 - 1.274210]
2026-02-03 08:05:01,144 | SentinelBot | INFO | 🔍 Scanning ARBUSDTM...
2026-02-03 08:05:02,022 | SentinelBot | INFO | ✅ HTF CONFIRMED: H1 Trend aligns with SHORT
2026-02-03 08:05:02,022 | SentinelBot | INFO | 🚨 TRADE POTENTIAL: ARBUSDTM | Rec: MICRO_TRADE
2026-02-03 08:05:02,023 | SentinelBot | INFO |    Reason: Good setup (0.88) but low confidence (0.53). Regime: RANGE. Trend score: -0.20, bias: SHORT
2026-02-03 08:05:02,023 | SentinelBot | INFO |    Stats: Qual=0.88 | Conf=0.53 | Dir=SHORT
2026-02-03 08:05:02,023 | SentinelBot | INFO | 🚫 ENTRY_BLOCKED | BAD_RR | ARBUSDTM R:R = 1:2.00 < 1:2
2026-02-03 08:05:02,024 | SentinelBot | INFO | 🔍 Scanning OPUSDTM...
2026-02-03 08:05:02,986 | SentinelBot | INFO | ✅ HTF CONFIRMED: H1 Trend aligns with SHORT
2026-02-03 08:05:02,986 | SentinelBot | INFO | 🚨 TRADE POTENTIAL: OPUSDTM | Rec: MICRO_TRADE
2026-02-03 08:05:02,986 | SentinelBot | INFO |    Reason: Good setup (0.78) but low confidence (0.47). Regime: RANGE. Trend score: -0.15, bias: SHORT
2026-02-03 08:05:02,986 | SentinelBot | INFO |    Stats: Qual=0.78 | Conf=0.47 | Dir=SHORT
2026-02-03 08:05:02,987 | SentinelBot | INFO | 🚫 ENTRY_BLOCKED | BAD_RR | OPUSDTM R:R = 1:2.00 < 1:2
2026-02-03 08:05:02,987 | SentinelBot | INFO | 🔍 Scanning SUIUSDTM...
2026-02-03 08:05:03,998 | SentinelBot | INFO | ✅ HTF CONFIRMED: H1 Trend aligns with SHORT
2026-02-03 08:05:03,998 | SentinelBot | INFO | 🚨 TRADE POTENTIAL: SUIUSDTM | Rec: ALLOW_TRADE
2026-02-03 08:05:04,000 | SentinelBot | INFO |    Reason: Strong setup (0.89) with confidence (0.80). Regime: TREND_BEAR. Trend score: -0.30, bias: SHORT
2026-02-03 08:05:04,000 | SentinelBot | INFO |    Stats: Qual=0.89 | Conf=0.80 | Dir=SHORT
2026-02-03 08:05:04,001 | SentinelBot | INFO | 🚫 ENTRY_BLOCKED | BAD_RR | SUIUSDTM R:R = 1:2.00 < 1:2
2026-02-03 08:05:04,001 | SentinelBot | INFO | 🔍 Scanning PEPEUSDTM...
2026-02-03 08:05:04,992 | SentinelBot | INFO | ✅ HTF CONFIRMED: H1 Trend aligns with SHORT
2026-02-03 08:05:04,992 | SentinelBot | INFO | 🚨 TRADE POTENTIAL: PEPEUSDTM | Rec: MICRO_TRADE
2026-02-03 08:05:04,992 | SentinelBot | INFO |    Reason: Good setup (0.86) but low confidence (0.51). Regime: RANGE. Trend score: -0.10, bias: SHORT
2026-02-03 08:05:04,992 | SentinelBot | INFO |    Stats: Qual=0.86 | Conf=0.51 | Dir=SHORT
2026-02-03 08:05:04,992 | SentinelBot | INFO | 🚫 ENTRY_BLOCKED | BAD_RR | PEPEUSDTM R:R = 1:0.00 < 1:2
2026-02-03 08:05:04,992 | SentinelBot | INFO | 🔍 Scanning NEARUSDTM...
2026-02-03 08:05:05,965 | SentinelBot | INFO | ✅ HTF CONFIRMED: H1 Trend aligns with SHORT
2026-02-03 08:05:05,965 | SentinelBot | INFO | 🚨 TRADE POTENTIAL: NEARUSDTM | Rec: MICRO_TRADE
2026-02-03 08:05:05,965 | SentinelBot | INFO |    Reason: Good setup (0.84) but low confidence (0.51). Regime: RANGE. Trend score: -0.05, bias: SHORT
2026-02-03 08:05:05,965 | SentinelBot | INFO |    Stats: Qual=0.84 | Conf=0.51 | Dir=SHORT
2026-02-03 08:05:05,965 | SentinelBot | INFO | 🚫 ENTRY_BLOCKED | BAD_RR | NEARUSDTM R:R = 1:0.00 < 1:2
2026-02-03 08:05:05,965 | SentinelBot | INFO | 🔍 Scanning RNDRUSDTM...
2026-02-03 08:05:06,807 | SentinelBot | INFO | ✅ HTF CONFIRMED: H1 Trend aligns with SHORT
2026-02-03 08:05:06,807 | SentinelBot | INFO | 🚨 TRADE POTENTIAL: RNDRUSDTM | Rec: MICRO_TRADE
2026-02-03 08:05:06,807 | SentinelBot | INFO |    Reason: Good setup (0.87) but low confidence (0.52). Regime: RANGE. Trend score: -0.10, bias: SHORT
2026-02-03 08:05:06,807 | SentinelBot | INFO |    Stats: Qual=0.87 | Conf=0.52 | Dir=SHORT
2026-02-03 08:05:06,808 | SentinelBot | INFO | 🚫 ENTRY_BLOCKED | BAD_RR | RNDRUSDTM R:R = 1:0.00 < 1:2
2026-02-03 08:05:06,808 | SentinelBot | INFO | 🔍 Scanning INJUSDTM...
2026-02-03 08:05:07,764 | SentinelBot | INFO | ✅ HTF CONFIRMED: H1 Trend aligns with SHORT
2026-02-03 08:05:07,764 | SentinelBot | INFO | 🚨 TRADE POTENTIAL: INJUSDTM | Rec: MICRO_TRADE
2026-02-03 08:05:07,765 | SentinelBot | INFO |    Reason: Good setup (0.85) but low confidence (0.51). Regime: RANGE. Trend score: -0.20, bias: SHORT
2026-02-03 08:05:07,765 | SentinelBot | INFO |    Stats: Qual=0.85 | Conf=0.51 | Dir=SHORT
2026-02-03 08:05:07,765 | SentinelBot | INFO | 🚫 ENTRY_BLOCKED | BAD_RR | INJUSDTM R:R = 1:0.00 < 1:2
2026-02-03 08:05:07,765 | SentinelBot | INFO | 🔍 Scanning TIAUSDTM...
2026-02-03 08:05:08,609 | SentinelBot | INFO | 🛑 HTF MISMATCH: TIAUSDTM Signal SHORT vs Bull Trend. Blocked (Conf 0.65 < 0.75)
2026-02-03 08:05:08,609 | SentinelBot | INFO | 🔍 Scanning IMXUSDTM...
2026-02-03 08:05:09,599 | SentinelBot | INFO | ✅ HTF CONFIRMED: H1 Trend aligns with SHORT
2026-02-03 08:05:09,600 | SentinelBot | INFO | 🚨 TRADE POTENTIAL: IMXUSDTM | Rec: ALLOW_TRADE
2026-02-03 08:05:09,600 | SentinelBot | INFO |    Reason: Strong setup (1.00) with confidence (0.94). Regime: MOMENTUM. Trend score: -0.55, bias: SHORT
2026-02-03 08:05:09,600 | SentinelBot | INFO |    Stats: Qual=1.00 | Conf=0.94 | Dir=SHORT
2026-02-03 08:05:09,601 | SentinelBot | INFO | 🚫 ENTRY_BLOCKED | BAD_RR | IMXUSDTM R:R = 1:0.00 < 1:2
2026-02-03 08:05:09,601 | SentinelBot | INFO | 🔍 Scanning LDOUSDTM...
2026-02-03 08:05:10,528 | SentinelBot | INFO | ✅ HTF CONFIRMED: H1 Trend aligns with SHORT
2026-02-03 08:05:10,529 | SentinelBot | INFO | 🚨 TRADE POTENTIAL: LDOUSDTM | Rec: MICRO_TRADE
2026-02-03 08:05:10,529 | SentinelBot | INFO |    Reason: Good setup (0.86) but low confidence (0.52). Regime: RANGE. Trend score: -0.30, bias: SHORT
2026-02-03 08:05:10,529 | SentinelBot | INFO |    Stats: Qual=0.86 | Conf=0.52 | Dir=SHORT
2026-02-03 08:05:10,530 | SentinelBot | INFO | 🚫 ENTRY_BLOCKED | BAD_RR | LDOUSDTM R:R = 1:0.00 < 1:2
2026-02-03 08:05:24,281 | SentinelBot | INFO | 💓 Loop alive | Cycle 100 | Watching 30 symbols
2026-02-03 08:05:38,609 | SentinelBot | INFO | 💓 Loop alive | Cycle 110 | Watching 30 symbols
2026-02-03 08:05:44,910 | SentinelBot | INFO | 🔍 Scanning XBTUSDTM...
2026-02-03 08:05:45,339 | SentinelBot | INFO | 🚫 ENTRY_BLOCKED | NO_TRADE_ZONE | XBTUSDTM price=78686.1000 inside range [78585.8150 - 78867.4850]
2026-02-03 08:05:45,339 | SentinelBot | INFO | 🔍 Scanning ETHUSDTM...
2026-02-03 08:05:46,231 | SentinelBot | INFO | ✅ HTF CONFIRMED: H1 Trend aligns with SHORT
2026-02-03 08:05:46,231 | SentinelBot | INFO | 🚨 TRADE POTENTIAL: ETHUSDTM | Rec: MICRO_TRADE
2026-02-03 08:05:46,231 | SentinelBot | INFO |    Reason: Good setup (0.65) but low confidence (0.39). Regime: RANGE. Trend score: 0.10, bias: SHORT
2026-02-03 08:05:46,231 | SentinelBot | INFO |    Stats: Qual=0.65 | Conf=0.39 | Dir=SHORT
2026-02-03 08:05:46,233 | SentinelBot | INFO | 🚫 ENTRY_BLOCKED | BAD_RR | ETHUSDTM R:R = 1:2.00 < 1:2
2026-02-03 08:05:46,233 | SentinelBot | INFO | 🔍 Scanning SOLUSDTM...
2026-02-03 08:05:47,191 | SentinelBot | INFO | ✅ HTF CONFIRMED: H1 Trend aligns with SHORT
2026-02-03 08:05:47,192 | SentinelBot | INFO | 🚨 TRADE POTENTIAL: SOLUSDTM | Rec: MICRO_TRADE
2026-02-03 08:05:47,192 | SentinelBot | INFO |    Reason: Good setup (0.88) but low confidence (0.53). Regime: RANGE. Trend score: -0.10, bias: SHORT
2026-02-03 08:05:47,192 | SentinelBot | INFO |    Stats: Qual=0.88 | Conf=0.53 | Dir=SHORT
2026-02-03 08:05:47,193 | SentinelBot | INFO | ⏳ BIAS_DETECTED | SOLUSDTM SHORT | Waiting for Zone [104.126125 - 104.160131]
2026-02-03 08:05:47,193 | SentinelBot | INFO | 🔍 Scanning BNBUSDTM...
2026-02-03 08:05:48,127 | SentinelBot | INFO | ✅ HTF CONFIRMED: H1 Trend aligns with SHORT
2026-02-03 08:05:48,127 | SentinelBot | INFO | 🚨 TRADE POTENTIAL: BNBUSDTM | Rec: MICRO_TRADE
2026-02-03 08:05:48,128 | SentinelBot | INFO |    Reason: Good setup (0.81) but low confidence (0.49). Regime: RANGE. Trend score: -0.10, bias: SHORT
2026-02-03 08:05:48,128 | SentinelBot | INFO |    Stats: Qual=0.81 | Conf=0.49 | Dir=SHORT
2026-02-03 08:05:48,128 | SentinelBot | INFO | ⏳ BIAS_DETECTED | BNBUSDTM SHORT | Waiting for Zone [772.606817 - 772.674801]
2026-02-03 08:05:48,128 | SentinelBot | INFO | 🔍 Scanning XRPUSDTM...
2026-02-03 08:05:49,098 | SentinelBot | INFO | ✅ HTF CONFIRMED: H1 Trend aligns with SHORT
2026-02-03 08:05:49,098 | SentinelBot | INFO | 🚨 TRADE POTENTIAL: XRPUSDTM | Rec: MICRO_TRADE
2026-02-03 08:05:49,098 | SentinelBot | INFO |    Reason: Good setup (0.93) but low confidence (0.56). Regime: RANGE. Trend score: -0.20, bias: SHORT
2026-02-03 08:05:49,099 | SentinelBot | INFO |    Stats: Qual=0.93 | Conf=0.56 | Dir=SHORT
2026-02-03 08:05:49,099 | SentinelBot | INFO | 🚫 ENTRY_BLOCKED | BAD_RR | XRPUSDTM R:R = 1:2.00 < 1:2
2026-02-03 08:05:49,099 | SentinelBot | INFO | 🔍 Scanning ADAUSDTM...
2026-02-03 08:05:50,089 | SentinelBot | INFO | 🛑 HTF MISMATCH: ADAUSDTM Signal SHORT vs Bull Trend. Blocked (Conf 0.41 < 0.75)
2026-02-03 08:05:50,089 | SentinelBot | INFO | 🔍 Scanning DOGEUSDTM...
2026-02-03 08:05:51,118 | SentinelBot | INFO | 🛑 HTF MISMATCH: DOGEUSDTM Signal SHORT vs Bull Trend. Blocked (Conf 0.39 < 0.75)
2026-02-03 08:05:51,118 | SentinelBot | INFO | 🔍 Scanning AVAXUSDTM...
2026-02-03 08:05:52,016 | SentinelBot | INFO | ✅ HTF CONFIRMED: H1 Trend aligns with SHORT
2026-02-03 08:05:52,017 | SentinelBot | INFO | 🚨 TRADE POTENTIAL: AVAXUSDTM | Rec: MICRO_TRADE
2026-02-03 08:05:52,017 | SentinelBot | INFO |    Reason: Good setup (0.91) but low confidence (0.55). Regime: RANGE. Trend score: -0.15, bias: SHORT
2026-02-03 08:05:52,017 | SentinelBot | INFO |    Stats: Qual=0.91 | Conf=0.55 | Dir=SHORT
2026-02-03 08:05:52,017 | SentinelBot | INFO | ⏳ BIAS_DETECTED | AVAXUSDTM SHORT | Waiting for Zone [10.117909 - 10.123811]
2026-02-03 08:05:52,017 | SentinelBot | INFO | 🔍 Scanning LINKUSDTM...
2026-02-03 08:05:52,945 | SentinelBot | INFO | ✅ HTF CONFIRMED: H1 Trend aligns with SHORT
2026-02-03 08:05:52,947 | SentinelBot | INFO | 🚨 TRADE POTENTIAL: LINKUSDTM | Rec: MICRO_TRADE
2026-02-03 08:05:52,948 | SentinelBot | INFO |    Reason: Good setup (0.82) but low confidence (0.49). Regime: RANGE. Trend score: -0.05, bias: SHORT
2026-02-03 08:05:52,948 | SentinelBot | INFO |    Stats: Qual=0.82 | Conf=0.49 | Dir=SHORT
2026-02-03 08:05:52,948 | SentinelBot | INFO | ⏳ BIAS_DETECTED | LINKUSDTM SHORT | Waiting for Zone [9.796977 - 9.797206]
2026-02-03 08:05:52,948 | SentinelBot | INFO | 🔍 Scanning DOTUSDTM...
2026-02-03 08:05:53,931 | SentinelBot | INFO | ✅ HTF CONFIRMED: H1 Trend aligns with SHORT
2026-02-03 08:05:53,931 | SentinelBot | INFO | 🚨 TRADE POTENTIAL: DOTUSDTM | Rec: ALLOW_TRADE
2026-02-03 08:05:53,931 | SentinelBot | INFO |    Reason: Strong setup (1.00) with confidence (0.60). Regime: RANGE. Trend score: -0.15, bias: SHORT
2026-02-03 08:05:53,931 | SentinelBot | INFO |    Stats: Qual=1.00 | Conf=0.60 | Dir=SHORT
2026-02-03 08:05:53,931 | SentinelBot | INFO | 🚫 ENTRY_BLOCKED | BAD_RR | DOTUSDTM R:R = 1:0.00 < 1:2
2026-02-03 08:05:53,933 | SentinelBot | INFO | 🔍 Scanning TRXUSDTM...
2026-02-03 08:05:54,400 | SentinelBot | INFO | 🚫 ENTRY_BLOCKED | NO_TRADE_ZONE | TRXUSDTM price=0.2834 inside range [0.2832 - 0.2836]
2026-02-03 08:05:54,400 | SentinelBot | INFO | 🔍 Scanning LTCUSDTM...
2026-02-03 08:05:55,296 | SentinelBot | INFO | ✅ HTF CONFIRMED: H1 Trend aligns with SHORT
2026-02-03 08:05:55,296 | SentinelBot | INFO | 🚨 TRADE POTENTIAL: LTCUSDTM | Rec: MICRO_TRADE
2026-02-03 08:05:55,296 | SentinelBot | INFO |    Reason: Good setup (0.69) but low confidence (0.41). Regime: RANGE. Trend score: 0.05, bias: SHORT
2026-02-03 08:05:55,296 | SentinelBot | INFO |    Stats: Qual=0.69 | Conf=0.41 | Dir=SHORT
2026-02-03 08:05:55,298 | SentinelBot | INFO | 🚫 ENTRY_BLOCKED | BAD_RR | LTCUSDTM R:R = 1:2.00 < 1:2
2026-02-03 08:05:55,298 | SentinelBot | INFO | 🔍 Scanning MATICUSDTM...
2026-02-03 08:05:56,204 | SentinelBot | INFO | 🛑 HTF MISMATCH: MATICUSDTM Signal LONG vs Bear Trend. Blocked (Conf 0.39 < 0.80)
2026-02-03 08:05:56,204 | SentinelBot | INFO | 🔍 Scanning SHIBUSDTM...
2026-02-03 08:05:56,912 | SentinelBot | INFO |    📊 SHIBUSDTM: Rec=NO_TRADE (Qual=0.58)
2026-02-03 08:05:56,913 | SentinelBot | INFO | 🔍 Scanning UNIUSDTM...
2026-02-03 08:05:57,791 | SentinelBot | INFO | ✅ HTF CONFIRMED: H1 Trend aligns with SHORT
2026-02-03 08:05:57,791 | SentinelBot | INFO | 🚨 TRADE POTENTIAL: UNIUSDTM | Rec: MICRO_TRADE
2026-02-03 08:05:57,792 | SentinelBot | INFO |    Reason: Good setup (0.83) but low confidence (0.50). Regime: RANGE. Trend score: -0.05, bias: SHORT
2026-02-03 08:05:57,792 | SentinelBot | INFO |    Stats: Qual=0.83 | Conf=0.50 | Dir=SHORT
2026-02-03 08:05:57,792 | SentinelBot | INFO | 🚫 ENTRY_BLOCKED | BAD_RR | UNIUSDTM R:R = 1:2.00 < 1:2
2026-02-03 08:05:57,793 | SentinelBot | INFO | 🔍 Scanning ATOMUSDTM...
2026-02-03 08:05:58,529 | SentinelBot | INFO |    📊 ATOMUSDTM: Rec=NO_TRADE (Qual=0.48)
2026-02-03 08:05:58,529 | SentinelBot | INFO | 🔍 Scanning XLMUSDTM...
2026-02-03 08:05:59,407 | SentinelBot | INFO | ✅ HTF CONFIRMED: H1 Trend aligns with SHORT
2026-02-03 08:05:59,408 | SentinelBot | INFO | 🚨 TRADE POTENTIAL: XLMUSDTM | Rec: ALLOW_TRADE
2026-02-03 08:05:59,408 | SentinelBot | INFO |    Reason: Strong setup (0.94) with confidence (0.88). Regime: MOMENTUM. Trend score: -0.60, bias: SHORT
2026-02-03 08:05:59,408 | SentinelBot | INFO |    Stats: Qual=0.94 | Conf=0.88 | Dir=SHORT
2026-02-03 08:05:59,408 | SentinelBot | INFO | 🚫 ENTRY_BLOCKED | BAD_RR | XLMUSDTM R:R = 1:0.00 < 1:2
2026-02-03 08:05:59,409 | SentinelBot | INFO | 🔍 Scanning ETCUSDTM...
2026-02-03 08:06:00,315 | SentinelBot | INFO | ✅ HTF CONFIRMED: H1 Trend aligns with SHORT
2026-02-03 08:06:00,315 | SentinelBot | INFO | 🚨 TRADE POTENTIAL: ETCUSDTM | Rec: ALLOW_TRADE
2026-02-03 08:06:00,315 | SentinelBot | INFO |    Reason: Strong setup (0.99) with confidence (0.89). Regime: TREND_BEAR. Trend score: -0.35, bias: SHORT
2026-02-03 08:06:00,315 | SentinelBot | INFO |    Stats: Qual=0.98 | Conf=0.89 | Dir=SHORT
2026-02-03 08:06:00,317 | SentinelBot | INFO | 🚫 ENTRY_BLOCKED | BAD_RR | ETCUSDTM R:R = 1:2.00 < 1:2
2026-02-03 08:06:00,317 | SentinelBot | INFO | 🔍 Scanning FILUSDTM...
2026-02-03 08:06:01,358 | SentinelBot | INFO | ⚠️ HTF MISMATCH: FILUSDTM Short vs Bull Trend. ALLOWED due to High Confidence (0.87)
2026-02-03 08:06:01,359 | SentinelBot | INFO | ✅ HTF CONFIRMED: H1 Trend aligns with SHORT
2026-02-03 08:06:01,359 | SentinelBot | INFO | 🚨 TRADE POTENTIAL: FILUSDTM | Rec: ALLOW_TRADE
2026-02-03 08:06:01,359 | SentinelBot | INFO |    Reason: Strong setup (0.97) with confidence (0.87). Regime: TREND_BEAR. Trend score: -0.35, bias: SHORT
2026-02-03 08:06:01,359 | SentinelBot | INFO |    Stats: Qual=0.97 | Conf=0.87 | Dir=SHORT
2026-02-03 08:06:01,359 | SentinelBot | INFO | 🚫 ENTRY_BLOCKED | BAD_RR | FILUSDTM R:R = 1:2.00 < 1:2
2026-02-03 08:06:01,360 | SentinelBot | INFO | 🔍 Scanning APTUSDTM...
2026-02-03 08:06:02,339 | SentinelBot | INFO | ✅ HTF CONFIRMED: H1 Trend aligns with SHORT
2026-02-03 08:06:02,339 | SentinelBot | INFO | 🚨 TRADE POTENTIAL: APTUSDTM | Rec: ALLOW_TRADE
2026-02-03 08:06:02,339 | SentinelBot | INFO |    Reason: Strong setup (1.00) with confidence (0.90). Regime: TREND_BEAR. Trend score: -0.40, bias: SHORT
2026-02-03 08:06:02,339 | SentinelBot | INFO |    Stats: Qual=1.00 | Conf=0.90 | Dir=SHORT
2026-02-03 08:06:02,340 | SentinelBot | INFO | ⏳ BIAS_DETECTED | APTUSDTM SHORT | Waiting for Zone [1.273126 - 1.274210]
2026-02-03 08:06:02,341 | SentinelBot | INFO | 🔍 Scanning ARBUSDTM...
2026-02-03 08:06:03,250 | SentinelBot | INFO | ✅ HTF CONFIRMED: H1 Trend aligns with SHORT
2026-02-03 08:06:03,251 | SentinelBot | INFO | 🚨 TRADE POTENTIAL: ARBUSDTM | Rec: MICRO_TRADE
2026-02-03 08:06:03,251 | SentinelBot | INFO |    Reason: Good setup (0.88) but low confidence (0.53). Regime: RANGE. Trend score: -0.20, bias: SHORT
2026-02-03 08:06:03,251 | SentinelBot | INFO |    Stats: Qual=0.88 | Conf=0.53 | Dir=SHORT
2026-02-03 08:06:03,251 | SentinelBot | INFO | 🚫 ENTRY_BLOCKED | BAD_RR | ARBUSDTM R:R = 1:2.00 < 1:2
2026-02-03 08:06:03,252 | SentinelBot | INFO | 🔍 Scanning OPUSDTM...
2026-02-03 08:06:04,153 | SentinelBot | INFO | ✅ HTF CONFIRMED: H1 Trend aligns with SHORT
2026-02-03 08:06:04,154 | SentinelBot | INFO | 🚨 TRADE POTENTIAL: OPUSDTM | Rec: MICRO_TRADE
2026-02-03 08:06:04,154 | SentinelBot | INFO |    Reason: Good setup (0.78) but low confidence (0.47). Regime: RANGE. Trend score: -0.15, bias: SHORT
2026-02-03 08:06:04,154 | SentinelBot | INFO |    Stats: Qual=0.78 | Conf=0.47 | Dir=SHORT
2026-02-03 08:06:04,154 | SentinelBot | INFO | 🚫 ENTRY_BLOCKED | BAD_RR | OPUSDTM R:R = 1:2.00 < 1:2
2026-02-03 08:06:04,154 | SentinelBot | INFO | 🔍 Scanning SUIUSDTM...
2026-02-03 08:06:05,376 | SentinelBot | INFO | ✅ HTF CONFIRMED: H1 Trend aligns with SHORT
2026-02-03 08:06:05,376 | SentinelBot | INFO | 🚨 TRADE POTENTIAL: SUIUSDTM | Rec: ALLOW_TRADE
2026-02-03 08:06:05,376 | SentinelBot | INFO |    Reason: Strong setup (0.89) with confidence (0.80). Regime: TREND_BEAR. Trend score: -0.30, bias: SHORT
2026-02-03 08:06:05,377 | SentinelBot | INFO |    Stats: Qual=0.89 | Conf=0.80 | Dir=SHORT
2026-02-03 08:06:05,377 | SentinelBot | INFO | 🚫 ENTRY_BLOCKED | BAD_RR | SUIUSDTM R:R = 1:2.00 < 1:2
2026-02-03 08:06:05,377 | SentinelBot | INFO | 🔍 Scanning PEPEUSDTM...
2026-02-03 08:06:07,372 | SentinelBot | INFO | ✅ HTF CONFIRMED: H1 Trend aligns with SHORT
2026-02-03 08:06:07,373 | SentinelBot | INFO | 🚨 TRADE POTENTIAL: PEPEUSDTM | Rec: MICRO_TRADE
2026-02-03 08:06:07,373 | SentinelBot | INFO |    Reason: Good setup (0.86) but low confidence (0.51). Regime: RANGE. Trend score: -0.10, bias: SHORT
2026-02-03 08:06:07,373 | SentinelBot | INFO |    Stats: Qual=0.86 | Conf=0.51 | Dir=SHORT
2026-02-03 08:06:07,374 | SentinelBot | INFO | 🚫 ENTRY_BLOCKED | BAD_RR | PEPEUSDTM R:R = 1:0.00 < 1:2
2026-02-03 08:06:07,374 | SentinelBot | INFO | 🔍 Scanning NEARUSDTM...
2026-02-03 08:06:08,302 | SentinelBot | INFO | ✅ HTF CONFIRMED: H1 Trend aligns with SHORT
2026-02-03 08:06:08,304 | SentinelBot | INFO | 🚨 TRADE POTENTIAL: NEARUSDTM | Rec: MICRO_TRADE
2026-02-03 08:06:08,304 | SentinelBot | INFO |    Reason: Good setup (0.84) but low confidence (0.51). Regime: RANGE. Trend score: -0.05, bias: SHORT
2026-02-03 08:06:08,304 | SentinelBot | INFO |    Stats: Qual=0.84 | Conf=0.51 | Dir=SHORT
2026-02-03 08:06:08,304 | SentinelBot | INFO | 🚫 ENTRY_BLOCKED | BAD_RR | NEARUSDTM R:R = 1:0.00 < 1:2
2026-02-03 08:06:08,305 | SentinelBot | INFO | 🔍 Scanning RNDRUSDTM...
2026-02-03 08:06:09,268 | SentinelBot | INFO | ✅ HTF CONFIRMED: H1 Trend aligns with SHORT
2026-02-03 08:06:09,269 | SentinelBot | INFO | 🚨 TRADE POTENTIAL: RNDRUSDTM | Rec: MICRO_TRADE
2026-02-03 08:06:09,269 | SentinelBot | INFO |    Reason: Good setup (0.87) but low confidence (0.52). Regime: RANGE. Trend score: -0.10, bias: SHORT
2026-02-03 08:06:09,270 | SentinelBot | INFO |    Stats: Qual=0.87 | Conf=0.52 | Dir=SHORT
2026-02-03 08:06:09,270 | SentinelBot | INFO | 🚫 ENTRY_BLOCKED | BAD_RR | RNDRUSDTM R:R = 1:0.00 < 1:2
2026-02-03 08:06:09,271 | SentinelBot | INFO | 🔍 Scanning INJUSDTM...
2026-02-03 08:06:10,138 | SentinelBot | INFO | ✅ HTF CONFIRMED: H1 Trend aligns with SHORT
2026-02-03 08:06:10,138 | SentinelBot | INFO | 🚨 TRADE POTENTIAL: INJUSDTM | Rec: MICRO_TRADE
2026-02-03 08:06:10,138 | SentinelBot | INFO |    Reason: Good setup (0.85) but low confidence (0.51). Regime: RANGE. Trend score: -0.20, bias: SHORT
2026-02-03 08:06:10,139 | SentinelBot | INFO |    Stats: Qual=0.85 | Conf=0.51 | Dir=SHORT
2026-02-03 08:06:10,139 | SentinelBot | INFO | 🚫 ENTRY_BLOCKED | BAD_RR | INJUSDTM R:R = 1:0.00 < 1:2
2026-02-03 08:06:10,139 | SentinelBot | INFO | 🔍 Scanning TIAUSDTM...
2026-02-03 08:06:11,160 | SentinelBot | INFO | 🛑 HTF MISMATCH: TIAUSDTM Signal SHORT vs Bull Trend. Blocked (Conf 0.65 < 0.75)
2026-02-03 08:06:11,160 | SentinelBot | INFO | 🔍 Scanning IMXUSDTM...
2026-02-03 08:06:12,103 | SentinelBot | INFO | ✅ HTF CONFIRMED: H1 Trend aligns with SHORT
2026-02-03 08:06:12,103 | SentinelBot | INFO | 🚨 TRADE POTENTIAL: IMXUSDTM | Rec: ALLOW_TRADE
2026-02-03 08:06:12,103 | SentinelBot | INFO |    Reason: Strong setup (1.00) with confidence (0.94). Regime: MOMENTUM. Trend score: -0.55, bias: SHORT
2026-02-03 08:06:12,103 | SentinelBot | INFO |    Stats: Qual=1.00 | Conf=0.94 | Dir=SHORT
2026-02-03 08:06:12,103 | SentinelBot | INFO | 🚫 ENTRY_BLOCKED | BAD_RR | IMXUSDTM R:R = 1:0.00 < 1:2
2026-02-03 08:06:12,103 | SentinelBot | INFO | 🔍 Scanning LDOUSDTM...
2026-02-03 08:06:13,067 | SentinelBot | INFO | ✅ HTF CONFIRMED: H1 Trend aligns with SHORT
2026-02-03 08:06:13,070 | SentinelBot | INFO | 🚨 TRADE POTENTIAL: LDOUSDTM | Rec: MICRO_TRADE
2026-02-03 08:06:13,070 | SentinelBot | INFO |    Reason: Good setup (0.86) but low confidence (0.52). Regime: RANGE. Trend score: -0.30, bias: SHORT
2026-02-03 08:06:13,070 | SentinelBot | INFO |    Stats: Qual=0.86 | Conf=0.52 | Dir=SHORT
2026-02-03 08:06:13,070 | SentinelBot | INFO | 🚫 ENTRY_BLOCKED | BAD_RR | LDOUSDTM R:R = 1:0.00 < 1:2
2026-02-03 08:06:22,573 | SentinelBot | INFO | 💓 Loop alive | Cycle 120 | Watching 30 symbols
2026-02-03 08:06:37,063 | SentinelBot | INFO | 💓 Loop alive | Cycle 130 | Watching 30 symbols
2026-02-03 08:06:44,922 | SentinelBot | INFO | 🔍 Scanning XBTUSDTM...
2026-02-03 08:06:45,308 | SentinelBot | INFO | 🚫 ENTRY_BLOCKED | NO_TRADE_ZONE | XBTUSDTM price=78686.1000 inside range [78585.8150 - 78867.4850]
2026-02-03 08:06:45,309 | SentinelBot | INFO | 🔍 Scanning ETHUSDTM...
2026-02-03 08:06:46,216 | SentinelBot | INFO | ✅ HTF CONFIRMED: H1 Trend aligns with SHORT
2026-02-03 08:06:46,216 | SentinelBot | INFO | 🚨 TRADE POTENTIAL: ETHUSDTM | Rec: MICRO_TRADE
2026-02-03 08:06:46,216 | SentinelBot | INFO |    Reason: Good setup (0.65) but low confidence (0.39). Regime: RANGE. Trend score: 0.10, bias: SHORT
2026-02-03 08:06:46,216 | SentinelBot | INFO |    Stats: Qual=0.65 | Conf=0.39 | Dir=SHORT
2026-02-03 08:06:46,216 | SentinelBot | INFO | 🚫 ENTRY_BLOCKED | BAD_RR | ETHUSDTM R:R = 1:2.00 < 1:2
2026-02-03 08:06:46,216 | SentinelBot | INFO | 🔍 Scanning SOLUSDTM...
2026-02-03 08:06:47,241 | SentinelBot | INFO | ✅ HTF CONFIRMED: H1 Trend aligns with SHORT
2026-02-03 08:06:47,241 | SentinelBot | INFO | 🚨 TRADE POTENTIAL: SOLUSDTM | Rec: MICRO_TRADE
2026-02-03 08:06:47,243 | SentinelBot | INFO |    Reason: Good setup (0.88) but low confidence (0.53). Regime: RANGE. Trend score: -0.10, bias: SHORT
2026-02-03 08:06:47,243 | SentinelBot | INFO |    Stats: Qual=0.88 | Conf=0.53 | Dir=SHORT
2026-02-03 08:06:47,243 | SentinelBot | INFO | ⏳ BIAS_DETECTED | SOLUSDTM SHORT | Waiting for Zone [104.126125 - 104.160131]
2026-02-03 08:06:47,244 | SentinelBot | INFO | 🔍 Scanning BNBUSDTM...
2026-02-03 08:06:48,140 | SentinelBot | INFO | ✅ HTF CONFIRMED: H1 Trend aligns with SHORT
2026-02-03 08:06:48,141 | SentinelBot | INFO | 🚨 TRADE POTENTIAL: BNBUSDTM | Rec: MICRO_TRADE
2026-02-03 08:06:48,141 | SentinelBot | INFO |    Reason: Good setup (0.81) but low confidence (0.49). Regime: RANGE. Trend score: -0.10, bias: SHORT
2026-02-03 08:06:48,141 | SentinelBot | INFO |    Stats: Qual=0.81 | Conf=0.49 | Dir=SHORT
2026-02-03 08:06:48,142 | SentinelBot | INFO | ⏳ BIAS_DETECTED | BNBUSDTM SHORT | Waiting for Zone [772.606817 - 772.674801]
2026-02-03 08:06:48,142 | SentinelBot | INFO | 🔍 Scanning XRPUSDTM...
2026-02-03 08:06:49,095 | SentinelBot | INFO | ✅ HTF CONFIRMED: H1 Trend aligns with SHORT
2026-02-03 08:06:49,096 | SentinelBot | INFO | 🚨 TRADE POTENTIAL: XRPUSDTM | Rec: MICRO_TRADE
2026-02-03 08:06:49,096 | SentinelBot | INFO |    Reason: Good setup (0.93) but low confidence (0.56). Regime: RANGE. Trend score: -0.20, bias: SHORT
2026-02-03 08:06:49,096 | SentinelBot | INFO |    Stats: Qual=0.93 | Conf=0.56 | Dir=SHORT
2026-02-03 08:06:49,097 | SentinelBot | INFO | 🚫 ENTRY_BLOCKED | BAD_RR | XRPUSDTM R:R = 1:2.00 < 1:2
2026-02-03 08:06:49,097 | SentinelBot | INFO | 🔍 Scanning ADAUSDTM...
2026-02-03 08:06:49,949 | SentinelBot | INFO | 🛑 HTF MISMATCH: ADAUSDTM Signal SHORT vs Bull Trend. Blocked (Conf 0.41 < 0.75)
2026-02-03 08:06:49,949 | SentinelBot | INFO | 🔍 Scanning DOGEUSDTM...
2026-02-03 08:06:50,862 | SentinelBot | INFO | 🛑 HTF MISMATCH: DOGEUSDTM Signal SHORT vs Bull Trend. Blocked (Conf 0.39 < 0.75)
2026-02-03 08:06:50,863 | SentinelBot | INFO | 🔍 Scanning AVAXUSDTM...
2026-02-03 08:06:51,746 | SentinelBot | INFO | ✅ HTF CONFIRMED: H1 Trend aligns with SHORT
2026-02-03 08:06:51,746 | SentinelBot | INFO | 🚨 TRADE POTENTIAL: AVAXUSDTM | Rec: MICRO_TRADE
2026-02-03 08:06:51,746 | SentinelBot | INFO |    Reason: Good setup (0.91) but low confidence (0.55). Regime: RANGE. Trend score: -0.15, bias: SHORT
2026-02-03 08:06:51,747 | SentinelBot | INFO |    Stats: Qual=0.91 | Conf=0.55 | Dir=SHORT
2026-02-03 08:06:51,747 | SentinelBot | INFO | ⏳ BIAS_DETECTED | AVAXUSDTM SHORT | Waiting for Zone [10.117909 - 10.123811]
2026-02-03 08:06:51,749 | SentinelBot | INFO | 🔍 Scanning LINKUSDTM...
2026-02-03 08:06:52,728 | SentinelBot | INFO | ✅ HTF CONFIRMED: H1 Trend aligns with SHORT
2026-02-03 08:06:52,728 | SentinelBot | INFO | 🚨 TRADE POTENTIAL: LINKUSDTM | Rec: MICRO_TRADE
2026-02-03 08:06:52,728 | SentinelBot | INFO |    Reason: Good setup (0.82) but low confidence (0.49). Regime: RANGE. Trend score: -0.05, bias: SHORT
2026-02-03 08:06:52,729 | SentinelBot | INFO |    Stats: Qual=0.82 | Conf=0.49 | Dir=SHORT
2026-02-03 08:06:52,729 | SentinelBot | INFO | ⏳ BIAS_DETECTED | LINKUSDTM SHORT | Waiting for Zone [9.796977 - 9.797206]
2026-02-03 08:06:52,729 | SentinelBot | INFO | 🔍 Scanning DOTUSDTM...
2026-02-03 08:06:53,609 | SentinelBot | INFO | ✅ HTF CONFIRMED: H1 Trend aligns with SHORT
2026-02-03 08:06:53,609 | SentinelBot | INFO | 🚨 TRADE POTENTIAL: DOTUSDTM | Rec: ALLOW_TRADE
2026-02-03 08:06:53,609 | SentinelBot | INFO |    Reason: Strong setup (1.00) with confidence (0.60). Regime: RANGE. Trend score: -0.15, bias: SHORT
2026-02-03 08:06:53,609 | SentinelBot | INFO |    Stats: Qual=1.00 | Conf=0.60 | Dir=SHORT
2026-02-03 08:06:53,610 | SentinelBot | INFO | 🚫 ENTRY_BLOCKED | BAD_RR | DOTUSDTM R:R = 1:0.00 < 1:2
2026-02-03 08:06:53,611 | SentinelBot | INFO | 🔍 Scanning TRXUSDTM...
2026-02-03 08:06:54,042 | SentinelBot | INFO | 🚫 ENTRY_BLOCKED | NO_TRADE_ZONE | TRXUSDTM price=0.2834 inside range [0.2832 - 0.2836]
2026-02-03 08:06:54,043 | SentinelBot | INFO | 🔍 Scanning LTCUSDTM...
2026-02-03 08:06:54,914 | SentinelBot | INFO | ✅ HTF CONFIRMED: H1 Trend aligns with SHORT
2026-02-03 08:06:54,915 | SentinelBot | INFO | 🚨 TRADE POTENTIAL: LTCUSDTM | Rec: MICRO_TRADE
2026-02-03 08:06:54,915 | SentinelBot | INFO |    Reason: Good setup (0.69) but low confidence (0.41). Regime: RANGE. Trend score: 0.05, bias: SHORT
2026-02-03 08:06:54,915 | SentinelBot | INFO |    Stats: Qual=0.69 | Conf=0.41 | Dir=SHORT
2026-02-03 08:06:54,916 | SentinelBot | INFO | 🚫 ENTRY_BLOCKED | BAD_RR | LTCUSDTM R:R = 1:2.00 < 1:2
2026-02-03 08:06:54,916 | SentinelBot | INFO | 🔍 Scanning MATICUSDTM...
2026-02-03 08:06:55,871 | SentinelBot | INFO | 🛑 HTF MISMATCH: MATICUSDTM Signal LONG vs Bear Trend. Blocked (Conf 0.39 < 0.80)
2026-02-03 08:06:55,871 | SentinelBot | INFO | 🔍 Scanning SHIBUSDTM...
2026-02-03 08:06:56,568 | SentinelBot | INFO |    📊 SHIBUSDTM: Rec=NO_TRADE (Qual=0.58)
2026-02-03 08:06:56,569 | SentinelBot | INFO | 🔍 Scanning UNIUSDTM...
2026-02-03 08:06:57,590 | SentinelBot | INFO | ✅ HTF CONFIRMED: H1 Trend aligns with SHORT
2026-02-03 08:06:57,590 | SentinelBot | INFO | 🚨 TRADE POTENTIAL: UNIUSDTM | Rec: MICRO_TRADE
2026-02-03 08:06:57,590 | SentinelBot | INFO |    Reason: Good setup (0.83) but low confidence (0.50). Regime: RANGE. Trend score: -0.05, bias: SHORT
2026-02-03 08:06:57,590 | SentinelBot | INFO |    Stats: Qual=0.83 | Conf=0.50 | Dir=SHORT
2026-02-03 08:06:57,590 | SentinelBot | INFO | 🚫 ENTRY_BLOCKED | BAD_RR | UNIUSDTM R:R = 1:2.00 < 1:2
2026-02-03 08:06:57,590 | SentinelBot | INFO | 🔍 Scanning ATOMUSDTM...
2026-02-03 08:06:58,317 | SentinelBot | INFO |    📊 ATOMUSDTM: Rec=NO_TRADE (Qual=0.48)
2026-02-03 08:06:58,318 | SentinelBot | INFO | 🔍 Scanning XLMUSDTM...
2026-02-03 08:06:59,243 | SentinelBot | INFO | ✅ HTF CONFIRMED: H1 Trend aligns with SHORT
2026-02-03 08:06:59,244 | SentinelBot | INFO | 🚨 TRADE POTENTIAL: XLMUSDTM | Rec: ALLOW_TRADE
2026-02-03 08:06:59,244 | SentinelBot | INFO |    Reason: Strong setup (0.94) with confidence (0.88). Regime: MOMENTUM. Trend score: -0.60, bias: SHORT
2026-02-03 08:06:59,244 | SentinelBot | INFO |    Stats: Qual=0.94 | Conf=0.88 | Dir=SHORT
2026-02-03 08:06:59,244 | SentinelBot | INFO | 🚫 ENTRY_BLOCKED | BAD_RR | XLMUSDTM R:R = 1:0.00 < 1:2
2026-02-03 08:06:59,245 | SentinelBot | INFO | 🔍 Scanning ETCUSDTM...
2026-02-03 08:07:00,171 | SentinelBot | INFO | ✅ HTF CONFIRMED: H1 Trend aligns with SHORT
2026-02-03 08:07:00,171 | SentinelBot | INFO | 🚨 TRADE POTENTIAL: ETCUSDTM | Rec: ALLOW_TRADE
2026-02-03 08:07:00,172 | SentinelBot | INFO |    Reason: Strong setup (0.99) with confidence (0.89). Regime: TREND_BEAR. Trend score: -0.35, bias: SHORT
2026-02-03 08:07:00,172 | SentinelBot | INFO |    Stats: Qual=0.98 | Conf=0.89 | Dir=SHORT
2026-02-03 08:07:00,173 | SentinelBot | INFO | 🚫 ENTRY_BLOCKED | BAD_RR | ETCUSDTM R:R = 1:2.00 < 1:2
2026-02-03 08:07:00,173 | SentinelBot | INFO | 🔍 Scanning FILUSDTM...
2026-02-03 08:07:01,173 | SentinelBot | INFO | ⚠️ HTF MISMATCH: FILUSDTM Short vs Bull Trend. ALLOWED due to High Confidence (0.87)
2026-02-03 08:07:01,173 | SentinelBot | INFO | ✅ HTF CONFIRMED: H1 Trend aligns with SHORT
2026-02-03 08:07:01,176 | SentinelBot | INFO | 🚨 TRADE POTENTIAL: FILUSDTM | Rec: ALLOW_TRADE
2026-02-03 08:07:01,176 | SentinelBot | INFO |    Reason: Strong setup (0.97) with confidence (0.87). Regime: TREND_BEAR. Trend score: -0.35, bias: SHORT
2026-02-03 08:07:01,176 | SentinelBot | INFO |    Stats: Qual=0.97 | Conf=0.87 | Dir=SHORT
2026-02-03 08:07:01,176 | SentinelBot | INFO | 🚫 ENTRY_BLOCKED | BAD_RR | FILUSDTM R:R = 1:2.00 < 1:2
2026-02-03 08:07:01,177 | SentinelBot | INFO | 🔍 Scanning APTUSDTM...
2026-02-03 08:07:02,113 | SentinelBot | INFO | ✅ HTF CONFIRMED: H1 Trend aligns with SHORT
2026-02-03 08:07:02,115 | SentinelBot | INFO | 🚨 TRADE POTENTIAL: APTUSDTM | Rec: ALLOW_TRADE
2026-02-03 08:07:02,115 | SentinelBot | INFO |    Reason: Strong setup (1.00) with confidence (0.90). Regime: TREND_BEAR. Trend score: -0.40, bias: SHORT
2026-02-03 08:07:02,116 | SentinelBot | INFO |    Stats: Qual=1.00 | Conf=0.90 | Dir=SHORT
2026-02-03 08:07:02,116 | SentinelBot | INFO | ⏳ BIAS_DETECTED | APTUSDTM SHORT | Waiting for Zone [1.273126 - 1.274210]
2026-02-03 08:07:02,116 | SentinelBot | INFO | 🔍 Scanning ARBUSDTM...
2026-02-03 08:07:03,043 | SentinelBot | INFO | ✅ HTF CONFIRMED: H1 Trend aligns with SHORT
2026-02-03 08:07:03,043 | SentinelBot | INFO | 🚨 TRADE POTENTIAL: ARBUSDTM | Rec: MICRO_TRADE
2026-02-03 08:07:03,044 | SentinelBot | INFO |    Reason: Good setup (0.88) but low confidence (0.53). Regime: RANGE. Trend score: -0.20, bias: SHORT
2026-02-03 08:07:03,044 | SentinelBot | INFO |    Stats: Qual=0.88 | Conf=0.53 | Dir=SHORT
2026-02-03 08:07:03,045 | SentinelBot | INFO | 🚫 ENTRY_BLOCKED | BAD_RR | ARBUSDTM R:R = 1:2.00 < 1:2
2026-02-03 08:07:03,045 | SentinelBot | INFO | 🔍 Scanning OPUSDTM...
2026-02-03 08:07:03,942 | SentinelBot | INFO | ✅ HTF CONFIRMED: H1 Trend aligns with SHORT
2026-02-03 08:07:03,943 | SentinelBot | INFO | 🚨 TRADE POTENTIAL: OPUSDTM | Rec: MICRO_TRADE
2026-02-03 08:07:03,943 | SentinelBot | INFO |    Reason: Good setup (0.78) but low confidence (0.47). Regime: RANGE. Trend score: -0.15, bias: SHORT
2026-02-03 08:07:03,943 | SentinelBot | INFO |    Stats: Qual=0.78 | Conf=0.47 | Dir=SHORT
2026-02-03 08:07:03,944 | SentinelBot | INFO | 🚫 ENTRY_BLOCKED | BAD_RR | OPUSDTM R:R = 1:2.00 < 1:2
2026-02-03 08:07:03,944 | SentinelBot | INFO | 🔍 Scanning SUIUSDTM...
2026-02-03 08:07:04,872 | SentinelBot | INFO | ✅ HTF CONFIRMED: H1 Trend aligns with SHORT
2026-02-03 08:07:04,872 | SentinelBot | INFO | 🚨 TRADE POTENTIAL: SUIUSDTM | Rec: ALLOW_TRADE
2026-02-03 08:07:04,873 | SentinelBot | INFO |    Reason: Strong setup (0.89) with confidence (0.80). Regime: TREND_BEAR. Trend score: -0.30, bias: SHORT
2026-02-03 08:07:04,873 | SentinelBot | INFO |    Stats: Qual=0.89 | Conf=0.80 | Dir=SHORT
2026-02-03 08:07:04,873 | SentinelBot | INFO | 🚫 ENTRY_BLOCKED | BAD_RR | SUIUSDTM R:R = 1:2.00 < 1:2
2026-02-03 08:07:04,874 | SentinelBot | INFO | 🔍 Scanning PEPEUSDTM...
2026-02-03 08:07:05,811 | SentinelBot | INFO | ✅ HTF CONFIRMED: H1 Trend aligns with SHORT
2026-02-03 08:07:05,811 | SentinelBot | INFO | 🚨 TRADE POTENTIAL: PEPEUSDTM | Rec: MICRO_TRADE
2026-02-03 08:07:05,812 | SentinelBot | INFO |    Reason: Good setup (0.86) but low confidence (0.51). Regime: RANGE. Trend score: -0.10, bias: SHORT
2026-02-03 08:07:05,812 | SentinelBot | INFO |    Stats: Qual=0.86 | Conf=0.51 | Dir=SHORT
2026-02-03 08:07:05,812 | SentinelBot | INFO | 🚫 ENTRY_BLOCKED | BAD_RR | PEPEUSDTM R:R = 1:0.00 < 1:2
2026-02-03 08:07:05,812 | SentinelBot | INFO | 🔍 Scanning NEARUSDTM...
2026-02-03 08:07:06,775 | SentinelBot | INFO | ✅ HTF CONFIRMED: H1 Trend aligns with SHORT
2026-02-03 08:07:06,776 | SentinelBot | INFO | 🚨 TRADE POTENTIAL: NEARUSDTM | Rec: MICRO_TRADE
2026-02-03 08:07:06,776 | SentinelBot | INFO |    Reason: Good setup (0.84) but low confidence (0.51). Regime: RANGE. Trend score: -0.05, bias: SHORT
2026-02-03 08:07:06,776 | SentinelBot | INFO |    Stats: Qual=0.84 | Conf=0.51 | Dir=SHORT
2026-02-03 08:07:06,776 | SentinelBot | INFO | 🚫 ENTRY_BLOCKED | BAD_RR | NEARUSDTM R:R = 1:0.00 < 1:2
2026-02-03 08:07:06,777 | SentinelBot | INFO | 🔍 Scanning RNDRUSDTM...
2026-02-03 08:07:07,690 | SentinelBot | INFO | ✅ HTF CONFIRMED: H1 Trend aligns with SHORT
2026-02-03 08:07:07,691 | SentinelBot | INFO | 🚨 TRADE POTENTIAL: RNDRUSDTM | Rec: MICRO_TRADE
2026-02-03 08:07:07,691 | SentinelBot | INFO |    Reason: Good setup (0.87) but low confidence (0.52). Regime: RANGE. Trend score: -0.10, bias: SHORT
2026-02-03 08:07:07,692 | SentinelBot | INFO |    Stats: Qual=0.87 | Conf=0.52 | Dir=SHORT
2026-02-03 08:07:07,692 | SentinelBot | INFO | 🚫 ENTRY_BLOCKED | BAD_RR | RNDRUSDTM R:R = 1:0.00 < 1:2
2026-02-03 08:07:07,693 | SentinelBot | INFO | 🔍 Scanning INJUSDTM...
2026-02-03 08:07:08,616 | SentinelBot | INFO | ✅ HTF CONFIRMED: H1 Trend aligns with SHORT
2026-02-03 08:07:08,617 | SentinelBot | INFO | 🚨 TRADE POTENTIAL: INJUSDTM | Rec: MICRO_TRADE
2026-02-03 08:07:08,617 | SentinelBot | INFO |    Reason: Good setup (0.85) but low confidence (0.51). Regime: RANGE. Trend score: -0.20, bias: SHORT
2026-02-03 08:07:08,617 | SentinelBot | INFO |    Stats: Qual=0.85 | Conf=0.51 | Dir=SHORT
2026-02-03 08:07:08,619 | SentinelBot | INFO | 🚫 ENTRY_BLOCKED | BAD_RR | INJUSDTM R:R = 1:0.00 < 1:2
2026-02-03 08:07:08,619 | SentinelBot | INFO | 🔍 Scanning TIAUSDTM...
2026-02-03 08:07:09,563 | SentinelBot | INFO | 🛑 HTF MISMATCH: TIAUSDTM Signal SHORT vs Bull Trend. Blocked (Conf 0.65 < 0.75)
2026-02-03 08:07:09,563 | SentinelBot | INFO | 🔍 Scanning IMXUSDTM...
2026-02-03 08:07:10,467 | SentinelBot | INFO | ✅ HTF CONFIRMED: H1 Trend aligns with SHORT
2026-02-03 08:07:10,468 | SentinelBot | INFO | 🚨 TRADE POTENTIAL: IMXUSDTM | Rec: ALLOW_TRADE
2026-02-03 08:07:10,468 | SentinelBot | INFO |    Reason: Strong setup (1.00) with confidence (0.94). Regime: MOMENTUM. Trend score: -0.55, bias: SHORT
2026-02-03 08:07:10,468 | SentinelBot | INFO |    Stats: Qual=1.00 | Conf=0.94 | Dir=SHORT
2026-02-03 08:07:10,469 | SentinelBot | INFO | 🚫 ENTRY_BLOCKED | BAD_RR | IMXUSDTM R:R = 1:0.00 < 1:2
2026-02-03 08:07:10,469 | SentinelBot | INFO | 🔍 Scanning LDOUSDTM...
2026-02-03 08:07:11,343 | SentinelBot | INFO | ✅ HTF CONFIRMED: H1 Trend aligns with SHORT
2026-02-03 08:07:11,343 | SentinelBot | INFO | 🚨 TRADE POTENTIAL: LDOUSDTM | Rec: MICRO_TRADE
2026-02-03 08:07:11,343 | SentinelBot | INFO |    Reason: Good setup (0.86) but low confidence (0.52). Regime: RANGE. Trend score: -0.30, bias: SHORT
2026-02-03 08:07:11,343 | SentinelBot | INFO |    Stats: Qual=0.86 | Conf=0.52 | Dir=SHORT
2026-02-03 08:07:11,343 | SentinelBot | INFO | 🚫 ENTRY_BLOCKED | BAD_RR | LDOUSDTM R:R = 1:0.00 < 1:2
2026-02-03 08:07:19,293 | SentinelBot | INFO | 💓 Loop alive | Cycle 140 | Watching 30 symbols
2026-02-03 08:07:34,039 | SentinelBot | INFO | 💓 Loop alive | Cycle 150 | Watching 30 symbols
2026-02-03 08:07:46,203 | SentinelBot | INFO | 🔍 Scanning XBTUSDTM...
2026-02-03 08:07:46,617 | SentinelBot | INFO | 🚫 ENTRY_BLOCKED | NO_TRADE_ZONE | XBTUSDTM price=78686.1000 inside range [78585.8150 - 78867.4850]
2026-02-03 08:07:46,617 | SentinelBot | INFO | 🔍 Scanning ETHUSDTM...
2026-02-03 08:07:47,483 | SentinelBot | INFO | ✅ HTF CONFIRMED: H1 Trend aligns with SHORT
2026-02-03 08:07:47,483 | SentinelBot | INFO | 🚨 TRADE POTENTIAL: ETHUSDTM | Rec: MICRO_TRADE
2026-02-03 08:07:47,484 | SentinelBot | INFO |    Reason: Good setup (0.65) but low confidence (0.39). Regime: RANGE. Trend score: 0.10, bias: SHORT
2026-02-03 08:07:47,484 | SentinelBot | INFO |    Stats: Qual=0.65 | Conf=0.39 | Dir=SHORT
2026-02-03 08:07:47,484 | SentinelBot | INFO | 🚫 ENTRY_BLOCKED | BAD_RR | ETHUSDTM R:R = 1:2.00 < 1:2
2026-02-03 08:07:47,484 | SentinelBot | INFO | 🔍 Scanning SOLUSDTM...
2026-02-03 08:07:48,451 | SentinelBot | INFO | ✅ HTF CONFIRMED: H1 Trend aligns with SHORT
2026-02-03 08:07:48,452 | SentinelBot | INFO | 🚨 TRADE POTENTIAL: SOLUSDTM | Rec: MICRO_TRADE
2026-02-03 08:07:48,452 | SentinelBot | INFO |    Reason: Good setup (0.88) but low confidence (0.53). Regime: RANGE. Trend score: -0.10, bias: SHORT
2026-02-03 08:07:48,452 | SentinelBot | INFO |    Stats: Qual=0.88 | Conf=0.53 | Dir=SHORT
2026-02-03 08:07:48,453 | SentinelBot | INFO | ⏳ BIAS_DETECTED | SOLUSDTM SHORT | Waiting for Zone [104.126125 - 104.160131]
2026-02-03 08:07:48,453 | SentinelBot | INFO | 🔍 Scanning BNBUSDTM...
2026-02-03 08:07:49,393 | SentinelBot | INFO | ✅ HTF CONFIRMED: H1 Trend aligns with SHORT
2026-02-03 08:07:49,393 | SentinelBot | INFO | 🚨 TRADE POTENTIAL: BNBUSDTM | Rec: MICRO_TRADE
2026-02-03 08:07:49,394 | SentinelBot | INFO |    Reason: Good setup (0.81) but low confidence (0.49). Regime: RANGE. Trend score: -0.10, bias: SHORT
2026-02-03 08:07:49,394 | SentinelBot | INFO |    Stats: Qual=0.81 | Conf=0.49 | Dir=SHORT
2026-02-03 08:07:49,395 | SentinelBot | INFO | ⏳ BIAS_DETECTED | BNBUSDTM SHORT | Waiting for Zone [772.606817 - 772.674801]
2026-02-03 08:07:49,395 | SentinelBot | INFO | 🔍 Scanning XRPUSDTM...
2026-02-03 08:07:50,315 | SentinelBot | INFO | ✅ HTF CONFIRMED: H1 Trend aligns with SHORT
2026-02-03 08:07:50,316 | SentinelBot | INFO | 🚨 TRADE POTENTIAL: XRPUSDTM | Rec: MICRO_TRADE
2026-02-03 08:07:50,316 | SentinelBot | INFO |    Reason: Good setup (0.93) but low confidence (0.56). Regime: RANGE. Trend score: -0.20, bias: SHORT
2026-02-03 08:07:50,316 | SentinelBot | INFO |    Stats: Qual=0.93 | Conf=0.56 | Dir=SHORT
2026-02-03 08:07:50,316 | SentinelBot | INFO | 🚫 ENTRY_BLOCKED | BAD_RR | XRPUSDTM R:R = 1:2.00 < 1:2
2026-02-03 08:07:50,316 | SentinelBot | INFO | 🔍 Scanning ADAUSDTM...
2026-02-03 08:07:51,254 | SentinelBot | INFO | 🛑 HTF MISMATCH: ADAUSDTM Signal SHORT vs Bull Trend. Blocked (Conf 0.41 < 0.75)
2026-02-03 08:07:51,255 | SentinelBot | INFO | 🔍 Scanning DOGEUSDTM...
2026-02-03 08:07:52,208 | SentinelBot | INFO | 🛑 HTF MISMATCH: DOGEUSDTM Signal SHORT vs Bull Trend. Blocked (Conf 0.39 < 0.75)
2026-02-03 08:07:52,209 | SentinelBot | INFO | 🔍 Scanning AVAXUSDTM...
2026-02-03 08:07:53,089 | SentinelBot | INFO | ✅ HTF CONFIRMED: H1 Trend aligns with SHORT
2026-02-03 08:07:53,090 | SentinelBot | INFO | 🚨 TRADE POTENTIAL: AVAXUSDTM | Rec: MICRO_TRADE
2026-02-03 08:07:53,090 | SentinelBot | INFO |    Reason: Good setup (0.91) but low confidence (0.55). Regime: RANGE. Trend score: -0.15, bias: SHORT
2026-02-03 08:07:53,090 | SentinelBot | INFO |    Stats: Qual=0.91 | Conf=0.55 | Dir=SHORT
2026-02-03 08:07:53,091 | SentinelBot | INFO | ⏳ BIAS_DETECTED | AVAXUSDTM SHORT | Waiting for Zone [10.117909 - 10.123811]
2026-02-03 08:07:53,091 | SentinelBot | INFO | 🔍 Scanning LINKUSDTM...
2026-02-03 08:07:54,129 | SentinelBot | INFO | ✅ HTF CONFIRMED: H1 Trend aligns with SHORT
2026-02-03 08:07:54,129 | SentinelBot | INFO | 🚨 TRADE POTENTIAL: LINKUSDTM | Rec: MICRO_TRADE
2026-02-03 08:07:54,130 | SentinelBot | INFO |    Reason: Good setup (0.82) but low confidence (0.49). Regime: RANGE. Trend score: -0.05, bias: SHORT
2026-02-03 08:07:54,130 | SentinelBot | INFO |    Stats: Qual=0.82 | Conf=0.49 | Dir=SHORT
2026-02-03 08:07:54,131 | SentinelBot | INFO | ⏳ BIAS_DETECTED | LINKUSDTM SHORT | Waiting for Zone [9.796977 - 9.797206]
2026-02-03 08:07:54,131 | SentinelBot | INFO | 🔍 Scanning DOTUSDTM...
2026-02-03 08:07:54,963 | SentinelBot | INFO | ✅ HTF CONFIRMED: H1 Trend aligns with SHORT
2026-02-03 08:07:54,964 | SentinelBot | INFO | 🚨 TRADE POTENTIAL: DOTUSDTM | Rec: ALLOW_TRADE
2026-02-03 08:07:54,964 | SentinelBot | INFO |    Reason: Strong setup (1.00) with confidence (0.60). Regime: RANGE. Trend score: -0.15, bias: SHORT
2026-02-03 08:07:54,964 | SentinelBot | INFO |    Stats: Qual=1.00 | Conf=0.60 | Dir=SHORT
2026-02-03 08:07:54,965 | SentinelBot | INFO | 🚫 ENTRY_BLOCKED | BAD_RR | DOTUSDTM R:R = 1:0.00 < 1:2
2026-02-03 08:07:54,965 | SentinelBot | INFO | 🔍 Scanning TRXUSDTM...
2026-02-03 08:07:55,468 | SentinelBot | INFO | 🚫 ENTRY_BLOCKED | NO_TRADE_ZONE | TRXUSDTM price=0.2834 inside range [0.2832 - 0.2836]
2026-02-03 08:07:55,468 | SentinelBot | INFO | 🔍 Scanning LTCUSDTM...
2026-02-03 08:07:56,372 | SentinelBot | INFO | ✅ HTF CONFIRMED: H1 Trend aligns with SHORT
2026-02-03 08:07:56,373 | SentinelBot | INFO | 🚨 TRADE POTENTIAL: LTCUSDTM | Rec: MICRO_TRADE
2026-02-03 08:07:56,373 | SentinelBot | INFO |    Reason: Good setup (0.69) but low confidence (0.41). Regime: RANGE. Trend score: 0.05, bias: SHORT
2026-02-03 08:07:56,373 | SentinelBot | INFO |    Stats: Qual=0.69 | Conf=0.41 | Dir=SHORT
2026-02-03 08:07:56,373 | SentinelBot | INFO | 🚫 ENTRY_BLOCKED | BAD_RR | LTCUSDTM R:R = 1:2.00 < 1:2
2026-02-03 08:07:56,373 | SentinelBot | INFO | 🔍 Scanning MATICUSDTM...
2026-02-03 08:07:57,262 | SentinelBot | INFO | 🛑 HTF MISMATCH: MATICUSDTM Signal LONG vs Bear Trend. Blocked (Conf 0.39 < 0.80)
2026-02-03 08:07:57,263 | SentinelBot | INFO | 🔍 Scanning SHIBUSDTM...
2026-02-03 08:07:57,977 | SentinelBot | INFO |    📊 SHIBUSDTM: Rec=NO_TRADE (Qual=0.58)
2026-02-03 08:07:57,978 | SentinelBot | INFO | 🔍 Scanning UNIUSDTM...
2026-02-03 08:07:58,853 | SentinelBot | INFO | ✅ HTF CONFIRMED: H1 Trend aligns with SHORT
2026-02-03 08:07:58,853 | SentinelBot | INFO | 🚨 TRADE POTENTIAL: UNIUSDTM | Rec: MICRO_TRADE
2026-02-03 08:07:58,853 | SentinelBot | INFO |    Reason: Good setup (0.83) but low confidence (0.50). Regime: RANGE. Trend score: -0.05, bias: SHORT
2026-02-03 08:07:58,853 | SentinelBot | INFO |    Stats: Qual=0.83 | Conf=0.50 | Dir=SHORT
2026-02-03 08:07:58,853 | SentinelBot | INFO | 🚫 ENTRY_BLOCKED | BAD_RR | UNIUSDTM R:R = 1:2.00 < 1:2
2026-02-03 08:07:58,853 | SentinelBot | INFO | 🔍 Scanning ATOMUSDTM...
2026-02-03 08:07:59,527 | SentinelBot | INFO |    📊 ATOMUSDTM: Rec=NO_TRADE (Qual=0.48)
2026-02-03 08:07:59,527 | SentinelBot | INFO | 🔍 Scanning XLMUSDTM...
2026-02-03 08:08:00,390 | SentinelBot | INFO | ✅ HTF CONFIRMED: H1 Trend aligns with SHORT
2026-02-03 08:08:00,391 | SentinelBot | INFO | 🚨 TRADE POTENTIAL: XLMUSDTM | Rec: ALLOW_TRADE
2026-02-03 08:08:00,391 | SentinelBot | INFO |    Reason: Strong setup (0.94) with confidence (0.88). Regime: MOMENTUM. Trend score: -0.60, bias: SHORT
2026-02-03 08:08:00,391 | SentinelBot | INFO |    Stats: Qual=0.94 | Conf=0.88 | Dir=SHORT
2026-02-03 08:08:00,392 | SentinelBot | INFO | 🚫 ENTRY_BLOCKED | BAD_RR | XLMUSDTM R:R = 1:0.00 < 1:2
2026-02-03 08:08:00,393 | SentinelBot | INFO | 🔍 Scanning ETCUSDTM...
2026-02-03 08:08:01,278 | SentinelBot | INFO | ✅ HTF CONFIRMED: H1 Trend aligns with SHORT
2026-02-03 08:08:01,278 | SentinelBot | INFO | 🚨 TRADE POTENTIAL: ETCUSDTM | Rec: ALLOW_TRADE
2026-02-03 08:08:01,278 | SentinelBot | INFO |    Reason: Strong setup (0.99) with confidence (0.89). Regime: TREND_BEAR. Trend score: -0.35, bias: SHORT
2026-02-03 08:08:01,279 | SentinelBot | INFO |    Stats: Qual=0.98 | Conf=0.89 | Dir=SHORT
2026-02-03 08:08:01,279 | SentinelBot | INFO | 🚫 ENTRY_BLOCKED | BAD_RR | ETCUSDTM R:R = 1:2.00 < 1:2
2026-02-03 08:08:01,279 | SentinelBot | INFO | 🔍 Scanning FILUSDTM...
2026-02-03 08:08:02,186 | SentinelBot | INFO | ⚠️ HTF MISMATCH: FILUSDTM Short vs Bull Trend. ALLOWED due to High Confidence (0.87)
2026-02-03 08:08:02,186 | SentinelBot | INFO | ✅ HTF CONFIRMED: H1 Trend aligns with SHORT
2026-02-03 08:08:02,186 | SentinelBot | INFO | 🚨 TRADE POTENTIAL: FILUSDTM | Rec: ALLOW_TRADE
2026-02-03 08:08:02,186 | SentinelBot | INFO |    Reason: Strong setup (0.97) with confidence (0.87). Regime: TREND_BEAR. Trend score: -0.35, bias: SHORT
2026-02-03 08:08:02,187 | SentinelBot | INFO |    Stats: Qual=0.97 | Conf=0.87 | Dir=SHORT
2026-02-03 08:08:02,187 | SentinelBot | INFO | 🚫 ENTRY_BLOCKED | BAD_RR | FILUSDTM R:R = 1:2.00 < 1:2
2026-02-03 08:08:02,187 | SentinelBot | INFO | 🔍 Scanning APTUSDTM...
2026-02-03 08:08:03,177 | SentinelBot | INFO | ✅ HTF CONFIRMED: H1 Trend aligns with SHORT
2026-02-03 08:08:03,177 | SentinelBot | INFO | 🚨 TRADE POTENTIAL: APTUSDTM | Rec: ALLOW_TRADE
2026-02-03 08:08:03,178 | SentinelBot | INFO |    Reason: Strong setup (1.00) with confidence (0.90). Regime: TREND_BEAR. Trend score: -0.40, bias: SHORT
2026-02-03 08:08:03,178 | SentinelBot | INFO |    Stats: Qual=1.00 | Conf=0.90 | Dir=SHORT
2026-02-03 08:08:03,179 | SentinelBot | INFO | ⏳ BIAS_DETECTED | APTUSDTM SHORT | Waiting for Zone [1.273126 - 1.274210]
2026-02-03 08:08:03,179 | SentinelBot | INFO | 🔍 Scanning ARBUSDTM...
2026-02-03 08:08:04,086 | SentinelBot | INFO | ✅ HTF CONFIRMED: H1 Trend aligns with SHORT
2026-02-03 08:08:04,087 | SentinelBot | INFO | 🚨 TRADE POTENTIAL: ARBUSDTM | Rec: MICRO_TRADE
2026-02-03 08:08:04,087 | SentinelBot | INFO |    Reason: Good setup (0.88) but low confidence (0.53). Regime: RANGE. Trend score: -0.20, bias: SHORT
2026-02-03 08:08:04,088 | SentinelBot | INFO |    Stats: Qual=0.88 | Conf=0.53 | Dir=SHORT
2026-02-03 08:08:04,088 | SentinelBot | INFO | 🚫 ENTRY_BLOCKED | BAD_RR | ARBUSDTM R:R = 1:2.00 < 1:2
2026-02-03 08:08:04,089 | SentinelBot | INFO | 🔍 Scanning OPUSDTM...
2026-02-03 08:08:05,067 | SentinelBot | INFO | ✅ HTF CONFIRMED: H1 Trend aligns with SHORT
2026-02-03 08:08:05,067 | SentinelBot | INFO | 🚨 TRADE POTENTIAL: OPUSDTM | Rec: MICRO_TRADE
2026-02-03 08:08:05,068 | SentinelBot | INFO |    Reason: Good setup (0.78) but low confidence (0.47). Regime: RANGE. Trend score: -0.15, bias: SHORT
2026-02-03 08:08:05,068 | SentinelBot | INFO |    Stats: Qual=0.78 | Conf=0.47 | Dir=SHORT
2026-02-03 08:08:05,069 | SentinelBot | INFO | 🚫 ENTRY_BLOCKED | BAD_RR | OPUSDTM R:R = 1:2.00 < 1:2
2026-02-03 08:08:05,070 | SentinelBot | INFO | 🔍 Scanning SUIUSDTM...
2026-02-03 08:08:06,002 | SentinelBot | INFO | ✅ HTF CONFIRMED: H1 Trend aligns with SHORT
2026-02-03 08:08:06,002 | SentinelBot | INFO | 🚨 TRADE POTENTIAL: SUIUSDTM | Rec: ALLOW_TRADE
2026-02-03 08:08:06,003 | SentinelBot | INFO |    Reason: Strong setup (0.89) with confidence (0.80). Regime: TREND_BEAR. Trend score: -0.30, bias: SHORT
2026-02-03 08:08:06,003 | SentinelBot | INFO |    Stats: Qual=0.89 | Conf=0.80 | Dir=SHORT
2026-02-03 08:08:06,003 | SentinelBot | INFO | 🚫 ENTRY_BLOCKED | BAD_RR | SUIUSDTM R:R = 1:2.00 < 1:2
2026-02-03 08:08:06,004 | SentinelBot | INFO | 🔍 Scanning PEPEUSDTM...
2026-02-03 08:08:06,967 | SentinelBot | INFO | ✅ HTF CONFIRMED: H1 Trend aligns with SHORT
2026-02-03 08:08:06,967 | SentinelBot | INFO | 🚨 TRADE POTENTIAL: PEPEUSDTM | Rec: MICRO_TRADE
2026-02-03 08:08:06,967 | SentinelBot | INFO |    Reason: Good setup (0.86) but low confidence (0.51). Regime: RANGE. Trend score: -0.10, bias: SHORT
2026-02-03 08:08:06,969 | SentinelBot | INFO |    Stats: Qual=0.86 | Conf=0.51 | Dir=SHORT
2026-02-03 08:08:06,969 | SentinelBot | INFO | 🚫 ENTRY_BLOCKED | BAD_RR | PEPEUSDTM R:R = 1:0.00 < 1:2
2026-02-03 08:08:06,970 | SentinelBot | INFO | 🔍 Scanning NEARUSDTM...
2026-02-03 08:08:07,928 | SentinelBot | INFO | ✅ HTF CONFIRMED: H1 Trend aligns with SHORT
2026-02-03 08:08:07,928 | SentinelBot | INFO | 🚨 TRADE POTENTIAL: NEARUSDTM | Rec: MICRO_TRADE
2026-02-03 08:08:07,928 | SentinelBot | INFO |    Reason: Good setup (0.84) but low confidence (0.51). Regime: RANGE. Trend score: -0.05, bias: SHORT
2026-02-03 08:08:07,928 | SentinelBot | INFO |    Stats: Qual=0.84 | Conf=0.51 | Dir=SHORT
2026-02-03 08:08:07,928 | SentinelBot | INFO | 🚫 ENTRY_BLOCKED | BAD_RR | NEARUSDTM R:R = 1:0.00 < 1:2
2026-02-03 08:08:07,928 | SentinelBot | INFO | 🔍 Scanning RNDRUSDTM...
2026-02-03 08:08:08,791 | SentinelBot | INFO | ✅ HTF CONFIRMED: H1 Trend aligns with SHORT
2026-02-03 08:08:08,792 | SentinelBot | INFO | 🚨 TRADE POTENTIAL: RNDRUSDTM | Rec: MICRO_TRADE
2026-02-03 08:08:08,792 | SentinelBot | INFO |    Reason: Good setup (0.87) but low confidence (0.52). Regime: RANGE. Trend score: -0.10, bias: SHORT
2026-02-03 08:08:08,792 | SentinelBot | INFO |    Stats: Qual=0.87 | Conf=0.52 | Dir=SHORT
2026-02-03 08:08:08,792 | SentinelBot | INFO | 🚫 ENTRY_BLOCKED | BAD_RR | RNDRUSDTM R:R = 1:0.00 < 1:2
2026-02-03 08:08:08,792 | SentinelBot | INFO | 🔍 Scanning INJUSDTM...
2026-02-03 08:08:09,771 | SentinelBot | INFO | ✅ HTF CONFIRMED: H1 Trend aligns with SHORT
2026-02-03 08:08:09,771 | SentinelBot | INFO | 🚨 TRADE POTENTIAL: INJUSDTM | Rec: MICRO_TRADE
2026-02-03 08:08:09,771 | SentinelBot | INFO |    Reason: Good setup (0.85) but low confidence (0.51). Regime: RANGE. Trend score: -0.20, bias: SHORT
2026-02-03 08:08:09,771 | SentinelBot | INFO |    Stats: Qual=0.85 | Conf=0.51 | Dir=SHORT
2026-02-03 08:08:09,773 | SentinelBot | INFO | 🚫 ENTRY_BLOCKED | BAD_RR | INJUSDTM R:R = 1:0.00 < 1:2
2026-02-03 08:08:09,773 | SentinelBot | INFO | 🔍 Scanning TIAUSDTM...
2026-02-03 08:08:10,756 | SentinelBot | INFO | 🛑 HTF MISMATCH: TIAUSDTM Signal SHORT vs Bull Trend. Blocked (Conf 0.65 < 0.75)
2026-02-03 08:08:10,756 | SentinelBot | INFO | 🔍 Scanning IMXUSDTM...
2026-02-03 08:08:11,647 | SentinelBot | INFO | ✅ HTF CONFIRMED: H1 Trend aligns with SHORT
2026-02-03 08:08:11,648 | SentinelBot | INFO | 🚨 TRADE POTENTIAL: IMXUSDTM | Rec: ALLOW_TRADE
2026-02-03 08:08:11,648 | SentinelBot | INFO |    Reason: Strong setup (1.00) with confidence (0.94). Regime: MOMENTUM. Trend score: -0.55, bias: SHORT
2026-02-03 08:08:11,648 | SentinelBot | INFO |    Stats: Qual=1.00 | Conf=0.94 | Dir=SHORT
2026-02-03 08:08:11,648 | SentinelBot | INFO | 🚫 ENTRY_BLOCKED | BAD_RR | IMXUSDTM R:R = 1:0.00 < 1:2
2026-02-03 08:08:11,649 | SentinelBot | INFO | 🔍 Scanning LDOUSDTM...
2026-02-03 08:08:12,553 | SentinelBot | INFO | ✅ HTF CONFIRMED: H1 Trend aligns with SHORT
2026-02-03 08:08:12,553 | SentinelBot | INFO | 🚨 TRADE POTENTIAL: LDOUSDTM | Rec: MICRO_TRADE
2026-02-03 08:08:12,553 | SentinelBot | INFO |    Reason: Good setup (0.86) but low confidence (0.52). Regime: RANGE. Trend score: -0.30, bias: SHORT
2026-02-03 08:08:12,553 | SentinelBot | INFO |    Stats: Qual=0.86 | Conf=0.52 | Dir=SHORT
2026-02-03 08:08:12,554 | SentinelBot | INFO | 🚫 ENTRY_BLOCKED | BAD_RR | LDOUSDTM R:R = 1:0.00 < 1:2
2026-02-03 08:08:16,255 | SentinelBot | INFO | 💓 Loop alive | Cycle 160 | Watching 30 symbols
2026-02-03 08:08:30,995 | SentinelBot | INFO | 💓 Loop alive | Cycle 170 | Watching 30 symbols
2026-02-03 08:08:45,298 | SentinelBot | INFO | 💓 Loop alive | Cycle 180 | Watching 30 symbols
2026-02-03 08:08:47,282 | SentinelBot | INFO | 🔍 Scanning XBTUSDTM...
2026-02-03 08:08:47,731 | SentinelBot | INFO | 🚫 ENTRY_BLOCKED | NO_TRADE_ZONE | XBTUSDTM price=78686.1000 inside range [78585.8150 - 78867.4850]
2026-02-03 08:08:47,732 | SentinelBot | INFO | 🔍 Scanning ETHUSDTM...
2026-02-03 08:08:48,668 | SentinelBot | INFO | ✅ HTF CONFIRMED: H1 Trend aligns with SHORT
2026-02-03 08:08:48,668 | SentinelBot | INFO | 🚨 TRADE POTENTIAL: ETHUSDTM | Rec: MICRO_TRADE
2026-02-03 08:08:48,669 | SentinelBot | INFO |    Reason: Good setup (0.65) but low confidence (0.39). Regime: RANGE. Trend score: 0.10, bias: SHORT
2026-02-03 08:08:48,669 | SentinelBot | INFO |    Stats: Qual=0.65 | Conf=0.39 | Dir=SHORT
2026-02-03 08:08:48,669 | SentinelBot | INFO | 🚫 ENTRY_BLOCKED | BAD_RR | ETHUSDTM R:R = 1:2.00 < 1:2
2026-02-03 08:08:48,670 | SentinelBot | INFO | 🔍 Scanning SOLUSDTM...
2026-02-03 08:08:49,571 | SentinelBot | INFO | ✅ HTF CONFIRMED: H1 Trend aligns with SHORT
2026-02-03 08:08:49,572 | SentinelBot | INFO | 🚨 TRADE POTENTIAL: SOLUSDTM | Rec: MICRO_TRADE
2026-02-03 08:08:49,572 | SentinelBot | INFO |    Reason: Good setup (0.88) but low confidence (0.53). Regime: RANGE. Trend score: -0.10, bias: SHORT
2026-02-03 08:08:49,572 | SentinelBot | INFO |    Stats: Qual=0.88 | Conf=0.53 | Dir=SHORT
2026-02-03 08:08:49,573 | SentinelBot | INFO | ⏳ BIAS_DETECTED | SOLUSDTM SHORT | Waiting for Zone [104.126125 - 104.160131]
2026-02-03 08:08:49,573 | SentinelBot | INFO | 🔍 Scanning BNBUSDTM...
2026-02-03 08:08:50,459 | SentinelBot | INFO | ✅ HTF CONFIRMED: H1 Trend aligns with SHORT
2026-02-03 08:08:50,459 | SentinelBot | INFO | 🚨 TRADE POTENTIAL: BNBUSDTM | Rec: MICRO_TRADE
2026-02-03 08:08:50,459 | SentinelBot | INFO |    Reason: Good setup (0.81) but low confidence (0.49). Regime: RANGE. Trend score: -0.10, bias: SHORT
2026-02-03 08:08:50,461 | SentinelBot | INFO |    Stats: Qual=0.81 | Conf=0.49 | Dir=SHORT
2026-02-03 08:08:50,461 | SentinelBot | INFO | ⏳ BIAS_DETECTED | BNBUSDTM SHORT | Waiting for Zone [772.606817 - 772.674801]
2026-02-03 08:08:50,461 | SentinelBot | INFO | 🔍 Scanning XRPUSDTM...
2026-02-03 08:08:51,440 | SentinelBot | INFO | ✅ HTF CONFIRMED: H1 Trend aligns with SHORT
2026-02-03 08:08:51,440 | SentinelBot | INFO | 🚨 TRADE POTENTIAL: XRPUSDTM | Rec: MICRO_TRADE
2026-02-03 08:08:51,441 | SentinelBot | INFO |    Reason: Good setup (0.93) but low confidence (0.56). Regime: RANGE. Trend score: -0.20, bias: SHORT
2026-02-03 08:08:51,441 | SentinelBot | INFO |    Stats: Qual=0.93 | Conf=0.56 | Dir=SHORT
2026-02-03 08:08:51,441 | SentinelBot | INFO | 🚫 ENTRY_BLOCKED | BAD_RR | XRPUSDTM R:R = 1:2.00 < 1:2
2026-02-03 08:08:51,442 | SentinelBot | INFO | 🔍 Scanning ADAUSDTM...
2026-02-03 08:08:52,346 | SentinelBot | INFO | 🛑 HTF MISMATCH: ADAUSDTM Signal SHORT vs Bull Trend. Blocked (Conf 0.41 < 0.75)
2026-02-03 08:08:52,347 | SentinelBot | INFO | 🔍 Scanning DOGEUSDTM...
2026-02-03 08:08:53,724 | SentinelBot | INFO | 🛑 HTF MISMATCH: DOGEUSDTM Signal SHORT vs Bull Trend. Blocked (Conf 0.39 < 0.75)
2026-02-03 08:08:53,725 | SentinelBot | INFO | 🔍 Scanning AVAXUSDTM...
2026-02-03 08:08:54,618 | SentinelBot | INFO | ✅ HTF CONFIRMED: H1 Trend aligns with SHORT
2026-02-03 08:08:54,619 | SentinelBot | INFO | 🚨 TRADE POTENTIAL: AVAXUSDTM | Rec: MICRO_TRADE
2026-02-03 08:08:54,619 | SentinelBot | INFO |    Reason: Good setup (0.91) but low confidence (0.55). Regime: RANGE. Trend score: -0.15, bias: SHORT
2026-02-03 08:08:54,619 | SentinelBot | INFO |    Stats: Qual=0.91 | Conf=0.55 | Dir=SHORT
2026-02-03 08:08:54,619 | SentinelBot | INFO | ⏳ BIAS_DETECTED | AVAXUSDTM SHORT | Waiting for Zone [10.117909 - 10.123811]
2026-02-03 08:08:54,621 | SentinelBot | INFO | 🔍 Scanning LINKUSDTM...
2026-02-03 08:08:55,491 | SentinelBot | INFO | ✅ HTF CONFIRMED: H1 Trend aligns with SHORT
2026-02-03 08:08:55,491 | SentinelBot | INFO | 🚨 TRADE POTENTIAL: LINKUSDTM | Rec: MICRO_TRADE
2026-02-03 08:08:55,491 | SentinelBot | INFO |    Reason: Good setup (0.82) but low confidence (0.49). Regime: RANGE. Trend score: -0.05, bias: SHORT
2026-02-03 08:08:55,492 | SentinelBot | INFO |    Stats: Qual=0.82 | Conf=0.49 | Dir=SHORT
2026-02-03 08:08:55,492 | SentinelBot | INFO | ⏳ BIAS_DETECTED | LINKUSDTM SHORT | Waiting for Zone [9.796977 - 9.797206]
2026-02-03 08:08:55,494 | SentinelBot | INFO | 🔍 Scanning DOTUSDTM...
2026-02-03 08:08:56,395 | SentinelBot | INFO | ✅ HTF CONFIRMED: H1 Trend aligns with SHORT
2026-02-03 08:08:56,395 | SentinelBot | INFO | 🚨 TRADE POTENTIAL: DOTUSDTM | Rec: ALLOW_TRADE
2026-02-03 08:08:56,395 | SentinelBot | INFO |    Reason: Strong setup (1.00) with confidence (0.60). Regime: RANGE. Trend score: -0.15, bias: SHORT
2026-02-03 08:08:56,395 | SentinelBot | INFO |    Stats: Qual=1.00 | Conf=0.60 | Dir=SHORT
2026-02-03 08:08:56,397 | SentinelBot | INFO | 🚫 ENTRY_BLOCKED | BAD_RR | DOTUSDTM R:R = 1:0.00 < 1:2
2026-02-03 08:08:56,397 | SentinelBot | INFO | 🔍 Scanning TRXUSDTM...
2026-02-03 08:08:56,777 | SentinelBot | INFO | 🚫 ENTRY_BLOCKED | NO_TRADE_ZONE | TRXUSDTM price=0.2834 inside range [0.2832 - 0.2836]
2026-02-03 08:08:56,778 | SentinelBot | INFO | 🔍 Scanning LTCUSDTM...
2026-02-03 08:08:57,682 | SentinelBot | INFO | ✅ HTF CONFIRMED: H1 Trend aligns with SHORT
2026-02-03 08:08:57,682 | SentinelBot | INFO | 🚨 TRADE POTENTIAL: LTCUSDTM | Rec: MICRO_TRADE
2026-02-03 08:08:57,683 | SentinelBot | INFO |    Reason: Good setup (0.69) but low confidence (0.41). Regime: RANGE. Trend score: 0.05, bias: SHORT
2026-02-03 08:08:57,683 | SentinelBot | INFO |    Stats: Qual=0.69 | Conf=0.41 | Dir=SHORT
2026-02-03 08:08:57,683 | SentinelBot | INFO | 🚫 ENTRY_BLOCKED | BAD_RR | LTCUSDTM R:R = 1:2.00 < 1:2
2026-02-03 08:08:57,685 | SentinelBot | INFO | 🔍 Scanning MATICUSDTM...
2026-02-03 08:08:58,549 | SentinelBot | INFO | 🛑 HTF MISMATCH: MATICUSDTM Signal LONG vs Bear Trend. Blocked (Conf 0.39 < 0.80)
2026-02-03 08:08:58,549 | SentinelBot | INFO | 🔍 Scanning SHIBUSDTM...
2026-02-03 08:08:59,256 | SentinelBot | INFO |    📊 SHIBUSDTM: Rec=NO_TRADE (Qual=0.58)
2026-02-03 08:08:59,257 | SentinelBot | INFO | 🔍 Scanning UNIUSDTM...
2026-02-03 08:09:00,167 | SentinelBot | INFO | ✅ HTF CONFIRMED: H1 Trend aligns with SHORT
2026-02-03 08:09:00,168 | SentinelBot | INFO | 🚨 TRADE POTENTIAL: UNIUSDTM | Rec: MICRO_TRADE
2026-02-03 08:09:00,168 | SentinelBot | INFO |    Reason: Good setup (0.83) but low confidence (0.50). Regime: RANGE. Trend score: -0.05, bias: SHORT
2026-02-03 08:09:00,168 | SentinelBot | INFO |    Stats: Qual=0.83 | Conf=0.50 | Dir=SHORT
2026-02-03 08:09:00,169 | SentinelBot | INFO | 🚫 ENTRY_BLOCKED | BAD_RR | UNIUSDTM R:R = 1:2.00 < 1:2
2026-02-03 08:09:00,169 | SentinelBot | INFO | 🔍 Scanning ATOMUSDTM...
2026-02-03 08:09:00,938 | SentinelBot | INFO |    📊 ATOMUSDTM: Rec=NO_TRADE (Qual=0.48)
2026-02-03 08:09:00,939 | SentinelBot | INFO | 🔍 Scanning XLMUSDTM...
2026-02-03 08:09:01,886 | SentinelBot | INFO | ✅ HTF CONFIRMED: H1 Trend aligns with SHORT
2026-02-03 08:09:01,886 | SentinelBot | INFO | 🚨 TRADE POTENTIAL: XLMUSDTM | Rec: ALLOW_TRADE
2026-02-03 08:09:01,887 | SentinelBot | INFO |    Reason: Strong setup (0.94) with confidence (0.88). Regime: MOMENTUM. Trend score: -0.60, bias: SHORT
2026-02-03 08:09:01,887 | SentinelBot | INFO |    Stats: Qual=0.94 | Conf=0.88 | Dir=SHORT
2026-02-03 08:09:01,887 | SentinelBot | INFO | 🚫 ENTRY_BLOCKED | BAD_RR | XLMUSDTM R:R = 1:0.00 < 1:2
2026-02-03 08:09:01,888 | SentinelBot | INFO | 🔍 Scanning ETCUSDTM...
2026-02-03 08:09:02,908 | SentinelBot | INFO | ✅ HTF CONFIRMED: H1 Trend aligns with SHORT
2026-02-03 08:09:02,909 | SentinelBot | INFO | 🚨 TRADE POTENTIAL: ETCUSDTM | Rec: ALLOW_TRADE
2026-02-03 08:09:02,909 | SentinelBot | INFO |    Reason: Strong setup (0.99) with confidence (0.89). Regime: TREND_BEAR. Trend score: -0.35, bias: SHORT
2026-02-03 08:09:02,909 | SentinelBot | INFO |    Stats: Qual=0.98 | Conf=0.89 | Dir=SHORT
2026-02-03 08:09:02,909 | SentinelBot | INFO | 🚫 ENTRY_BLOCKED | BAD_RR | ETCUSDTM R:R = 1:2.00 < 1:2
2026-02-03 08:09:02,910 | SentinelBot | INFO | 🔍 Scanning FILUSDTM...
2026-02-03 08:09:03,815 | SentinelBot | INFO | ⚠️ HTF MISMATCH: FILUSDTM Short vs Bull Trend. ALLOWED due to High Confidence (0.87)
2026-02-03 08:09:03,815 | SentinelBot | INFO | ✅ HTF CONFIRMED: H1 Trend aligns with SHORT
2026-02-03 08:09:03,815 | SentinelBot | INFO | 🚨 TRADE POTENTIAL: FILUSDTM | Rec: ALLOW_TRADE
2026-02-03 08:09:03,815 | SentinelBot | INFO |    Reason: Strong setup (0.97) with confidence (0.87). Regime: TREND_BEAR. Trend score: -0.35, bias: SHORT
2026-02-03 08:09:03,815 | SentinelBot | INFO |    Stats: Qual=0.97 | Conf=0.87 | Dir=SHORT
2026-02-03 08:09:03,815 | SentinelBot | INFO | 🚫 ENTRY_BLOCKED | BAD_RR | FILUSDTM R:R = 1:2.00 < 1:2
2026-02-03 08:09:03,815 | SentinelBot | INFO | 🔍 Scanning APTUSDTM...
2026-02-03 08:09:04,737 | SentinelBot | INFO | ✅ HTF CONFIRMED: H1 Trend aligns with SHORT
2026-02-03 08:09:04,737 | SentinelBot | INFO | 🚨 TRADE POTENTIAL: APTUSDTM | Rec: ALLOW_TRADE
2026-02-03 08:09:04,737 | SentinelBot | INFO |    Reason: Strong setup (1.00) with confidence (0.90). Regime: TREND_BEAR. Trend score: -0.40, bias: SHORT
2026-02-03 08:09:04,739 | SentinelBot | INFO |    Stats: Qual=1.00 | Conf=0.90 | Dir=SHORT
2026-02-03 08:09:04,739 | SentinelBot | INFO | ⏳ BIAS_DETECTED | APTUSDTM SHORT | Waiting for Zone [1.273126 - 1.274210]
2026-02-03 08:09:04,739 | SentinelBot | INFO | 🔍 Scanning ARBUSDTM...
2026-02-03 08:09:05,683 | SentinelBot | INFO | ✅ HTF CONFIRMED: H1 Trend aligns with SHORT
2026-02-03 08:09:05,683 | SentinelBot | INFO | 🚨 TRADE POTENTIAL: ARBUSDTM | Rec: MICRO_TRADE
2026-02-03 08:09:05,684 | SentinelBot | INFO |    Reason: Good setup (0.88) but low confidence (0.53). Regime: RANGE. Trend score: -0.20, bias: SHORT
2026-02-03 08:09:05,684 | SentinelBot | INFO |    Stats: Qual=0.88 | Conf=0.53 | Dir=SHORT
2026-02-03 08:09:05,685 | SentinelBot | INFO | 🚫 ENTRY_BLOCKED | BAD_RR | ARBUSDTM R:R = 1:2.00 < 1:2
2026-02-03 08:09:05,685 | SentinelBot | INFO | 🔍 Scanning OPUSDTM...
2026-02-03 08:09:06,621 | SentinelBot | INFO | ✅ HTF CONFIRMED: H1 Trend aligns with SHORT
2026-02-03 08:09:06,622 | SentinelBot | INFO | 🚨 TRADE POTENTIAL: OPUSDTM | Rec: MICRO_TRADE
2026-02-03 08:09:06,622 | SentinelBot | INFO |    Reason: Good setup (0.78) but low confidence (0.47). Regime: RANGE. Trend score: -0.15, bias: SHORT
2026-02-03 08:09:06,622 | SentinelBot | INFO |    Stats: Qual=0.78 | Conf=0.47 | Dir=SHORT
2026-02-03 08:09:06,622 | SentinelBot | INFO | 🚫 ENTRY_BLOCKED | BAD_RR | OPUSDTM R:R = 1:2.00 < 1:2
2026-02-03 08:09:06,622 | SentinelBot | INFO | 🔍 Scanning SUIUSDTM...
2026-02-03 08:09:07,501 | SentinelBot | INFO | ✅ HTF CONFIRMED: H1 Trend aligns with SHORT
2026-02-03 08:09:07,501 | SentinelBot | INFO | 🚨 TRADE POTENTIAL: SUIUSDTM | Rec: ALLOW_TRADE
2026-02-03 08:09:07,501 | SentinelBot | INFO |    Reason: Strong setup (0.89) with confidence (0.80). Regime: TREND_BEAR. Trend score: -0.30, bias: SHORT
2026-02-03 08:09:07,502 | SentinelBot | INFO |    Stats: Qual=0.89 | Conf=0.80 | Dir=SHORT
2026-02-03 08:09:07,503 | SentinelBot | INFO | 🚫 ENTRY_BLOCKED | BAD_RR | SUIUSDTM R:R = 1:2.00 < 1:2
2026-02-03 08:09:07,503 | SentinelBot | INFO | 🔍 Scanning PEPEUSDTM...
2026-02-03 08:09:08,425 | SentinelBot | INFO | ✅ HTF CONFIRMED: H1 Trend aligns with SHORT
2026-02-03 08:09:08,426 | SentinelBot | INFO | 🚨 TRADE POTENTIAL: PEPEUSDTM | Rec: MICRO_TRADE
2026-02-03 08:09:08,426 | SentinelBot | INFO |    Reason: Good setup (0.86) but low confidence (0.51). Regime: RANGE. Trend score: -0.10, bias: SHORT
2026-02-03 08:09:08,426 | SentinelBot | INFO |    Stats: Qual=0.86 | Conf=0.51 | Dir=SHORT
2026-02-03 08:09:08,427 | SentinelBot | INFO | 🚫 ENTRY_BLOCKED | BAD_RR | PEPEUSDTM R:R = 1:0.00 < 1:2
2026-02-03 08:09:08,427 | SentinelBot | INFO | 🔍 Scanning NEARUSDTM...
2026-02-03 08:09:09,339 | SentinelBot | INFO | ✅ HTF CONFIRMED: H1 Trend aligns with SHORT
2026-02-03 08:09:09,340 | SentinelBot | INFO | 🚨 TRADE POTENTIAL: NEARUSDTM | Rec: MICRO_TRADE
2026-02-03 08:09:09,340 | SentinelBot | INFO |    Reason: Good setup (0.84) but low confidence (0.51). Regime: RANGE. Trend score: -0.05, bias: SHORT
2026-02-03 08:09:09,341 | SentinelBot | INFO |    Stats: Qual=0.84 | Conf=0.51 | Dir=SHORT
2026-02-03 08:09:09,341 | SentinelBot | INFO | 🚫 ENTRY_BLOCKED | BAD_RR | NEARUSDTM R:R = 1:0.00 < 1:2
2026-02-03 08:09:09,341 | SentinelBot | INFO | 🔍 Scanning RNDRUSDTM...
2026-02-03 08:09:10,205 | SentinelBot | INFO | ✅ HTF CONFIRMED: H1 Trend aligns with SHORT
2026-02-03 08:09:10,205 | SentinelBot | INFO | 🚨 TRADE POTENTIAL: RNDRUSDTM | Rec: MICRO_TRADE
2026-02-03 08:09:10,205 | SentinelBot | INFO |    Reason: Good setup (0.87) but low confidence (0.52). Regime: RANGE. Trend score: -0.10, bias: SHORT
2026-02-03 08:09:10,211 | SentinelBot | INFO |    Stats: Qual=0.87 | Conf=0.52 | Dir=SHORT
2026-02-03 08:09:10,211 | SentinelBot | INFO | 🚫 ENTRY_BLOCKED | BAD_RR | RNDRUSDTM R:R = 1:0.00 < 1:2
2026-02-03 08:09:10,211 | SentinelBot | INFO | 🔍 Scanning INJUSDTM...
2026-02-03 08:09:11,158 | SentinelBot | INFO | ✅ HTF CONFIRMED: H1 Trend aligns with SHORT
2026-02-03 08:09:11,159 | SentinelBot | INFO | 🚨 TRADE POTENTIAL: INJUSDTM | Rec: MICRO_TRADE
2026-02-03 08:09:11,159 | SentinelBot | INFO |    Reason: Good setup (0.85) but low confidence (0.51). Regime: RANGE. Trend score: -0.20, bias: SHORT
2026-02-03 08:09:11,159 | SentinelBot | INFO |    Stats: Qual=0.85 | Conf=0.51 | Dir=SHORT
2026-02-03 08:09:11,160 | SentinelBot | INFO | 🚫 ENTRY_BLOCKED | BAD_RR | INJUSDTM R:R = 1:0.00 < 1:2
2026-02-03 08:09:11,161 | SentinelBot | INFO | 🔍 Scanning TIAUSDTM...
2026-02-03 08:09:12,145 | SentinelBot | INFO | 🛑 HTF MISMATCH: TIAUSDTM Signal SHORT vs Bull Trend. Blocked (Conf 0.65 < 0.75)
2026-02-03 08:09:12,146 | SentinelBot | INFO | 🔍 Scanning IMXUSDTM...
2026-02-03 08:09:13,095 | SentinelBot | INFO | ✅ HTF CONFIRMED: H1 Trend aligns with SHORT
2026-02-03 08:09:13,095 | SentinelBot | INFO | 🚨 TRADE POTENTIAL: IMXUSDTM | Rec: ALLOW_TRADE
2026-02-03 08:09:13,095 | SentinelBot | INFO |    Reason: Strong setup (1.00) with confidence (0.94). Regime: MOMENTUM. Trend score: -0.55, bias: SHORT
2026-02-03 08:09:13,095 | SentinelBot | INFO |    Stats: Qual=1.00 | Conf=0.94 | Dir=SHORT
2026-02-03 08:09:13,095 | SentinelBot | INFO | 🚫 ENTRY_BLOCKED | BAD_RR | IMXUSDTM R:R = 1:0.00 < 1:2
2026-02-03 08:09:13,095 | SentinelBot | INFO | 🔍 Scanning LDOUSDTM...
2026-02-03 08:09:14,135 | SentinelBot | INFO | ✅ HTF CONFIRMED: H1 Trend aligns with SHORT
2026-02-03 08:09:14,135 | SentinelBot | INFO | 🚨 TRADE POTENTIAL: LDOUSDTM | Rec: MICRO_TRADE
2026-02-03 08:09:14,135 | SentinelBot | INFO |    Reason: Good setup (0.86) but low confidence (0.52). Regime: RANGE. Trend score: -0.30, bias: SHORT
2026-02-03 08:09:14,137 | SentinelBot | INFO |    Stats: Qual=0.86 | Conf=0.52 | Dir=SHORT
2026-02-03 08:09:14,137 | SentinelBot | INFO | 🚫 ENTRY_BLOCKED | BAD_RR | LDOUSDTM R:R = 1:0.00 < 1:2
2026-02-03 08:09:27,553 | SentinelBot | INFO | 💓 Loop alive | Cycle 190 | Watching 30 symbols
2026-02-03 08:09:42,220 | SentinelBot | INFO | 💓 Loop alive | Cycle 200 | Watching 30 symbols
2026-02-03 08:09:48,555 | SentinelBot | INFO | 🔍 Scanning XBTUSDTM...
2026-02-03 08:09:48,977 | SentinelBot | INFO | 🚫 ENTRY_BLOCKED | NO_TRADE_ZONE | XBTUSDTM price=78686.1000 inside range [78585.8150 - 78867.4850]
2026-02-03 08:09:48,978 | SentinelBot | INFO | 🔍 Scanning ETHUSDTM...
2026-02-03 08:09:50,027 | SentinelBot | INFO | ✅ HTF CONFIRMED: H1 Trend aligns with SHORT
2026-02-03 08:09:50,028 | SentinelBot | INFO | 🚨 TRADE POTENTIAL: ETHUSDTM | Rec: MICRO_TRADE
2026-02-03 08:09:50,029 | SentinelBot | INFO |    Reason: Good setup (0.65) but low confidence (0.39). Regime: RANGE. Trend score: 0.10, bias: SHORT
2026-02-03 08:09:50,029 | SentinelBot | INFO |    Stats: Qual=0.65 | Conf=0.39 | Dir=SHORT
2026-02-03 08:09:50,029 | SentinelBot | INFO | 🚫 ENTRY_BLOCKED | BAD_RR | ETHUSDTM R:R = 1:2.00 < 1:2
2026-02-03 08:09:50,031 | SentinelBot | INFO | 🔍 Scanning SOLUSDTM...
2026-02-03 08:09:51,251 | SentinelBot | INFO | ✅ HTF CONFIRMED: H1 Trend aligns with SHORT
2026-02-03 08:09:51,251 | SentinelBot | INFO | 🚨 TRADE POTENTIAL: SOLUSDTM | Rec: MICRO_TRADE
2026-02-03 08:09:51,251 | SentinelBot | INFO |    Reason: Good setup (0.88) but low confidence (0.53). Regime: RANGE. Trend score: -0.10, bias: SHORT
2026-02-03 08:09:51,252 | SentinelBot | INFO |    Stats: Qual=0.88 | Conf=0.53 | Dir=SHORT
2026-02-03 08:09:51,252 | SentinelBot | INFO | ⏳ BIAS_DETECTED | SOLUSDTM SHORT | Waiting for Zone [104.126125 - 104.160131]
2026-02-03 08:09:51,253 | SentinelBot | INFO | 🔍 Scanning BNBUSDTM...
2026-02-03 08:09:53,021 | SentinelBot | INFO | ✅ HTF CONFIRMED: H1 Trend aligns with SHORT
2026-02-03 08:09:53,021 | SentinelBot | INFO | 🚨 TRADE POTENTIAL: BNBUSDTM | Rec: MICRO_TRADE
2026-02-03 08:09:53,021 | SentinelBot | INFO |    Reason: Good setup (0.81) but low confidence (0.49). Regime: RANGE. Trend score: -0.10, bias: SHORT
2026-02-03 08:09:53,021 | SentinelBot | INFO |    Stats: Qual=0.81 | Conf=0.49 | Dir=SHORT
2026-02-03 08:09:53,021 | SentinelBot | INFO | ⏳ BIAS_DETECTED | BNBUSDTM SHORT | Waiting for Zone [772.606817 - 772.674801]
2026-02-03 08:09:53,021 | SentinelBot | INFO | 🔍 Scanning XRPUSDTM...
2026-02-03 08:09:54,003 | SentinelBot | INFO | ✅ HTF CONFIRMED: H1 Trend aligns with SHORT
2026-02-03 08:09:54,006 | SentinelBot | INFO | 🚨 TRADE POTENTIAL: XRPUSDTM | Rec: MICRO_TRADE
2026-02-03 08:09:54,006 | SentinelBot | INFO |    Reason: Good setup (0.93) but low confidence (0.56). Regime: RANGE. Trend score: -0.20, bias: SHORT
2026-02-03 08:09:54,006 | SentinelBot | INFO |    Stats: Qual=0.93 | Conf=0.56 | Dir=SHORT
2026-02-03 08:09:54,008 | SentinelBot | INFO | 🚫 ENTRY_BLOCKED | BAD_RR | XRPUSDTM R:R = 1:2.00 < 1:2
2026-02-03 08:09:54,008 | SentinelBot | INFO | 🔍 Scanning ADAUSDTM...
2026-02-03 08:09:55,055 | SentinelBot | INFO | 🛑 HTF MISMATCH: ADAUSDTM Signal SHORT vs Bull Trend. Blocked (Conf 0.41 < 0.75)
2026-02-03 08:09:55,055 | SentinelBot | INFO | 🔍 Scanning DOGEUSDTM...
2026-02-03 08:09:56,146 | SentinelBot | INFO | 🛑 HTF MISMATCH: DOGEUSDTM Signal SHORT vs Bull Trend. Blocked (Conf 0.39 < 0.75)
2026-02-03 08:09:56,146 | SentinelBot | INFO | 🔍 Scanning AVAXUSDTM...
2026-02-03 08:09:57,277 | SentinelBot | INFO | ✅ HTF CONFIRMED: H1 Trend aligns with SHORT
2026-02-03 08:09:57,277 | SentinelBot | INFO | 🚨 TRADE POTENTIAL: AVAXUSDTM | Rec: MICRO_TRADE
2026-02-03 08:09:57,277 | SentinelBot | INFO |    Reason: Good setup (0.91) but low confidence (0.55). Regime: RANGE. Trend score: -0.15, bias: SHORT
2026-02-03 08:09:57,280 | SentinelBot | INFO |    Stats: Qual=0.91 | Conf=0.55 | Dir=SHORT
2026-02-03 08:09:57,280 | SentinelBot | INFO | ⏳ BIAS_DETECTED | AVAXUSDTM SHORT | Waiting for Zone [10.117909 - 10.123811]
2026-02-03 08:09:57,281 | SentinelBot | INFO | 🔍 Scanning LINKUSDTM...
2026-02-03 08:09:58,385 | SentinelBot | INFO | ✅ HTF CONFIRMED: H1 Trend aligns with SHORT
2026-02-03 08:09:58,385 | SentinelBot | INFO | 🚨 TRADE POTENTIAL: LINKUSDTM | Rec: MICRO_TRADE
2026-02-03 08:09:58,385 | SentinelBot | INFO |    Reason: Good setup (0.82) but low confidence (0.49). Regime: RANGE. Trend score: -0.05, bias: SHORT
2026-02-03 08:09:58,385 | SentinelBot | INFO |    Stats: Qual=0.82 | Conf=0.49 | Dir=SHORT
2026-02-03 08:09:58,388 | SentinelBot | INFO | ⏳ BIAS_DETECTED | LINKUSDTM SHORT | Waiting for Zone [9.796977 - 9.797206]
2026-02-03 08:09:58,388 | SentinelBot | INFO | 🔍 Scanning DOTUSDTM...
2026-02-03 08:09:59,380 | SentinelBot | INFO | ✅ HTF CONFIRMED: H1 Trend aligns with SHORT
2026-02-03 08:09:59,381 | SentinelBot | INFO | 🚨 TRADE POTENTIAL: DOTUSDTM | Rec: ALLOW_TRADE
2026-02-03 08:09:59,381 | SentinelBot | INFO |    Reason: Strong setup (1.00) with confidence (0.60). Regime: RANGE. Trend score: -0.15, bias: SHORT
2026-02-03 08:09:59,381 | SentinelBot | INFO |    Stats: Qual=1.00 | Conf=0.60 | Dir=SHORT
2026-02-03 08:09:59,381 | SentinelBot | INFO | 🚫 ENTRY_BLOCKED | BAD_RR | DOTUSDTM R:R = 1:0.00 < 1:2
2026-02-03 08:09:59,382 | SentinelBot | INFO | 🔍 Scanning TRXUSDTM...
2026-02-03 08:09:59,797 | SentinelBot | INFO | 🚫 ENTRY_BLOCKED | NO_TRADE_ZONE | TRXUSDTM price=0.2834 inside range [0.2832 - 0.2836]
2026-02-03 08:09:59,798 | SentinelBot | INFO | 🔍 Scanning LTCUSDTM...
2026-02-03 08:10:00,805 | SentinelBot | INFO | ✅ HTF CONFIRMED: H1 Trend aligns with SHORT
2026-02-03 08:10:00,805 | SentinelBot | INFO | 🚨 TRADE POTENTIAL: LTCUSDTM | Rec: MICRO_TRADE
2026-02-03 08:10:00,806 | SentinelBot | INFO |    Reason: Good setup (0.69) but low confidence (0.41). Regime: RANGE. Trend score: 0.05, bias: SHORT
2026-02-03 08:10:00,806 | SentinelBot | INFO |    Stats: Qual=0.69 | Conf=0.41 | Dir=SHORT
2026-02-03 08:10:00,806 | SentinelBot | INFO | 🚫 ENTRY_BLOCKED | BAD_RR | LTCUSDTM R:R = 1:2.00 < 1:2
2026-02-03 08:10:00,807 | SentinelBot | INFO | 🔍 Scanning MATICUSDTM...
2026-02-03 08:10:01,781 | SentinelBot | INFO | 🛑 HTF MISMATCH: MATICUSDTM Signal LONG vs Bear Trend. Blocked (Conf 0.39 < 0.80)
2026-02-03 08:10:01,782 | SentinelBot | INFO | 🔍 Scanning SHIBUSDTM...
2026-02-03 08:10:02,593 | SentinelBot | INFO |    📊 SHIBUSDTM: Rec=NO_TRADE (Qual=0.58)
2026-02-03 08:10:02,594 | SentinelBot | INFO | 🔍 Scanning UNIUSDTM...
2026-02-03 08:10:03,827 | SentinelBot | INFO | ✅ HTF CONFIRMED: H1 Trend aligns with SHORT
2026-02-03 08:10:03,827 | SentinelBot | INFO | 🚨 TRADE POTENTIAL: UNIUSDTM | Rec: MICRO_TRADE
2026-02-03 08:10:03,827 | SentinelBot | INFO |    Reason: Good setup (0.83) but low confidence (0.50). Regime: RANGE. Trend score: -0.05, bias: SHORT
2026-02-03 08:10:03,827 | SentinelBot | INFO |    Stats: Qual=0.83 | Conf=0.50 | Dir=SHORT
2026-02-03 08:10:03,827 | SentinelBot | INFO | 🚫 ENTRY_BLOCKED | BAD_RR | UNIUSDTM R:R = 1:2.00 < 1:2
2026-02-03 08:10:03,830 | SentinelBot | INFO | 🔍 Scanning ATOMUSDTM...
2026-02-03 08:10:04,696 | SentinelBot | INFO |    📊 ATOMUSDTM: Rec=NO_TRADE (Qual=0.48)
2026-02-03 08:10:04,698 | SentinelBot | INFO | 🔍 Scanning XLMUSDTM...
2026-02-03 08:10:05,761 | SentinelBot | INFO | ✅ HTF CONFIRMED: H1 Trend aligns with SHORT
2026-02-03 08:10:05,762 | SentinelBot | INFO | 🚨 TRADE POTENTIAL: XLMUSDTM | Rec: ALLOW_TRADE
2026-02-03 08:10:05,762 | SentinelBot | INFO |    Reason: Strong setup (0.94) with confidence (0.88). Regime: MOMENTUM. Trend score: -0.60, bias: SHORT
2026-02-03 08:10:05,762 | SentinelBot | INFO |    Stats: Qual=0.94 | Conf=0.88 | Dir=SHORT
2026-02-03 08:10:05,763 | SentinelBot | INFO | 🚫 ENTRY_BLOCKED | BAD_RR | XLMUSDTM R:R = 1:0.00 < 1:2
2026-02-03 08:10:05,763 | SentinelBot | INFO | 🔍 Scanning ETCUSDTM...
2026-02-03 08:10:06,769 | SentinelBot | INFO | ✅ HTF CONFIRMED: H1 Trend aligns with SHORT
2026-02-03 08:10:06,769 | SentinelBot | INFO | 🚨 TRADE POTENTIAL: ETCUSDTM | Rec: ALLOW_TRADE
2026-02-03 08:10:06,769 | SentinelBot | INFO |    Reason: Strong setup (0.99) with confidence (0.89). Regime: TREND_BEAR. Trend score: -0.35, bias: SHORT
2026-02-03 08:10:06,770 | SentinelBot | INFO |    Stats: Qual=0.98 | Conf=0.89 | Dir=SHORT
2026-02-03 08:10:06,770 | SentinelBot | INFO | 🚫 ENTRY_BLOCKED | BAD_RR | ETCUSDTM R:R = 1:2.00 < 1:2
2026-02-03 08:10:06,771 | SentinelBot | INFO | 🔍 Scanning FILUSDTM...
2026-02-03 08:10:07,744 | SentinelBot | INFO | ⚠️ HTF MISMATCH: FILUSDTM Short vs Bull Trend. ALLOWED due to High Confidence (0.87)
2026-02-03 08:10:07,745 | SentinelBot | INFO | ✅ HTF CONFIRMED: H1 Trend aligns with SHORT
2026-02-03 08:10:07,745 | SentinelBot | INFO | 🚨 TRADE POTENTIAL: FILUSDTM | Rec: ALLOW_TRADE
2026-02-03 08:10:07,746 | SentinelBot | INFO |    Reason: Strong setup (0.97) with confidence (0.87). Regime: TREND_BEAR. Trend score: -0.35, bias: SHORT
2026-02-03 08:10:07,746 | SentinelBot | INFO |    Stats: Qual=0.97 | Conf=0.87 | Dir=SHORT
2026-02-03 08:10:07,746 | SentinelBot | INFO | 🚫 ENTRY_BLOCKED | BAD_RR | FILUSDTM R:R = 1:2.00 < 1:2
2026-02-03 08:10:07,748 | SentinelBot | INFO | 🔍 Scanning APTUSDTM...
2026-02-03 08:10:08,712 | SentinelBot | INFO | ✅ HTF CONFIRMED: H1 Trend aligns with SHORT
2026-02-03 08:10:08,713 | SentinelBot | INFO | 🚨 TRADE POTENTIAL: APTUSDTM | Rec: ALLOW_TRADE
2026-02-03 08:10:08,713 | SentinelBot | INFO |    Reason: Strong setup (1.00) with confidence (0.90). Regime: TREND_BEAR. Trend score: -0.40, bias: SHORT
2026-02-03 08:10:08,713 | SentinelBot | INFO |    Stats: Qual=1.00 | Conf=0.90 | Dir=SHORT
2026-02-03 08:10:08,715 | SentinelBot | INFO | ⏳ BIAS_DETECTED | APTUSDTM SHORT | Waiting for Zone [1.273126 - 1.274210]
2026-02-03 08:10:08,715 | SentinelBot | INFO | 🔍 Scanning ARBUSDTM...
2026-02-03 08:10:09,715 | SentinelBot | INFO | ✅ HTF CONFIRMED: H1 Trend aligns with SHORT
2026-02-03 08:10:09,715 | SentinelBot | INFO | 🚨 TRADE POTENTIAL: ARBUSDTM | Rec: MICRO_TRADE
2026-02-03 08:10:09,715 | SentinelBot | INFO |    Reason: Good setup (0.88) but low confidence (0.53). Regime: RANGE. Trend score: -0.20, bias: SHORT
2026-02-03 08:10:09,715 | SentinelBot | INFO |    Stats: Qual=0.88 | Conf=0.53 | Dir=SHORT
2026-02-03 08:10:09,715 | SentinelBot | INFO | 🚫 ENTRY_BLOCKED | BAD_RR | ARBUSDTM R:R = 1:2.00 < 1:2
2026-02-03 08:10:09,715 | SentinelBot | INFO | 🔍 Scanning OPUSDTM...
2026-02-03 08:10:10,746 | SentinelBot | INFO | ✅ HTF CONFIRMED: H1 Trend aligns with SHORT
2026-02-03 08:10:10,748 | SentinelBot | INFO | 🚨 TRADE POTENTIAL: OPUSDTM | Rec: MICRO_TRADE
2026-02-03 08:10:10,748 | SentinelBot | INFO |    Reason: Good setup (0.78) but low confidence (0.47). Regime: RANGE. Trend score: -0.15, bias: SHORT
2026-02-03 08:10:10,748 | SentinelBot | INFO |    Stats: Qual=0.78 | Conf=0.47 | Dir=SHORT
2026-02-03 08:10:10,748 | SentinelBot | INFO | 🚫 ENTRY_BLOCKED | BAD_RR | OPUSDTM R:R = 1:2.00 < 1:2
2026-02-03 08:10:10,750 | SentinelBot | INFO | 🔍 Scanning SUIUSDTM...
2026-02-03 08:10:11,739 | SentinelBot | INFO | ✅ HTF CONFIRMED: H1 Trend aligns with SHORT
2026-02-03 08:10:11,741 | SentinelBot | INFO | 🚨 TRADE POTENTIAL: SUIUSDTM | Rec: ALLOW_TRADE
2026-02-03 08:10:11,741 | SentinelBot | INFO |    Reason: Strong setup (0.89) with confidence (0.80). Regime: TREND_BEAR. Trend score: -0.30, bias: SHORT
2026-02-03 08:10:11,741 | SentinelBot | INFO |    Stats: Qual=0.89 | Conf=0.80 | Dir=SHORT
2026-02-03 08:10:11,741 | SentinelBot | INFO | 🚫 ENTRY_BLOCKED | BAD_RR | SUIUSDTM R:R = 1:2.00 < 1:2
2026-02-03 08:10:11,741 | SentinelBot | INFO | 🔍 Scanning PEPEUSDTM...
2026-02-03 08:10:13,046 | SentinelBot | INFO | ✅ HTF CONFIRMED: H1 Trend aligns with SHORT
2026-02-03 08:10:13,046 | SentinelBot | INFO | 🚨 TRADE POTENTIAL: PEPEUSDTM | Rec: MICRO_TRADE
2026-02-03 08:10:13,046 | SentinelBot | INFO |    Reason: Good setup (0.86) but low confidence (0.51). Regime: RANGE. Trend score: -0.10, bias: SHORT
2026-02-03 08:10:13,046 | SentinelBot | INFO |    Stats: Qual=0.86 | Conf=0.51 | Dir=SHORT
2026-02-03 08:10:13,046 | SentinelBot | INFO | 🚫 ENTRY_BLOCKED | BAD_RR | PEPEUSDTM R:R = 1:0.00 < 1:2
2026-02-03 08:10:13,050 | SentinelBot | INFO | 🔍 Scanning NEARUSDTM...
2026-02-03 08:10:15,356 | SentinelBot | INFO | ✅ HTF CONFIRMED: H1 Trend aligns with SHORT
2026-02-03 08:10:15,356 | SentinelBot | INFO | 🚨 TRADE POTENTIAL: NEARUSDTM | Rec: MICRO_TRADE
2026-02-03 08:10:15,357 | SentinelBot | INFO |    Reason: Good setup (0.84) but low confidence (0.51). Regime: RANGE. Trend score: -0.05, bias: SHORT
2026-02-03 08:10:15,357 | SentinelBot | INFO |    Stats: Qual=0.84 | Conf=0.51 | Dir=SHORT
2026-02-03 08:10:15,358 | SentinelBot | INFO | 🚫 ENTRY_BLOCKED | BAD_RR | NEARUSDTM R:R = 1:0.00 < 1:2
2026-02-03 08:10:15,358 | SentinelBot | INFO | 🔍 Scanning RNDRUSDTM...
2026-02-03 08:10:16,329 | SentinelBot | INFO | ✅ HTF CONFIRMED: H1 Trend aligns with SHORT
2026-02-03 08:10:16,330 | SentinelBot | INFO | 🚨 TRADE POTENTIAL: RNDRUSDTM | Rec: MICRO_TRADE
2026-02-03 08:10:16,330 | SentinelBot | INFO |    Reason: Good setup (0.87) but low confidence (0.52). Regime: RANGE. Trend score: -0.10, bias: SHORT
2026-02-03 08:10:16,331 | SentinelBot | INFO |    Stats: Qual=0.87 | Conf=0.52 | Dir=SHORT
2026-02-03 08:10:16,331 | SentinelBot | INFO | 🚫 ENTRY_BLOCKED | BAD_RR | RNDRUSDTM R:R = 1:0.00 < 1:2
2026-02-03 08:10:16,332 | SentinelBot | INFO | 🔍 Scanning INJUSDTM...
2026-02-03 08:10:17,496 | SentinelBot | INFO | ✅ HTF CONFIRMED: H1 Trend aligns with SHORT
2026-02-03 08:10:17,496 | SentinelBot | INFO | 🚨 TRADE POTENTIAL: INJUSDTM | Rec: MICRO_TRADE
2026-02-03 08:10:17,498 | SentinelBot | INFO |    Reason: Good setup (0.85) but low confidence (0.51). Regime: RANGE. Trend score: -0.20, bias: SHORT
2026-02-03 08:10:17,498 | SentinelBot | INFO |    Stats: Qual=0.85 | Conf=0.51 | Dir=SHORT
2026-02-03 08:10:17,498 | SentinelBot | INFO | 🚫 ENTRY_BLOCKED | BAD_RR | INJUSDTM R:R = 1:0.00 < 1:2
2026-02-03 08:10:17,498 | SentinelBot | INFO | 🔍 Scanning TIAUSDTM...
2026-02-03 08:10:18,677 | SentinelBot | INFO | 🛑 HTF MISMATCH: TIAUSDTM Signal SHORT vs Bull Trend. Blocked (Conf 0.65 < 0.75)
2026-02-03 08:10:18,678 | SentinelBot | INFO | 🔍 Scanning IMXUSDTM...
2026-02-03 08:10:19,678 | SentinelBot | INFO | ✅ HTF CONFIRMED: H1 Trend aligns with SHORT
2026-02-03 08:10:19,679 | SentinelBot | INFO | 🚨 TRADE POTENTIAL: IMXUSDTM | Rec: ALLOW_TRADE
2026-02-03 08:10:19,679 | SentinelBot | INFO |    Reason: Strong setup (1.00) with confidence (0.94). Regime: MOMENTUM. Trend score: -0.55, bias: SHORT
2026-02-03 08:10:19,679 | SentinelBot | INFO |    Stats: Qual=1.00 | Conf=0.94 | Dir=SHORT
2026-02-03 08:10:19,679 | SentinelBot | INFO | 🚫 ENTRY_BLOCKED | BAD_RR | IMXUSDTM R:R = 1:0.00 < 1:2
2026-02-03 08:10:19,681 | SentinelBot | INFO | 🔍 Scanning LDOUSDTM...
2026-02-03 08:10:20,669 | SentinelBot | INFO | ✅ HTF CONFIRMED: H1 Trend aligns with SHORT
2026-02-03 08:10:20,669 | SentinelBot | INFO | 🚨 TRADE POTENTIAL: LDOUSDTM | Rec: MICRO_TRADE
2026-02-03 08:10:20,669 | SentinelBot | INFO |    Reason: Good setup (0.86) but low confidence (0.52). Regime: RANGE. Trend score: -0.30, bias: SHORT
2026-02-03 08:10:20,669 | SentinelBot | INFO |    Stats: Qual=0.86 | Conf=0.52 | Dir=SHORT
2026-02-03 08:10:20,671 | SentinelBot | INFO | 🚫 ENTRY_BLOCKED | BAD_RR | LDOUSDTM R:R = 1:0.00 < 1:2
2026-02-03 08:10:30,192 | SentinelBot | INFO | 💓 Loop alive | Cycle 210 | Watching 30 symbols
2026-02-03 08:10:45,060 | SentinelBot | INFO | 💓 Loop alive | Cycle 220 | Watching 30 symbols
2026-02-03 08:10:49,951 | SentinelBot | INFO | 🔍 Scanning XBTUSDTM...
2026-02-03 08:10:50,404 | SentinelBot | INFO | 🚫 ENTRY_BLOCKED | NO_TRADE_ZONE | XBTUSDTM price=78686.1000 inside range [78585.8150 - 78867.4850]
2026-02-03 08:10:50,405 | SentinelBot | INFO | 🔍 Scanning ETHUSDTM...
2026-02-03 08:10:51,505 | SentinelBot | INFO | ✅ HTF CONFIRMED: H1 Trend aligns with SHORT
2026-02-03 08:10:51,505 | SentinelBot | INFO | 🚨 TRADE POTENTIAL: ETHUSDTM | Rec: MICRO_TRADE
2026-02-03 08:10:51,505 | SentinelBot | INFO |    Reason: Good setup (0.65) but low confidence (0.39). Regime: RANGE. Trend score: 0.10, bias: SHORT
2026-02-03 08:10:51,505 | SentinelBot | INFO |    Stats: Qual=0.65 | Conf=0.39 | Dir=SHORT
2026-02-03 08:10:51,505 | SentinelBot | INFO | 🚫 ENTRY_BLOCKED | BAD_RR | ETHUSDTM R:R = 1:2.00 < 1:2
2026-02-03 08:10:51,507 | SentinelBot | INFO | 🔍 Scanning SOLUSDTM...
2026-02-03 08:10:52,628 | SentinelBot | INFO | ✅ HTF CONFIRMED: H1 Trend aligns with SHORT
2026-02-03 08:10:52,630 | SentinelBot | INFO | 🚨 TRADE POTENTIAL: SOLUSDTM | Rec: MICRO_TRADE
2026-02-03 08:10:52,630 | SentinelBot | INFO |    Reason: Good setup (0.88) but low confidence (0.53). Regime: RANGE. Trend score: -0.10, bias: SHORT
2026-02-03 08:10:52,630 | SentinelBot | INFO |    Stats: Qual=0.88 | Conf=0.53 | Dir=SHORT
2026-02-03 08:10:52,631 | SentinelBot | INFO | ⏳ BIAS_DETECTED | SOLUSDTM SHORT | Waiting for Zone [104.126125 - 104.160131]
2026-02-03 08:10:52,631 | SentinelBot | INFO | 🔍 Scanning BNBUSDTM...
2026-02-03 08:10:53,705 | SentinelBot | INFO | ✅ HTF CONFIRMED: H1 Trend aligns with SHORT
2026-02-03 08:10:53,705 | SentinelBot | INFO | 🚨 TRADE POTENTIAL: BNBUSDTM | Rec: MICRO_TRADE
2026-02-03 08:10:53,705 | SentinelBot | INFO |    Reason: Good setup (0.81) but low confidence (0.49). Regime: RANGE. Trend score: -0.10, bias: SHORT
2026-02-03 08:10:53,705 | SentinelBot | INFO |    Stats: Qual=0.81 | Conf=0.49 | Dir=SHORT
2026-02-03 08:10:53,705 | SentinelBot | INFO | ⏳ BIAS_DETECTED | BNBUSDTM SHORT | Waiting for Zone [772.606817 - 772.674801]
2026-02-03 08:10:53,705 | SentinelBot | INFO | 🔍 Scanning XRPUSDTM...
2026-02-03 08:10:54,751 | SentinelBot | INFO | ✅ HTF CONFIRMED: H1 Trend aligns with SHORT
2026-02-03 08:10:54,751 | SentinelBot | INFO | 🚨 TRADE POTENTIAL: XRPUSDTM | Rec: MICRO_TRADE
2026-02-03 08:10:54,753 | SentinelBot | INFO |    Reason: Good setup (0.93) but low confidence (0.56). Regime: RANGE. Trend score: -0.20, bias: SHORT
2026-02-03 08:10:54,753 | SentinelBot | INFO |    Stats: Qual=0.93 | Conf=0.56 | Dir=SHORT
2026-02-03 08:10:54,753 | SentinelBot | INFO | 🚫 ENTRY_BLOCKED | BAD_RR | XRPUSDTM R:R = 1:2.00 < 1:2
2026-02-03 08:10:54,753 | SentinelBot | INFO | 🔍 Scanning ADAUSDTM...
2026-02-03 08:10:55,738 | SentinelBot | INFO | 🛑 HTF MISMATCH: ADAUSDTM Signal SHORT vs Bull Trend. Blocked (Conf 0.41 < 0.75)
2026-02-03 08:10:55,739 | SentinelBot | INFO | 🔍 Scanning DOGEUSDTM...
2026-02-03 08:10:56,713 | SentinelBot | INFO | 🛑 HTF MISMATCH: DOGEUSDTM Signal SHORT vs Bull Trend. Blocked (Conf 0.39 < 0.75)
2026-02-03 08:10:56,713 | SentinelBot | INFO | 🔍 Scanning AVAXUSDTM...
2026-02-03 08:10:57,972 | SentinelBot | INFO | ✅ HTF CONFIRMED: H1 Trend aligns with SHORT
2026-02-03 08:10:57,974 | SentinelBot | INFO | 🚨 TRADE POTENTIAL: AVAXUSDTM | Rec: MICRO_TRADE
2026-02-03 08:10:57,974 | SentinelBot | INFO |    Reason: Good setup (0.91) but low confidence (0.55). Regime: RANGE. Trend score: -0.15, bias: SHORT
2026-02-03 08:10:57,974 | SentinelBot | INFO |    Stats: Qual=0.91 | Conf=0.55 | Dir=SHORT
2026-02-03 08:10:57,974 | SentinelBot | INFO | ⏳ BIAS_DETECTED | AVAXUSDTM SHORT | Waiting for Zone [10.117909 - 10.123811]
2026-02-03 08:10:57,976 | SentinelBot | INFO | 🔍 Scanning LINKUSDTM...
2026-02-03 08:10:59,089 | SentinelBot | INFO | ✅ HTF CONFIRMED: H1 Trend aligns with SHORT
2026-02-03 08:10:59,089 | SentinelBot | INFO | 🚨 TRADE POTENTIAL: LINKUSDTM | Rec: MICRO_TRADE
2026-02-03 08:10:59,089 | SentinelBot | INFO |    Reason: Good setup (0.82) but low confidence (0.49). Regime: RANGE. Trend score: -0.05, bias: SHORT
2026-02-03 08:10:59,089 | SentinelBot | INFO |    Stats: Qual=0.82 | Conf=0.49 | Dir=SHORT
2026-02-03 08:10:59,089 | SentinelBot | INFO | ⏳ BIAS_DETECTED | LINKUSDTM SHORT | Waiting for Zone [9.796977 - 9.797206]
2026-02-03 08:10:59,093 | SentinelBot | INFO | 🔍 Scanning DOTUSDTM...
2026-02-03 08:11:00,195 | SentinelBot | INFO | ✅ HTF CONFIRMED: H1 Trend aligns with SHORT
2026-02-03 08:11:00,201 | SentinelBot | INFO | 🚨 TRADE POTENTIAL: DOTUSDTM | Rec: ALLOW_TRADE
2026-02-03 08:11:00,201 | SentinelBot | INFO |    Reason: Strong setup (1.00) with confidence (0.60). Regime: RANGE. Trend score: -0.15, bias: SHORT
2026-02-03 08:11:00,201 | SentinelBot | INFO |    Stats: Qual=1.00 | Conf=0.60 | Dir=SHORT
2026-02-03 08:11:00,203 | SentinelBot | INFO | 🚫 ENTRY_BLOCKED | BAD_RR | DOTUSDTM R:R = 1:0.00 < 1:2
2026-02-03 08:11:00,203 | SentinelBot | INFO | 🔍 Scanning TRXUSDTM...
2026-02-03 08:11:00,635 | SentinelBot | INFO | 🚫 ENTRY_BLOCKED | NO_TRADE_ZONE | TRXUSDTM price=0.2834 inside range [0.2832 - 0.2836]
2026-02-03 08:11:00,641 | SentinelBot | INFO | 🔍 Scanning LTCUSDTM...
2026-02-03 08:11:01,759 | SentinelBot | INFO | ✅ HTF CONFIRMED: H1 Trend aligns with SHORT
2026-02-03 08:11:01,759 | SentinelBot | INFO | 🚨 TRADE POTENTIAL: LTCUSDTM | Rec: MICRO_TRADE
2026-02-03 08:11:01,759 | SentinelBot | INFO |    Reason: Good setup (0.69) but low confidence (0.41). Regime: RANGE. Trend score: 0.05, bias: SHORT
2026-02-03 08:11:01,759 | SentinelBot | INFO |    Stats: Qual=0.69 | Conf=0.41 | Dir=SHORT
2026-02-03 08:11:01,761 | SentinelBot | INFO | 🚫 ENTRY_BLOCKED | BAD_RR | LTCUSDTM R:R = 1:2.00 < 1:2
2026-02-03 08:11:01,761 | SentinelBot | INFO | 🔍 Scanning MATICUSDTM...
2026-02-03 08:11:02,910 | SentinelBot | INFO | 🛑 HTF MISMATCH: MATICUSDTM Signal LONG vs Bear Trend. Blocked (Conf 0.39 < 0.80)
2026-02-03 08:11:02,910 | SentinelBot | INFO | 🔍 Scanning SHIBUSDTM...
2026-02-03 08:11:03,931 | SentinelBot | INFO |    📊 SHIBUSDTM: Rec=NO_TRADE (Qual=0.58)
2026-02-03 08:11:03,931 | SentinelBot | INFO | 🔍 Scanning UNIUSDTM...
2026-02-03 08:11:04,947 | SentinelBot | INFO | ✅ HTF CONFIRMED: H1 Trend aligns with SHORT
2026-02-03 08:11:04,948 | SentinelBot | INFO | 🚨 TRADE POTENTIAL: UNIUSDTM | Rec: MICRO_TRADE
2026-02-03 08:11:04,949 | SentinelBot | INFO |    Reason: Good setup (0.83) but low confidence (0.50). Regime: RANGE. Trend score: -0.05, bias: SHORT
2026-02-03 08:11:04,949 | SentinelBot | INFO |    Stats: Qual=0.83 | Conf=0.50 | Dir=SHORT
2026-02-03 08:11:04,949 | SentinelBot | INFO | 🚫 ENTRY_BLOCKED | BAD_RR | UNIUSDTM R:R = 1:2.00 < 1:2
2026-02-03 08:11:04,950 | SentinelBot | INFO | 🔍 Scanning ATOMUSDTM...
2026-02-03 08:11:05,717 | SentinelBot | INFO |    📊 ATOMUSDTM: Rec=NO_TRADE (Qual=0.48)
2026-02-03 08:11:05,718 | SentinelBot | INFO | 🔍 Scanning XLMUSDTM...
2026-02-03 08:11:06,757 | SentinelBot | INFO | ✅ HTF CONFIRMED: H1 Trend aligns with SHORT
2026-02-03 08:11:06,759 | SentinelBot | INFO | 🚨 TRADE POTENTIAL: XLMUSDTM | Rec: ALLOW_TRADE
2026-02-03 08:11:06,759 | SentinelBot | INFO |    Reason: Strong setup (0.94) with confidence (0.88). Regime: MOMENTUM. Trend score: -0.60, bias: SHORT
2026-02-03 08:11:06,759 | SentinelBot | INFO |    Stats: Qual=0.94 | Conf=0.88 | Dir=SHORT
2026-02-03 08:11:06,760 | SentinelBot | INFO | 🚫 ENTRY_BLOCKED | BAD_RR | XLMUSDTM R:R = 1:0.00 < 1:2
2026-02-03 08:11:06,761 | SentinelBot | INFO | 🔍 Scanning ETCUSDTM...
2026-02-03 08:11:07,736 | SentinelBot | INFO | ✅ HTF CONFIRMED: H1 Trend aligns with SHORT
2026-02-03 08:11:07,740 | SentinelBot | INFO | 🚨 TRADE POTENTIAL: ETCUSDTM | Rec: ALLOW_TRADE
2026-02-03 08:11:07,740 | SentinelBot | INFO |    Reason: Strong setup (0.99) with confidence (0.89). Regime: TREND_BEAR. Trend score: -0.35, bias: SHORT
2026-02-03 08:11:07,740 | SentinelBot | INFO |    Stats: Qual=0.98 | Conf=0.89 | Dir=SHORT
2026-02-03 08:11:07,742 | SentinelBot | INFO | 🚫 ENTRY_BLOCKED | BAD_RR | ETCUSDTM R:R = 1:2.00 < 1:2
2026-02-03 08:11:07,742 | SentinelBot | INFO | 🔍 Scanning FILUSDTM...
2026-02-03 08:11:08,711 | SentinelBot | INFO | ⚠️ HTF MISMATCH: FILUSDTM Short vs Bull Trend. ALLOWED due to High Confidence (0.87)
2026-02-03 08:11:08,711 | SentinelBot | INFO | ✅ HTF CONFIRMED: H1 Trend aligns with SHORT
2026-02-03 08:11:08,711 | SentinelBot | INFO | 🚨 TRADE POTENTIAL: FILUSDTM | Rec: ALLOW_TRADE
2026-02-03 08:11:08,711 | SentinelBot | INFO |    Reason: Strong setup (0.97) with confidence (0.87). Regime: TREND_BEAR. Trend score: -0.35, bias: SHORT
2026-02-03 08:11:08,715 | SentinelBot | INFO |    Stats: Qual=0.97 | Conf=0.87 | Dir=SHORT
2026-02-03 08:11:08,715 | SentinelBot | INFO | 🚫 ENTRY_BLOCKED | BAD_RR | FILUSDTM R:R = 1:2.00 < 1:2
2026-02-03 08:11:08,715 | SentinelBot | INFO | 🔍 Scanning APTUSDTM...
2026-02-03 08:11:09,739 | SentinelBot | INFO | ✅ HTF CONFIRMED: H1 Trend aligns with SHORT
2026-02-03 08:11:09,740 | SentinelBot | INFO | 🚨 TRADE POTENTIAL: APTUSDTM | Rec: ALLOW_TRADE
2026-02-03 08:11:09,741 | SentinelBot | INFO |    Reason: Strong setup (1.00) with confidence (0.90). Regime: TREND_BEAR. Trend score: -0.40, bias: SHORT
2026-02-03 08:11:09,741 | SentinelBot | INFO |    Stats: Qual=1.00 | Conf=0.90 | Dir=SHORT
2026-02-03 08:11:09,742 | SentinelBot | INFO | ⏳ BIAS_DETECTED | APTUSDTM SHORT | Waiting for Zone [1.273126 - 1.274210]
2026-02-03 08:11:09,743 | SentinelBot | INFO | 🔍 Scanning ARBUSDTM...
2026-02-03 08:11:10,893 | SentinelBot | INFO | ✅ HTF CONFIRMED: H1 Trend aligns with SHORT
2026-02-03 08:11:10,894 | SentinelBot | INFO | 🚨 TRADE POTENTIAL: ARBUSDTM | Rec: MICRO_TRADE
2026-02-03 08:11:10,894 | SentinelBot | INFO |    Reason: Good setup (0.88) but low confidence (0.53). Regime: RANGE. Trend score: -0.20, bias: SHORT
2026-02-03 08:11:10,894 | SentinelBot | INFO |    Stats: Qual=0.88 | Conf=0.53 | Dir=SHORT
2026-02-03 08:11:10,894 | SentinelBot | INFO | 🚫 ENTRY_BLOCKED | BAD_RR | ARBUSDTM R:R = 1:2.00 < 1:2
2026-02-03 08:11:10,895 | SentinelBot | INFO | 🔍 Scanning OPUSDTM...
2026-02-03 08:11:11,900 | SentinelBot | INFO | ✅ HTF CONFIRMED: H1 Trend aligns with SHORT
2026-02-03 08:11:11,901 | SentinelBot | INFO | 🚨 TRADE POTENTIAL: OPUSDTM | Rec: MICRO_TRADE
2026-02-03 08:11:11,901 | SentinelBot | INFO |    Reason: Good setup (0.78) but low confidence (0.47). Regime: RANGE. Trend score: -0.15, bias: SHORT
2026-02-03 08:11:11,902 | SentinelBot | INFO |    Stats: Qual=0.78 | Conf=0.47 | Dir=SHORT
2026-02-03 08:11:11,902 | SentinelBot | INFO | 🚫 ENTRY_BLOCKED | BAD_RR | OPUSDTM R:R = 1:2.00 < 1:2
2026-02-03 08:11:11,903 | SentinelBot | INFO | 🔍 Scanning SUIUSDTM...
2026-02-03 08:11:12,908 | SentinelBot | INFO | ✅ HTF CONFIRMED: H1 Trend aligns with SHORT
2026-02-03 08:11:12,909 | SentinelBot | INFO | 🚨 TRADE POTENTIAL: SUIUSDTM | Rec: ALLOW_TRADE
2026-02-03 08:11:12,909 | SentinelBot | INFO |    Reason: Strong setup (0.89) with confidence (0.80). Regime: TREND_BEAR. Trend score: -0.30, bias: SHORT
2026-02-03 08:11:12,910 | SentinelBot | INFO |    Stats: Qual=0.89 | Conf=0.80 | Dir=SHORT
2026-02-03 08:11:12,911 | SentinelBot | INFO | 🚫 ENTRY_BLOCKED | BAD_RR | SUIUSDTM R:R = 1:2.00 < 1:2
2026-02-03 08:11:12,912 | SentinelBot | INFO | 🔍 Scanning PEPEUSDTM...
2026-02-03 08:11:13,919 | SentinelBot | INFO | ✅ HTF CONFIRMED: H1 Trend aligns with SHORT
2026-02-03 08:11:13,919 | SentinelBot | INFO | 🚨 TRADE POTENTIAL: PEPEUSDTM | Rec: MICRO_TRADE
2026-02-03 08:11:13,920 | SentinelBot | INFO |    Reason: Good setup (0.86) but low confidence (0.51). Regime: RANGE. Trend score: -0.10, bias: SHORT
2026-02-03 08:11:13,920 | SentinelBot | INFO |    Stats: Qual=0.86 | Conf=0.51 | Dir=SHORT
2026-02-03 08:11:13,921 | SentinelBot | INFO | 🚫 ENTRY_BLOCKED | BAD_RR | PEPEUSDTM R:R = 1:0.00 < 1:2
2026-02-03 08:11:13,921 | SentinelBot | INFO | 🔍 Scanning NEARUSDTM...
2026-02-03 08:11:16,166 | SentinelBot | INFO | ✅ HTF CONFIRMED: H1 Trend aligns with SHORT
2026-02-03 08:11:16,167 | SentinelBot | INFO | 🚨 TRADE POTENTIAL: NEARUSDTM | Rec: MICRO_TRADE
2026-02-03 08:11:16,167 | SentinelBot | INFO |    Reason: Good setup (0.84) but low confidence (0.51). Regime: RANGE. Trend score: -0.05, bias: SHORT
2026-02-03 08:11:16,168 | SentinelBot | INFO |    Stats: Qual=0.84 | Conf=0.51 | Dir=SHORT
2026-02-03 08:11:16,168 | SentinelBot | INFO | 🚫 ENTRY_BLOCKED | BAD_RR | NEARUSDTM R:R = 1:0.00 < 1:2
2026-02-03 08:11:16,168 | SentinelBot | INFO | 🔍 Scanning RNDRUSDTM...
2026-02-03 08:11:17,628 | SentinelBot | INFO | ✅ HTF CONFIRMED: H1 Trend aligns with SHORT
2026-02-03 08:11:17,631 | SentinelBot | INFO | 🚨 TRADE POTENTIAL: RNDRUSDTM | Rec: MICRO_TRADE
2026-02-03 08:11:17,631 | SentinelBot | INFO |    Reason: Good setup (0.87) but low confidence (0.52). Regime: RANGE. Trend score: -0.10, bias: SHORT
2026-02-03 08:11:17,632 | SentinelBot | INFO |    Stats: Qual=0.87 | Conf=0.52 | Dir=SHORT
2026-02-03 08:11:17,632 | SentinelBot | INFO | 🚫 ENTRY_BLOCKED | BAD_RR | RNDRUSDTM R:R = 1:0.00 < 1:2
2026-02-03 08:11:17,632 | SentinelBot | INFO | 🔍 Scanning INJUSDTM...
2026-02-03 08:11:18,650 | SentinelBot | INFO | ✅ HTF CONFIRMED: H1 Trend aligns with SHORT
2026-02-03 08:11:18,652 | SentinelBot | INFO | 🚨 TRADE POTENTIAL: INJUSDTM | Rec: MICRO_TRADE
2026-02-03 08:11:18,653 | SentinelBot | INFO |    Reason: Good setup (0.85) but low confidence (0.51). Regime: RANGE. Trend score: -0.20, bias: SHORT
2026-02-03 08:11:18,653 | SentinelBot | INFO |    Stats: Qual=0.85 | Conf=0.51 | Dir=SHORT
2026-02-03 08:11:18,653 | SentinelBot | INFO | 🚫 ENTRY_BLOCKED | BAD_RR | INJUSDTM R:R = 1:0.00 < 1:2
2026-02-03 08:11:18,653 | SentinelBot | INFO | 🔍 Scanning TIAUSDTM...
2026-02-03 08:11:19,785 | SentinelBot | INFO | 🛑 HTF MISMATCH: TIAUSDTM Signal SHORT vs Bull Trend. Blocked (Conf 0.65 < 0.75)
2026-02-03 08:11:19,785 | SentinelBot | INFO | 🔍 Scanning IMXUSDTM...
2026-02-03 08:11:20,862 | SentinelBot | INFO | ✅ HTF CONFIRMED: H1 Trend aligns with SHORT
2026-02-03 08:11:20,863 | SentinelBot | INFO | 🚨 TRADE POTENTIAL: IMXUSDTM | Rec: ALLOW_TRADE
2026-02-03 08:11:20,863 | SentinelBot | INFO |    Reason: Strong setup (1.00) with confidence (0.94). Regime: MOMENTUM. Trend score: -0.55, bias: SHORT
2026-02-03 08:11:20,864 | SentinelBot | INFO |    Stats: Qual=1.00 | Conf=0.94 | Dir=SHORT
2026-02-03 08:11:20,865 | SentinelBot | INFO | 🚫 ENTRY_BLOCKED | BAD_RR | IMXUSDTM R:R = 1:0.00 < 1:2
2026-02-03 08:11:20,865 | SentinelBot | INFO | 🔍 Scanning LDOUSDTM...
2026-02-03 08:11:22,974 | SentinelBot | INFO | ✅ HTF CONFIRMED: H1 Trend aligns with SHORT
2026-02-03 08:11:22,974 | SentinelBot | INFO | 🚨 TRADE POTENTIAL: LDOUSDTM | Rec: MICRO_TRADE
2026-02-03 08:11:22,975 | SentinelBot | INFO |    Reason: Good setup (0.86) but low confidence (0.52). Regime: RANGE. Trend score: -0.30, bias: SHORT
2026-02-03 08:11:22,976 | SentinelBot | INFO |    Stats: Qual=0.86 | Conf=0.52 | Dir=SHORT
2026-02-03 08:11:22,976 | SentinelBot | INFO | 🚫 ENTRY_BLOCKED | BAD_RR | LDOUSDTM R:R = 1:0.00 < 1:2
2026-02-03 08:11:34,846 | SentinelBot | INFO | 💓 Loop alive | Cycle 230 | Watching 30 symbols
2026-02-03 08:11:49,920 | SentinelBot | INFO | 💓 Loop alive | Cycle 240 | Watching 30 symbols
2026-02-03 08:11:50,464 | SentinelBot | INFO | 🔍 Scanning XBTUSDTM...
2026-02-03 08:11:50,888 | SentinelBot | INFO | 🚫 ENTRY_BLOCKED | NO_TRADE_ZONE | XBTUSDTM price=78686.1000 inside range [78585.8150 - 78867.4850]
2026-02-03 08:11:50,888 | SentinelBot | INFO | 🔍 Scanning ETHUSDTM...
2026-02-03 08:11:51,942 | SentinelBot | INFO | ✅ HTF CONFIRMED: H1 Trend aligns with SHORT
2026-02-03 08:11:51,943 | SentinelBot | INFO | 🚨 TRADE POTENTIAL: ETHUSDTM | Rec: MICRO_TRADE
2026-02-03 08:11:51,943 | SentinelBot | INFO |    Reason: Good setup (0.65) but low confidence (0.39). Regime: RANGE. Trend score: 0.10, bias: SHORT
2026-02-03 08:11:51,943 | SentinelBot | INFO |    Stats: Qual=0.65 | Conf=0.39 | Dir=SHORT
2026-02-03 08:11:51,945 | SentinelBot | INFO | 🚫 ENTRY_BLOCKED | BAD_RR | ETHUSDTM R:R = 1:2.00 < 1:2
2026-02-03 08:11:51,945 | SentinelBot | INFO | 🔍 Scanning SOLUSDTM...
2026-02-03 08:11:52,979 | SentinelBot | INFO | ✅ HTF CONFIRMED: H1 Trend aligns with SHORT
2026-02-03 08:11:52,981 | SentinelBot | INFO | 🚨 TRADE POTENTIAL: SOLUSDTM | Rec: MICRO_TRADE
2026-02-03 08:11:52,981 | SentinelBot | INFO |    Reason: Good setup (0.88) but low confidence (0.53). Regime: RANGE. Trend score: -0.10, bias: SHORT
2026-02-03 08:11:52,981 | SentinelBot | INFO |    Stats: Qual=0.88 | Conf=0.53 | Dir=SHORT
2026-02-03 08:11:52,982 | SentinelBot | INFO | ⏳ BIAS_DETECTED | SOLUSDTM SHORT | Waiting for Zone [104.126125 - 104.160131]
2026-02-03 08:11:52,982 | SentinelBot | INFO | 🔍 Scanning BNBUSDTM...
2026-02-03 08:11:54,026 | SentinelBot | INFO | ✅ HTF CONFIRMED: H1 Trend aligns with SHORT
2026-02-03 08:11:54,027 | SentinelBot | INFO | 🚨 TRADE POTENTIAL: BNBUSDTM | Rec: MICRO_TRADE
2026-02-03 08:11:54,027 | SentinelBot | INFO |    Reason: Good setup (0.81) but low confidence (0.49). Regime: RANGE. Trend score: -0.10, bias: SHORT
2026-02-03 08:11:54,027 | SentinelBot | INFO |    Stats: Qual=0.81 | Conf=0.49 | Dir=SHORT
2026-02-03 08:11:54,029 | SentinelBot | INFO | ⏳ BIAS_DETECTED | BNBUSDTM SHORT | Waiting for Zone [772.606817 - 772.674801]
2026-02-03 08:11:54,029 | SentinelBot | INFO | 🔍 Scanning XRPUSDTM...
2026-02-03 08:11:55,030 | SentinelBot | INFO | ✅ HTF CONFIRMED: H1 Trend aligns with SHORT
2026-02-03 08:11:55,032 | SentinelBot | INFO | 🚨 TRADE POTENTIAL: XRPUSDTM | Rec: MICRO_TRADE
2026-02-03 08:11:55,032 | SentinelBot | INFO |    Reason: Good setup (0.93) but low confidence (0.56). Regime: RANGE. Trend score: -0.20, bias: SHORT
2026-02-03 08:11:55,032 | SentinelBot | INFO |    Stats: Qual=0.93 | Conf=0.56 | Dir=SHORT
2026-02-03 08:11:55,033 | SentinelBot | INFO | 🚫 ENTRY_BLOCKED | BAD_RR | XRPUSDTM R:R = 1:2.00 < 1:2
2026-02-03 08:11:55,034 | SentinelBot | INFO | 🔍 Scanning ADAUSDTM...
2026-02-03 08:11:56,081 | SentinelBot | INFO | 🛑 HTF MISMATCH: ADAUSDTM Signal SHORT vs Bull Trend. Blocked (Conf 0.41 < 0.75)
2026-02-03 08:11:56,082 | SentinelBot | INFO | 🔍 Scanning DOGEUSDTM...
2026-02-03 08:11:57,124 | SentinelBot | INFO | 🛑 HTF MISMATCH: DOGEUSDTM Signal SHORT vs Bull Trend. Blocked (Conf 0.39 < 0.75)
2026-02-03 08:11:57,125 | SentinelBot | INFO | 🔍 Scanning AVAXUSDTM...
2026-02-03 08:11:58,150 | SentinelBot | INFO | ✅ HTF CONFIRMED: H1 Trend aligns with SHORT
2026-02-03 08:11:58,150 | SentinelBot | INFO | 🚨 TRADE POTENTIAL: AVAXUSDTM | Rec: MICRO_TRADE
2026-02-03 08:11:58,150 | SentinelBot | INFO |    Reason: Good setup (0.91) but low confidence (0.55). Regime: RANGE. Trend score: -0.15, bias: SHORT
2026-02-03 08:11:58,150 | SentinelBot | INFO |    Stats: Qual=0.91 | Conf=0.55 | Dir=SHORT
2026-02-03 08:11:58,152 | SentinelBot | INFO | ⏳ BIAS_DETECTED | AVAXUSDTM SHORT | Waiting for Zone [10.117909 - 10.123811]
2026-02-03 08:11:58,153 | SentinelBot | INFO | 🔍 Scanning LINKUSDTM...
2026-02-03 08:11:59,217 | SentinelBot | INFO | ✅ HTF CONFIRMED: H1 Trend aligns with SHORT
2026-02-03 08:11:59,217 | SentinelBot | INFO | 🚨 TRADE POTENTIAL: LINKUSDTM | Rec: MICRO_TRADE
2026-02-03 08:11:59,217 | SentinelBot | INFO |    Reason: Good setup (0.82) but low confidence (0.49). Regime: RANGE. Trend score: -0.05, bias: SHORT
2026-02-03 08:11:59,218 | SentinelBot | INFO |    Stats: Qual=0.82 | Conf=0.49 | Dir=SHORT
2026-02-03 08:11:59,218 | SentinelBot | INFO | ⏳ BIAS_DETECTED | LINKUSDTM SHORT | Waiting for Zone [9.796977 - 9.797206]
2026-02-03 08:11:59,220 | SentinelBot | INFO | 🔍 Scanning DOTUSDTM...
2026-02-03 08:12:00,218 | SentinelBot | INFO | ✅ HTF CONFIRMED: H1 Trend aligns with SHORT
2026-02-03 08:12:00,218 | SentinelBot | INFO | 🚨 TRADE POTENTIAL: DOTUSDTM | Rec: ALLOW_TRADE
2026-02-03 08:12:00,219 | SentinelBot | INFO |    Reason: Strong setup (1.00) with confidence (0.60). Regime: RANGE. Trend score: -0.15, bias: SHORT
2026-02-03 08:12:00,219 | SentinelBot | INFO |    Stats: Qual=1.00 | Conf=0.60 | Dir=SHORT
2026-02-03 08:12:00,219 | SentinelBot | INFO | 🚫 ENTRY_BLOCKED | BAD_RR | DOTUSDTM R:R = 1:0.00 < 1:2
2026-02-03 08:12:00,220 | SentinelBot | INFO | 🔍 Scanning TRXUSDTM...
2026-02-03 08:12:00,677 | SentinelBot | INFO | 🚫 ENTRY_BLOCKED | NO_TRADE_ZONE | TRXUSDTM price=0.2834 inside range [0.2832 - 0.2836]
2026-02-03 08:12:00,677 | SentinelBot | INFO | 🔍 Scanning LTCUSDTM...
2026-02-03 08:12:01,673 | SentinelBot | INFO | ✅ HTF CONFIRMED: H1 Trend aligns with SHORT
2026-02-03 08:12:01,674 | SentinelBot | INFO | 🚨 TRADE POTENTIAL: LTCUSDTM | Rec: MICRO_TRADE
2026-02-03 08:12:01,674 | SentinelBot | INFO |    Reason: Good setup (0.69) but low confidence (0.41). Regime: RANGE. Trend score: 0.05, bias: SHORT
2026-02-03 08:12:01,675 | SentinelBot | INFO |    Stats: Qual=0.69 | Conf=0.41 | Dir=SHORT
2026-02-03 08:12:01,675 | SentinelBot | INFO | 🚫 ENTRY_BLOCKED | BAD_RR | LTCUSDTM R:R = 1:2.00 < 1:2
2026-02-03 08:12:01,676 | SentinelBot | INFO | 🔍 Scanning MATICUSDTM...
2026-02-03 08:12:02,758 | SentinelBot | INFO | 🛑 HTF MISMATCH: MATICUSDTM Signal LONG vs Bear Trend. Blocked (Conf 0.39 < 0.80)
2026-02-03 08:12:02,760 | SentinelBot | INFO | 🔍 Scanning SHIBUSDTM...
2026-02-03 08:12:03,568 | SentinelBot | INFO |    📊 SHIBUSDTM: Rec=NO_TRADE (Qual=0.58)
2026-02-03 08:12:03,569 | SentinelBot | INFO | 🔍 Scanning UNIUSDTM...
2026-02-03 08:12:04,610 | SentinelBot | INFO | ✅ HTF CONFIRMED: H1 Trend aligns with SHORT
2026-02-03 08:12:04,611 | SentinelBot | INFO | 🚨 TRADE POTENTIAL: UNIUSDTM | Rec: MICRO_TRADE
2026-02-03 08:12:04,611 | SentinelBot | INFO |    Reason: Good setup (0.83) but low confidence (0.50). Regime: RANGE. Trend score: -0.05, bias: SHORT
2026-02-03 08:12:04,612 | SentinelBot | INFO |    Stats: Qual=0.83 | Conf=0.50 | Dir=SHORT
2026-02-03 08:12:04,612 | SentinelBot | INFO | 🚫 ENTRY_BLOCKED | BAD_RR | UNIUSDTM R:R = 1:2.00 < 1:2
2026-02-03 08:12:04,613 | SentinelBot | INFO | 🔍 Scanning ATOMUSDTM...
2026-02-03 08:12:05,440 | SentinelBot | INFO |    📊 ATOMUSDTM: Rec=NO_TRADE (Qual=0.48)
2026-02-03 08:12:05,441 | SentinelBot | INFO | 🔍 Scanning XLMUSDTM...
2026-02-03 08:12:06,436 | SentinelBot | INFO | ✅ HTF CONFIRMED: H1 Trend aligns with SHORT
2026-02-03 08:12:06,437 | SentinelBot | INFO | 🚨 TRADE POTENTIAL: XLMUSDTM | Rec: ALLOW_TRADE
2026-02-03 08:12:06,437 | SentinelBot | INFO |    Reason: Strong setup (0.94) with confidence (0.88). Regime: MOMENTUM. Trend score: -0.60, bias: SHORT
2026-02-03 08:12:06,437 | SentinelBot | INFO |    Stats: Qual=0.94 | Conf=0.88 | Dir=SHORT
2026-02-03 08:12:06,438 | SentinelBot | INFO | 🚫 ENTRY_BLOCKED | BAD_RR | XLMUSDTM R:R = 1:0.00 < 1:2
2026-02-03 08:12:06,438 | SentinelBot | INFO | 🔍 Scanning ETCUSDTM...
2026-02-03 08:12:07,474 | SentinelBot | INFO | ✅ HTF CONFIRMED: H1 Trend aligns with SHORT
2026-02-03 08:12:07,477 | SentinelBot | INFO | 🚨 TRADE POTENTIAL: ETCUSDTM | Rec: ALLOW_TRADE
2026-02-03 08:12:07,478 | SentinelBot | INFO |    Reason: Strong setup (0.99) with confidence (0.89). Regime: TREND_BEAR. Trend score: -0.35, bias: SHORT
2026-02-03 08:12:07,478 | SentinelBot | INFO |    Stats: Qual=0.98 | Conf=0.89 | Dir=SHORT
2026-02-03 08:12:07,478 | SentinelBot | INFO | 🚫 ENTRY_BLOCKED | BAD_RR | ETCUSDTM R:R = 1:2.00 < 1:2
2026-02-03 08:12:07,478 | SentinelBot | INFO | 🔍 Scanning FILUSDTM...
2026-02-03 08:12:08,462 | SentinelBot | INFO | ⚠️ HTF MISMATCH: FILUSDTM Short vs Bull Trend. ALLOWED due to High Confidence (0.87)
2026-02-03 08:12:08,463 | SentinelBot | INFO | ✅ HTF CONFIRMED: H1 Trend aligns with SHORT
2026-02-03 08:12:08,463 | SentinelBot | INFO | 🚨 TRADE POTENTIAL: FILUSDTM | Rec: ALLOW_TRADE
2026-02-03 08:12:08,463 | SentinelBot | INFO |    Reason: Strong setup (0.97) with confidence (0.87). Regime: TREND_BEAR. Trend score: -0.35, bias: SHORT
2026-02-03 08:12:08,463 | SentinelBot | INFO |    Stats: Qual=0.97 | Conf=0.87 | Dir=SHORT
2026-02-03 08:12:08,465 | SentinelBot | INFO | 🚫 ENTRY_BLOCKED | BAD_RR | FILUSDTM R:R = 1:2.00 < 1:2
2026-02-03 08:12:08,465 | SentinelBot | INFO | 🔍 Scanning APTUSDTM...
2026-02-03 08:12:09,453 | SentinelBot | INFO | ✅ HTF CONFIRMED: H1 Trend aligns with SHORT
2026-02-03 08:12:09,454 | SentinelBot | INFO | 🚨 TRADE POTENTIAL: APTUSDTM | Rec: ALLOW_TRADE
2026-02-03 08:12:09,454 | SentinelBot | INFO |    Reason: Strong setup (1.00) with confidence (0.90). Regime: TREND_BEAR. Trend score: -0.40, bias: SHORT
2026-02-03 08:12:09,454 | SentinelBot | INFO |    Stats: Qual=1.00 | Conf=0.90 | Dir=SHORT
2026-02-03 08:12:09,454 | SentinelBot | INFO | ⏳ BIAS_DETECTED | APTUSDTM SHORT | Waiting for Zone [1.273126 - 1.274210]
2026-02-03 08:12:09,454 | SentinelBot | INFO | 🔍 Scanning ARBUSDTM...
2026-02-03 08:12:10,461 | SentinelBot | INFO | ✅ HTF CONFIRMED: H1 Trend aligns with SHORT
2026-02-03 08:12:10,461 | SentinelBot | INFO | 🚨 TRADE POTENTIAL: ARBUSDTM | Rec: MICRO_TRADE
2026-02-03 08:12:10,461 | SentinelBot | INFO |    Reason: Good setup (0.88) but low confidence (0.53). Regime: RANGE. Trend score: -0.20, bias: SHORT
2026-02-03 08:12:10,464 | SentinelBot | INFO |    Stats: Qual=0.88 | Conf=0.53 | Dir=SHORT
2026-02-03 08:12:10,464 | SentinelBot | INFO | 🚫 ENTRY_BLOCKED | BAD_RR | ARBUSDTM R:R = 1:2.00 < 1:2
2026-02-03 08:12:10,465 | SentinelBot | INFO | 🔍 Scanning OPUSDTM...
2026-02-03 08:12:11,549 | SentinelBot | INFO | ✅ HTF CONFIRMED: H1 Trend aligns with SHORT
2026-02-03 08:12:11,549 | SentinelBot | INFO | 🚨 TRADE POTENTIAL: OPUSDTM | Rec: MICRO_TRADE
2026-02-03 08:12:11,552 | SentinelBot | INFO |    Reason: Good setup (0.78) but low confidence (0.47). Regime: RANGE. Trend score: -0.15, bias: SHORT
2026-02-03 08:12:11,552 | SentinelBot | INFO |    Stats: Qual=0.78 | Conf=0.47 | Dir=SHORT
2026-02-03 08:12:11,553 | SentinelBot | INFO | 🚫 ENTRY_BLOCKED | BAD_RR | OPUSDTM R:R = 1:2.00 < 1:2
2026-02-03 08:12:11,553 | SentinelBot | INFO | 🔍 Scanning SUIUSDTM...
2026-02-03 08:12:12,557 | SentinelBot | INFO | ✅ HTF CONFIRMED: H1 Trend aligns with SHORT
2026-02-03 08:12:12,557 | SentinelBot | INFO | 🚨 TRADE POTENTIAL: SUIUSDTM | Rec: ALLOW_TRADE
2026-02-03 08:12:12,557 | SentinelBot | INFO |    Reason: Strong setup (0.89) with confidence (0.80). Regime: TREND_BEAR. Trend score: -0.30, bias: SHORT
2026-02-03 08:12:12,560 | SentinelBot | INFO |    Stats: Qual=0.89 | Conf=0.80 | Dir=SHORT
2026-02-03 08:12:12,560 | SentinelBot | INFO | 🚫 ENTRY_BLOCKED | BAD_RR | SUIUSDTM R:R = 1:2.00 < 1:2
2026-02-03 08:12:12,560 | SentinelBot | INFO | 🔍 Scanning PEPEUSDTM...
2026-02-03 08:12:13,547 | SentinelBot | INFO | ✅ HTF CONFIRMED: H1 Trend aligns with SHORT
2026-02-03 08:12:13,547 | SentinelBot | INFO | 🚨 TRADE POTENTIAL: PEPEUSDTM | Rec: MICRO_TRADE
2026-02-03 08:12:13,548 | SentinelBot | INFO |    Reason: Good setup (0.86) but low confidence (0.51). Regime: RANGE. Trend score: -0.10, bias: SHORT
2026-02-03 08:12:13,548 | SentinelBot | INFO |    Stats: Qual=0.86 | Conf=0.51 | Dir=SHORT
2026-02-03 08:12:13,548 | SentinelBot | INFO | 🚫 ENTRY_BLOCKED | BAD_RR | PEPEUSDTM R:R = 1:0.00 < 1:2
2026-02-03 08:12:13,549 | SentinelBot | INFO | 🔍 Scanning NEARUSDTM...
2026-02-03 08:12:14,532 | SentinelBot | INFO | ✅ HTF CONFIRMED: H1 Trend aligns with SHORT
2026-02-03 08:12:14,533 | SentinelBot | INFO | 🚨 TRADE POTENTIAL: NEARUSDTM | Rec: MICRO_TRADE
2026-02-03 08:12:14,533 | SentinelBot | INFO |    Reason: Good setup (0.84) but low confidence (0.51). Regime: RANGE. Trend score: -0.05, bias: SHORT
2026-02-03 08:12:14,534 | SentinelBot | INFO |    Stats: Qual=0.84 | Conf=0.51 | Dir=SHORT
2026-02-03 08:12:14,535 | SentinelBot | INFO | 🚫 ENTRY_BLOCKED | BAD_RR | NEARUSDTM R:R = 1:0.00 < 1:2
2026-02-03 08:12:14,535 | SentinelBot | INFO | 🔍 Scanning RNDRUSDTM...
2026-02-03 08:12:15,474 | SentinelBot | INFO | ✅ HTF CONFIRMED: H1 Trend aligns with SHORT
2026-02-03 08:12:15,475 | SentinelBot | INFO | 🚨 TRADE POTENTIAL: RNDRUSDTM | Rec: MICRO_TRADE
2026-02-03 08:12:15,475 | SentinelBot | INFO |    Reason: Good setup (0.87) but low confidence (0.52). Regime: RANGE. Trend score: -0.10, bias: SHORT
2026-02-03 08:12:15,475 | SentinelBot | INFO |    Stats: Qual=0.87 | Conf=0.52 | Dir=SHORT
2026-02-03 08:12:15,477 | SentinelBot | INFO | 🚫 ENTRY_BLOCKED | BAD_RR | RNDRUSDTM R:R = 1:0.00 < 1:2
2026-02-03 08:12:15,477 | SentinelBot | INFO | 🔍 Scanning INJUSDTM...
2026-02-03 08:12:16,491 | SentinelBot | INFO | ✅ HTF CONFIRMED: H1 Trend aligns with SHORT
2026-02-03 08:12:16,491 | SentinelBot | INFO | 🚨 TRADE POTENTIAL: INJUSDTM | Rec: MICRO_TRADE
2026-02-03 08:12:16,492 | SentinelBot | INFO |    Reason: Good setup (0.85) but low confidence (0.51). Regime: RANGE. Trend score: -0.20, bias: SHORT
2026-02-03 08:12:16,492 | SentinelBot | INFO |    Stats: Qual=0.85 | Conf=0.51 | Dir=SHORT
2026-02-03 08:12:16,493 | SentinelBot | INFO | 🚫 ENTRY_BLOCKED | BAD_RR | INJUSDTM R:R = 1:0.00 < 1:2
2026-02-03 08:12:16,494 | SentinelBot | INFO | 🔍 Scanning TIAUSDTM...
2026-02-03 08:12:17,638 | SentinelBot | INFO | 🛑 HTF MISMATCH: TIAUSDTM Signal SHORT vs Bull Trend. Blocked (Conf 0.65 < 0.75)
2026-02-03 08:12:17,638 | SentinelBot | INFO | 🔍 Scanning IMXUSDTM...
2026-02-03 08:12:18,650 | SentinelBot | INFO | ✅ HTF CONFIRMED: H1 Trend aligns with SHORT
2026-02-03 08:12:18,650 | SentinelBot | INFO | 🚨 TRADE POTENTIAL: IMXUSDTM | Rec: ALLOW_TRADE
2026-02-03 08:12:18,650 | SentinelBot | INFO |    Reason: Strong setup (1.00) with confidence (0.94). Regime: MOMENTUM. Trend score: -0.55, bias: SHORT
2026-02-03 08:12:18,650 | SentinelBot | INFO |    Stats: Qual=1.00 | Conf=0.94 | Dir=SHORT
2026-02-03 08:12:18,651 | SentinelBot | INFO | 🚫 ENTRY_BLOCKED | BAD_RR | IMXUSDTM R:R = 1:0.00 < 1:2
2026-02-03 08:12:18,651 | SentinelBot | INFO | 🔍 Scanning LDOUSDTM...
2026-02-03 08:12:19,658 | SentinelBot | INFO | ✅ HTF CONFIRMED: H1 Trend aligns with SHORT
2026-02-03 08:12:19,658 | SentinelBot | INFO | 🚨 TRADE POTENTIAL: LDOUSDTM | Rec: MICRO_TRADE
2026-02-03 08:12:19,659 | SentinelBot | INFO |    Reason: Good setup (0.86) but low confidence (0.52). Regime: RANGE. Trend score: -0.30, bias: SHORT
2026-02-03 08:12:19,659 | SentinelBot | INFO |    Stats: Qual=0.86 | Conf=0.52 | Dir=SHORT
2026-02-03 08:12:19,660 | SentinelBot | INFO | 🚫 ENTRY_BLOCKED | BAD_RR | LDOUSDTM R:R = 1:0.00 < 1:2
2026-02-03 08:12:35,945 | SentinelBot | INFO | 💓 Loop alive | Cycle 250 | Watching 30 symbols
2026-02-03 08:12:50,732 | SentinelBot | INFO | 💓 Loop alive | Cycle 260 | Watching 30 symbols
2026-02-03 08:12:51,280 | SentinelBot | INFO | 🔍 Scanning XBTUSDTM...
2026-02-03 08:12:51,694 | SentinelBot | INFO | 🚫 ENTRY_BLOCKED | NO_TRADE_ZONE | XBTUSDTM price=78686.1000 inside range [78585.8150 - 78867.4850]
2026-02-03 08:12:51,695 | SentinelBot | INFO | 🔍 Scanning ETHUSDTM...
2026-02-03 08:12:52,929 | SentinelBot | INFO | ✅ HTF CONFIRMED: H1 Trend aligns with SHORT
2026-02-03 08:12:52,929 | SentinelBot | INFO | 🚨 TRADE POTENTIAL: ETHUSDTM | Rec: MICRO_TRADE
2026-02-03 08:12:52,929 | SentinelBot | INFO |    Reason: Good setup (0.65) but low confidence (0.39). Regime: RANGE. Trend score: 0.10, bias: SHORT
2026-02-03 08:12:52,930 | SentinelBot | INFO |    Stats: Qual=0.65 | Conf=0.39 | Dir=SHORT
2026-02-03 08:12:52,932 | SentinelBot | INFO | 🚫 ENTRY_BLOCKED | BAD_RR | ETHUSDTM R:R = 1:2.00 < 1:2
2026-02-03 08:12:52,933 | SentinelBot | INFO | 🔍 Scanning SOLUSDTM...
2026-02-03 08:12:54,012 | SentinelBot | INFO | ✅ HTF CONFIRMED: H1 Trend aligns with SHORT
2026-02-03 08:12:54,013 | SentinelBot | INFO | 🚨 TRADE POTENTIAL: SOLUSDTM | Rec: MICRO_TRADE
2026-02-03 08:12:54,013 | SentinelBot | INFO |    Reason: Good setup (0.88) but low confidence (0.53). Regime: RANGE. Trend score: -0.10, bias: SHORT
2026-02-03 08:12:54,014 | SentinelBot | INFO |    Stats: Qual=0.88 | Conf=0.53 | Dir=SHORT
2026-02-03 08:12:54,015 | SentinelBot | INFO | ⏳ BIAS_DETECTED | SOLUSDTM SHORT | Waiting for Zone [104.126125 - 104.160131]
2026-02-03 08:12:54,015 | SentinelBot | INFO | 🔍 Scanning BNBUSDTM...
2026-02-03 08:12:54,998 | SentinelBot | INFO | ✅ HTF CONFIRMED: H1 Trend aligns with SHORT
2026-02-03 08:12:54,999 | SentinelBot | INFO | 🚨 TRADE POTENTIAL: BNBUSDTM | Rec: MICRO_TRADE
2026-02-03 08:12:54,999 | SentinelBot | INFO |    Reason: Good setup (0.81) but low confidence (0.49). Regime: RANGE. Trend score: -0.10, bias: SHORT
2026-02-03 08:12:54,999 | SentinelBot | INFO |    Stats: Qual=0.81 | Conf=0.49 | Dir=SHORT
2026-02-03 08:12:55,000 | SentinelBot | INFO | ⏳ BIAS_DETECTED | BNBUSDTM SHORT | Waiting for Zone [772.606817 - 772.674801]
2026-02-03 08:12:55,000 | SentinelBot | INFO | 🔍 Scanning XRPUSDTM...
2026-02-03 08:12:56,003 | SentinelBot | INFO | ✅ HTF CONFIRMED: H1 Trend aligns with SHORT
2026-02-03 08:12:56,003 | SentinelBot | INFO | 🚨 TRADE POTENTIAL: XRPUSDTM | Rec: MICRO_TRADE
2026-02-03 08:12:56,003 | SentinelBot | INFO |    Reason: Good setup (0.93) but low confidence (0.56). Regime: RANGE. Trend score: -0.20, bias: SHORT
2026-02-03 08:12:56,004 | SentinelBot | INFO |    Stats: Qual=0.93 | Conf=0.56 | Dir=SHORT
2026-02-03 08:12:56,004 | SentinelBot | INFO | 🚫 ENTRY_BLOCKED | BAD_RR | XRPUSDTM R:R = 1:2.00 < 1:2
2026-02-03 08:12:56,005 | SentinelBot | INFO | 🔍 Scanning ADAUSDTM...
2026-02-03 08:12:57,006 | SentinelBot | INFO | 🛑 HTF MISMATCH: ADAUSDTM Signal SHORT vs Bull Trend. Blocked (Conf 0.41 < 0.75)
2026-02-03 08:12:57,007 | SentinelBot | INFO | 🔍 Scanning DOGEUSDTM...
2026-02-03 08:12:58,011 | SentinelBot | INFO | 🛑 HTF MISMATCH: DOGEUSDTM Signal SHORT vs Bull Trend. Blocked (Conf 0.39 < 0.75)
2026-02-03 08:12:58,012 | SentinelBot | INFO | 🔍 Scanning AVAXUSDTM...
2026-02-03 08:12:59,005 | SentinelBot | INFO | ✅ HTF CONFIRMED: H1 Trend aligns with SHORT
2026-02-03 08:12:59,006 | SentinelBot | INFO | 🚨 TRADE POTENTIAL: AVAXUSDTM | Rec: MICRO_TRADE
2026-02-03 08:12:59,006 | SentinelBot | INFO |    Reason: Good setup (0.91) but low confidence (0.55). Regime: RANGE. Trend score: -0.15, bias: SHORT
2026-02-03 08:12:59,006 | SentinelBot | INFO |    Stats: Qual=0.91 | Conf=0.55 | Dir=SHORT
2026-02-03 08:12:59,008 | SentinelBot | INFO | ⏳ BIAS_DETECTED | AVAXUSDTM SHORT | Waiting for Zone [10.117909 - 10.123811]
2026-02-03 08:12:59,008 | SentinelBot | INFO | 🔍 Scanning LINKUSDTM...
2026-02-03 08:13:00,143 | SentinelBot | INFO | ✅ HTF CONFIRMED: H1 Trend aligns with SHORT
2026-02-03 08:13:00,144 | SentinelBot | INFO | 🚨 TRADE POTENTIAL: LINKUSDTM | Rec: MICRO_TRADE
2026-02-03 08:13:00,144 | SentinelBot | INFO |    Reason: Good setup (0.82) but low confidence (0.49). Regime: RANGE. Trend score: -0.05, bias: SHORT
2026-02-03 08:13:00,145 | SentinelBot | INFO |    Stats: Qual=0.82 | Conf=0.49 | Dir=SHORT
2026-02-03 08:13:00,146 | SentinelBot | INFO | ⏳ BIAS_DETECTED | LINKUSDTM SHORT | Waiting for Zone [9.796977 - 9.797206]
2026-02-03 08:13:00,146 | SentinelBot | INFO | 🔍 Scanning DOTUSDTM...
2026-02-03 08:13:01,202 | SentinelBot | INFO | ✅ HTF CONFIRMED: H1 Trend aligns with SHORT
2026-02-03 08:13:01,203 | SentinelBot | INFO | 🚨 TRADE POTENTIAL: DOTUSDTM | Rec: ALLOW_TRADE
2026-02-03 08:13:01,204 | SentinelBot | INFO |    Reason: Strong setup (1.00) with confidence (0.60). Regime: RANGE. Trend score: -0.15, bias: SHORT
2026-02-03 08:13:01,204 | SentinelBot | INFO |    Stats: Qual=1.00 | Conf=0.60 | Dir=SHORT
2026-02-03 08:13:01,204 | SentinelBot | INFO | 🚫 ENTRY_BLOCKED | BAD_RR | DOTUSDTM R:R = 1:0.00 < 1:2
2026-02-03 08:13:01,205 | SentinelBot | INFO | 🔍 Scanning TRXUSDTM...
2026-02-03 08:13:01,620 | SentinelBot | INFO | 🚫 ENTRY_BLOCKED | NO_TRADE_ZONE | TRXUSDTM price=0.2834 inside range [0.2832 - 0.2836]
2026-02-03 08:13:01,621 | SentinelBot | INFO | 🔍 Scanning LTCUSDTM...
2026-02-03 08:13:02,667 | SentinelBot | INFO | ✅ HTF CONFIRMED: H1 Trend aligns with SHORT
2026-02-03 08:13:02,667 | SentinelBot | INFO | 🚨 TRADE POTENTIAL: LTCUSDTM | Rec: MICRO_TRADE
2026-02-03 08:13:02,668 | SentinelBot | INFO |    Reason: Good setup (0.69) but low confidence (0.41). Regime: RANGE. Trend score: 0.05, bias: SHORT
2026-02-03 08:13:02,669 | SentinelBot | INFO |    Stats: Qual=0.69 | Conf=0.41 | Dir=SHORT
2026-02-03 08:13:02,669 | SentinelBot | INFO | 🚫 ENTRY_BLOCKED | BAD_RR | LTCUSDTM R:R = 1:2.00 < 1:2
2026-02-03 08:13:02,669 | SentinelBot | INFO | 🔍 Scanning MATICUSDTM...
2026-02-03 08:13:03,691 | SentinelBot | INFO | 🛑 HTF MISMATCH: MATICUSDTM Signal LONG vs Bear Trend. Blocked (Conf 0.39 < 0.80)
2026-02-03 08:13:03,691 | SentinelBot | INFO | 🔍 Scanning SHIBUSDTM...
2026-02-03 08:13:04,532 | SentinelBot | INFO |    📊 SHIBUSDTM: Rec=NO_TRADE (Qual=0.58)
2026-02-03 08:13:04,533 | SentinelBot | INFO | 🔍 Scanning UNIUSDTM...
2026-02-03 08:13:05,581 | SentinelBot | INFO | ✅ HTF CONFIRMED: H1 Trend aligns with SHORT
2026-02-03 08:13:05,581 | SentinelBot | INFO | 🚨 TRADE POTENTIAL: UNIUSDTM | Rec: MICRO_TRADE
2026-02-03 08:13:05,581 | SentinelBot | INFO |    Reason: Good setup (0.83) but low confidence (0.50). Regime: RANGE. Trend score: -0.05, bias: SHORT
2026-02-03 08:13:05,581 | SentinelBot | INFO |    Stats: Qual=0.83 | Conf=0.50 | Dir=SHORT
2026-02-03 08:13:05,581 | SentinelBot | INFO | 🚫 ENTRY_BLOCKED | BAD_RR | UNIUSDTM R:R = 1:2.00 < 1:2
2026-02-03 08:13:05,581 | SentinelBot | INFO | 🔍 Scanning ATOMUSDTM...
2026-02-03 08:13:06,403 | SentinelBot | INFO |    📊 ATOMUSDTM: Rec=NO_TRADE (Qual=0.48)
2026-02-03 08:13:06,403 | SentinelBot | INFO | 🔍 Scanning XLMUSDTM...
2026-02-03 08:13:07,485 | SentinelBot | INFO | ✅ HTF CONFIRMED: H1 Trend aligns with SHORT
2026-02-03 08:13:07,486 | SentinelBot | INFO | 🚨 TRADE POTENTIAL: XLMUSDTM | Rec: ALLOW_TRADE
2026-02-03 08:13:07,486 | SentinelBot | INFO |    Reason: Strong setup (0.94) with confidence (0.88). Regime: MOMENTUM. Trend score: -0.60, bias: SHORT
2026-02-03 08:13:07,486 | SentinelBot | INFO |    Stats: Qual=0.94 | Conf=0.88 | Dir=SHORT
2026-02-03 08:13:07,488 | SentinelBot | INFO | 🚫 ENTRY_BLOCKED | BAD_RR | XLMUSDTM R:R = 1:0.00 < 1:2
2026-02-03 08:13:07,488 | SentinelBot | INFO | 🔍 Scanning ETCUSDTM...
2026-02-03 08:13:08,510 | SentinelBot | INFO | ✅ HTF CONFIRMED: H1 Trend aligns with SHORT
2026-02-03 08:13:08,511 | SentinelBot | INFO | 🚨 TRADE POTENTIAL: ETCUSDTM | Rec: ALLOW_TRADE
2026-02-03 08:13:08,511 | SentinelBot | INFO |    Reason: Strong setup (0.99) with confidence (0.89). Regime: TREND_BEAR. Trend score: -0.35, bias: SHORT
2026-02-03 08:13:08,512 | SentinelBot | INFO |    Stats: Qual=0.98 | Conf=0.89 | Dir=SHORT
2026-02-03 08:13:08,512 | SentinelBot | INFO | 🚫 ENTRY_BLOCKED | BAD_RR | ETCUSDTM R:R = 1:2.00 < 1:2
2026-02-03 08:13:08,513 | SentinelBot | INFO | 🔍 Scanning FILUSDTM...
2026-02-03 08:13:09,571 | SentinelBot | INFO | ⚠️ HTF MISMATCH: FILUSDTM Short vs Bull Trend. ALLOWED due to High Confidence (0.87)
2026-02-03 08:13:09,571 | SentinelBot | INFO | ✅ HTF CONFIRMED: H1 Trend aligns with SHORT
2026-02-03 08:13:09,571 | SentinelBot | INFO | 🚨 TRADE POTENTIAL: FILUSDTM | Rec: ALLOW_TRADE
2026-02-03 08:13:09,573 | SentinelBot | INFO |    Reason: Strong setup (0.97) with confidence (0.87). Regime: TREND_BEAR. Trend score: -0.35, bias: SHORT
2026-02-03 08:13:09,573 | SentinelBot | INFO |    Stats: Qual=0.97 | Conf=0.87 | Dir=SHORT
2026-02-03 08:13:09,573 | SentinelBot | INFO | 🚫 ENTRY_BLOCKED | BAD_RR | FILUSDTM R:R = 1:2.00 < 1:2
2026-02-03 08:13:09,573 | SentinelBot | INFO | 🔍 Scanning APTUSDTM...
2026-02-03 08:13:10,580 | SentinelBot | INFO | ✅ HTF CONFIRMED: H1 Trend aligns with SHORT
2026-02-03 08:13:10,581 | SentinelBot | INFO | 🚨 TRADE POTENTIAL: APTUSDTM | Rec: ALLOW_TRADE
2026-02-03 08:13:10,581 | SentinelBot | INFO |    Reason: Strong setup (1.00) with confidence (0.90). Regime: TREND_BEAR. Trend score: -0.40, bias: SHORT
2026-02-03 08:13:10,581 | SentinelBot | INFO |    Stats: Qual=1.00 | Conf=0.90 | Dir=SHORT
2026-02-03 08:13:10,581 | SentinelBot | INFO | ⏳ BIAS_DETECTED | APTUSDTM SHORT | Waiting for Zone [1.273126 - 1.274210]
2026-02-03 08:13:10,583 | SentinelBot | INFO | 🔍 Scanning ARBUSDTM...
2026-02-03 08:13:11,621 | SentinelBot | INFO | ✅ HTF CONFIRMED: H1 Trend aligns with SHORT
2026-02-03 08:13:11,622 | SentinelBot | INFO | 🚨 TRADE POTENTIAL: ARBUSDTM | Rec: MICRO_TRADE
2026-02-03 08:13:11,622 | SentinelBot | INFO |    Reason: Good setup (0.88) but low confidence (0.53). Regime: RANGE. Trend score: -0.20, bias: SHORT
2026-02-03 08:13:11,622 | SentinelBot | INFO |    Stats: Qual=0.88 | Conf=0.53 | Dir=SHORT
2026-02-03 08:13:11,623 | SentinelBot | INFO | 🚫 ENTRY_BLOCKED | BAD_RR | ARBUSDTM R:R = 1:2.00 < 1:2
2026-02-03 08:13:11,623 | SentinelBot | INFO | 🔍 Scanning OPUSDTM...
2026-02-03 08:13:12,735 | SentinelBot | INFO | ✅ HTF CONFIRMED: H1 Trend aligns with SHORT
2026-02-03 08:13:12,736 | SentinelBot | INFO | 🚨 TRADE POTENTIAL: OPUSDTM | Rec: MICRO_TRADE
2026-02-03 08:13:12,736 | SentinelBot | INFO |    Reason: Good setup (0.78) but low confidence (0.47). Regime: RANGE. Trend score: -0.15, bias: SHORT
2026-02-03 08:13:12,736 | SentinelBot | INFO |    Stats: Qual=0.78 | Conf=0.47 | Dir=SHORT
2026-02-03 08:13:12,738 | SentinelBot | INFO | 🚫 ENTRY_BLOCKED | BAD_RR | OPUSDTM R:R = 1:2.00 < 1:2
2026-02-03 08:13:12,738 | SentinelBot | INFO | 🔍 Scanning SUIUSDTM...
2026-02-03 08:13:13,804 | SentinelBot | INFO | ✅ HTF CONFIRMED: H1 Trend aligns with SHORT
2026-02-03 08:13:13,806 | SentinelBot | INFO | 🚨 TRADE POTENTIAL: SUIUSDTM | Rec: ALLOW_TRADE
2026-02-03 08:13:13,806 | SentinelBot | INFO |    Reason: Strong setup (0.89) with confidence (0.80). Regime: TREND_BEAR. Trend score: -0.30, bias: SHORT
2026-02-03 08:13:13,806 | SentinelBot | INFO |    Stats: Qual=0.89 | Conf=0.80 | Dir=SHORT
2026-02-03 08:13:13,806 | SentinelBot | INFO | 🚫 ENTRY_BLOCKED | BAD_RR | SUIUSDTM R:R = 1:2.00 < 1:2
2026-02-03 08:13:13,806 | SentinelBot | INFO | 🔍 Scanning PEPEUSDTM...
2026-02-03 08:13:14,797 | SentinelBot | INFO | ✅ HTF CONFIRMED: H1 Trend aligns with SHORT
2026-02-03 08:13:14,803 | SentinelBot | INFO | 🚨 TRADE POTENTIAL: PEPEUSDTM | Rec: MICRO_TRADE
2026-02-03 08:13:14,804 | SentinelBot | INFO |    Reason: Good setup (0.86) but low confidence (0.51). Regime: RANGE. Trend score: -0.10, bias: SHORT
2026-02-03 08:13:14,805 | SentinelBot | INFO |    Stats: Qual=0.86 | Conf=0.51 | Dir=SHORT
2026-02-03 08:13:14,805 | SentinelBot | INFO | 🚫 ENTRY_BLOCKED | BAD_RR | PEPEUSDTM R:R = 1:0.00 < 1:2
2026-02-03 08:13:14,805 | SentinelBot | INFO | 🔍 Scanning NEARUSDTM...
2026-02-03 08:13:15,836 | SentinelBot | INFO | ✅ HTF CONFIRMED: H1 Trend aligns with SHORT
2026-02-03 08:13:15,837 | SentinelBot | INFO | 🚨 TRADE POTENTIAL: NEARUSDTM | Rec: MICRO_TRADE
2026-02-03 08:13:15,837 | SentinelBot | INFO |    Reason: Good setup (0.84) but low confidence (0.51). Regime: RANGE. Trend score: -0.05, bias: SHORT
2026-02-03 08:13:15,837 | SentinelBot | INFO |    Stats: Qual=0.84 | Conf=0.51 | Dir=SHORT
2026-02-03 08:13:15,838 | SentinelBot | INFO | 🚫 ENTRY_BLOCKED | BAD_RR | NEARUSDTM R:R = 1:0.00 < 1:2
2026-02-03 08:13:15,839 | SentinelBot | INFO | 🔍 Scanning RNDRUSDTM...
2026-02-03 08:13:16,839 | SentinelBot | INFO | ✅ HTF CONFIRMED: H1 Trend aligns with SHORT
2026-02-03 08:13:16,840 | SentinelBot | INFO | 🚨 TRADE POTENTIAL: RNDRUSDTM | Rec: MICRO_TRADE
2026-02-03 08:13:16,840 | SentinelBot | INFO |    Reason: Good setup (0.87) but low confidence (0.52). Regime: RANGE. Trend score: -0.10, bias: SHORT
2026-02-03 08:13:16,841 | SentinelBot | INFO |    Stats: Qual=0.87 | Conf=0.52 | Dir=SHORT
2026-02-03 08:13:16,841 | SentinelBot | INFO | 🚫 ENTRY_BLOCKED | BAD_RR | RNDRUSDTM R:R = 1:0.00 < 1:2
2026-02-03 08:13:16,842 | SentinelBot | INFO | 🔍 Scanning INJUSDTM...
2026-02-03 08:13:17,912 | SentinelBot | INFO | ✅ HTF CONFIRMED: H1 Trend aligns with SHORT
2026-02-03 08:13:17,912 | SentinelBot | INFO | 🚨 TRADE POTENTIAL: INJUSDTM | Rec: MICRO_TRADE
2026-02-03 08:13:17,913 | SentinelBot | INFO |    Reason: Good setup (0.85) but low confidence (0.51). Regime: RANGE. Trend score: -0.20, bias: SHORT
2026-02-03 08:13:17,913 | SentinelBot | INFO |    Stats: Qual=0.85 | Conf=0.51 | Dir=SHORT
2026-02-03 08:13:17,913 | SentinelBot | INFO | 🚫 ENTRY_BLOCKED | BAD_RR | INJUSDTM R:R = 1:0.00 < 1:2
2026-02-03 08:13:17,913 | SentinelBot | INFO | 🔍 Scanning TIAUSDTM...
2026-02-03 08:13:18,961 | SentinelBot | INFO | 🛑 HTF MISMATCH: TIAUSDTM Signal SHORT vs Bull Trend. Blocked (Conf 0.65 < 0.75)
2026-02-03 08:13:18,962 | SentinelBot | INFO | 🔍 Scanning IMXUSDTM...
2026-02-03 08:13:20,023 | SentinelBot | INFO | ✅ HTF CONFIRMED: H1 Trend aligns with SHORT
2026-02-03 08:13:20,023 | SentinelBot | INFO | 🚨 TRADE POTENTIAL: IMXUSDTM | Rec: ALLOW_TRADE
2026-02-03 08:13:20,023 | SentinelBot | INFO |    Reason: Strong setup (1.00) with confidence (0.94). Regime: MOMENTUM. Trend score: -0.55, bias: SHORT
2026-02-03 08:13:20,024 | SentinelBot | INFO |    Stats: Qual=1.00 | Conf=0.94 | Dir=SHORT
2026-02-03 08:13:20,024 | SentinelBot | INFO | 🚫 ENTRY_BLOCKED | BAD_RR | IMXUSDTM R:R = 1:0.00 < 1:2
2026-02-03 08:13:20,025 | SentinelBot | INFO | 🔍 Scanning LDOUSDTM...
2026-02-03 08:13:21,071 | SentinelBot | INFO | ✅ HTF CONFIRMED: H1 Trend aligns with SHORT
2026-02-03 08:13:21,072 | SentinelBot | INFO | 🚨 TRADE POTENTIAL: LDOUSDTM | Rec: MICRO_TRADE
2026-02-03 08:13:21,072 | SentinelBot | INFO |    Reason: Good setup (0.86) but low confidence (0.52). Regime: RANGE. Trend score: -0.30, bias: SHORT
2026-02-03 08:13:21,072 | SentinelBot | INFO |    Stats: Qual=0.86 | Conf=0.52 | Dir=SHORT
2026-02-03 08:13:21,073 | SentinelBot | INFO | 🚫 ENTRY_BLOCKED | BAD_RR | LDOUSDTM R:R = 1:0.00 < 1:2
2026-02-03 08:13:39,253 | SentinelBot | INFO | 💓 Loop alive | Cycle 270 | Watching 30 symbols
2026-02-03 08:13:51,399 | SentinelBot | INFO | 🔍 Scanning XBTUSDTM...
2026-02-03 08:13:51,823 | SentinelBot | INFO | 🚫 ENTRY_BLOCKED | NO_TRADE_ZONE | XBTUSDTM price=78686.1000 inside range [78585.8150 - 78867.4850]
2026-02-03 08:13:51,823 | SentinelBot | INFO | 🔍 Scanning ETHUSDTM...
2026-02-03 08:13:53,219 | SentinelBot | INFO | ✅ HTF CONFIRMED: H1 Trend aligns with SHORT
2026-02-03 08:13:53,221 | SentinelBot | INFO | 🚨 TRADE POTENTIAL: ETHUSDTM | Rec: MICRO_TRADE
2026-02-03 08:13:53,221 | SentinelBot | INFO |    Reason: Good setup (0.65) but low confidence (0.39). Regime: RANGE. Trend score: 0.10, bias: SHORT
2026-02-03 08:13:53,222 | SentinelBot | INFO |    Stats: Qual=0.65 | Conf=0.39 | Dir=SHORT
2026-02-03 08:13:53,222 | SentinelBot | INFO | 🚫 ENTRY_BLOCKED | BAD_RR | ETHUSDTM R:R = 1:2.00 < 1:2
2026-02-03 08:13:53,222 | SentinelBot | INFO | 🔍 Scanning SOLUSDTM...
2026-02-03 08:13:54,206 | SentinelBot | INFO | ✅ HTF CONFIRMED: H1 Trend aligns with SHORT
2026-02-03 08:13:54,207 | SentinelBot | INFO | 🚨 TRADE POTENTIAL: SOLUSDTM | Rec: MICRO_TRADE
2026-02-03 08:13:54,207 | SentinelBot | INFO |    Reason: Good setup (0.88) but low confidence (0.53). Regime: RANGE. Trend score: -0.10, bias: SHORT
2026-02-03 08:13:54,207 | SentinelBot | INFO |    Stats: Qual=0.88 | Conf=0.53 | Dir=SHORT
2026-02-03 08:13:54,209 | SentinelBot | INFO | ⏳ BIAS_DETECTED | SOLUSDTM SHORT | Waiting for Zone [104.126125 - 104.160131]
2026-02-03 08:13:54,209 | SentinelBot | INFO | 🔍 Scanning BNBUSDTM...
2026-02-03 08:13:55,205 | SentinelBot | INFO | ✅ HTF CONFIRMED: H1 Trend aligns with SHORT
2026-02-03 08:13:55,206 | SentinelBot | INFO | 🚨 TRADE POTENTIAL: BNBUSDTM | Rec: MICRO_TRADE
2026-02-03 08:13:55,206 | SentinelBot | INFO |    Reason: Good setup (0.81) but low confidence (0.49). Regime: RANGE. Trend score: -0.10, bias: SHORT
2026-02-03 08:13:55,206 | SentinelBot | INFO |    Stats: Qual=0.81 | Conf=0.49 | Dir=SHORT
2026-02-03 08:13:55,207 | SentinelBot | INFO | ⏳ BIAS_DETECTED | BNBUSDTM SHORT | Waiting for Zone [772.606817 - 772.674801]
2026-02-03 08:13:55,207 | SentinelBot | INFO | 🔍 Scanning XRPUSDTM...
2026-02-03 08:13:56,197 | SentinelBot | INFO | ✅ HTF CONFIRMED: H1 Trend aligns with SHORT
2026-02-03 08:13:56,198 | SentinelBot | INFO | 🚨 TRADE POTENTIAL: XRPUSDTM | Rec: MICRO_TRADE
2026-02-03 08:13:56,198 | SentinelBot | INFO |    Reason: Good setup (0.93) but low confidence (0.56). Regime: RANGE. Trend score: -0.20, bias: SHORT
2026-02-03 08:13:56,200 | SentinelBot | INFO |    Stats: Qual=0.93 | Conf=0.56 | Dir=SHORT
2026-02-03 08:13:56,200 | SentinelBot | INFO | 🚫 ENTRY_BLOCKED | BAD_RR | XRPUSDTM R:R = 1:2.00 < 1:2
2026-02-03 08:13:56,201 | SentinelBot | INFO | 🔍 Scanning ADAUSDTM...
2026-02-03 08:13:57,329 | SentinelBot | INFO | 🛑 HTF MISMATCH: ADAUSDTM Signal SHORT vs Bull Trend. Blocked (Conf 0.41 < 0.75)
2026-02-03 08:13:57,330 | SentinelBot | INFO | 🔍 Scanning DOGEUSDTM...
2026-02-03 08:13:58,470 | SentinelBot | INFO | 🛑 HTF MISMATCH: DOGEUSDTM Signal SHORT vs Bull Trend. Blocked (Conf 0.39 < 0.75)
2026-02-03 08:13:58,470 | SentinelBot | INFO | 🔍 Scanning AVAXUSDTM...
2026-02-03 08:13:59,433 | SentinelBot | INFO | ✅ HTF CONFIRMED: H1 Trend aligns with SHORT
2026-02-03 08:13:59,433 | SentinelBot | INFO | 🚨 TRADE POTENTIAL: AVAXUSDTM | Rec: MICRO_TRADE
2026-02-03 08:13:59,433 | SentinelBot | INFO |    Reason: Good setup (0.91) but low confidence (0.55). Regime: RANGE. Trend score: -0.15, bias: SHORT
2026-02-03 08:13:59,433 | SentinelBot | INFO |    Stats: Qual=0.91 | Conf=0.55 | Dir=SHORT
2026-02-03 08:13:59,434 | SentinelBot | INFO | ⏳ BIAS_DETECTED | AVAXUSDTM SHORT | Waiting for Zone [10.117909 - 10.123811]
2026-02-03 08:13:59,434 | SentinelBot | INFO | 🔍 Scanning LINKUSDTM...
2026-02-03 08:14:00,472 | SentinelBot | INFO | ✅ HTF CONFIRMED: H1 Trend aligns with SHORT
2026-02-03 08:14:00,472 | SentinelBot | INFO | 🚨 TRADE POTENTIAL: LINKUSDTM | Rec: MICRO_TRADE
2026-02-03 08:14:00,474 | SentinelBot | INFO |    Reason: Good setup (0.82) but low confidence (0.49). Regime: RANGE. Trend score: -0.05, bias: SHORT
2026-02-03 08:14:00,474 | SentinelBot | INFO |    Stats: Qual=0.82 | Conf=0.49 | Dir=SHORT
2026-02-03 08:14:00,475 | SentinelBot | INFO | ⏳ BIAS_DETECTED | LINKUSDTM SHORT | Waiting for Zone [9.796977 - 9.797206]
2026-02-03 08:14:00,475 | SentinelBot | INFO | 🔍 Scanning DOTUSDTM...
2026-02-03 08:14:02,459 | SentinelBot | INFO | ✅ HTF CONFIRMED: H1 Trend aligns with SHORT
2026-02-03 08:14:02,459 | SentinelBot | INFO | 🚨 TRADE POTENTIAL: DOTUSDTM | Rec: ALLOW_TRADE
2026-02-03 08:14:02,461 | SentinelBot | INFO |    Reason: Strong setup (1.00) with confidence (0.60). Regime: RANGE. Trend score: -0.15, bias: SHORT
2026-02-03 08:14:02,461 | SentinelBot | INFO |    Stats: Qual=1.00 | Conf=0.60 | Dir=SHORT
2026-02-03 08:14:02,462 | SentinelBot | INFO | 🚫 ENTRY_BLOCKED | BAD_RR | DOTUSDTM R:R = 1:0.00 < 1:2
2026-02-03 08:14:02,462 | SentinelBot | INFO | 🔍 Scanning TRXUSDTM...
2026-02-03 08:14:02,897 | SentinelBot | INFO | 🚫 ENTRY_BLOCKED | NO_TRADE_ZONE | TRXUSDTM price=0.2834 inside range [0.2832 - 0.2836]
2026-02-03 08:14:02,898 | SentinelBot | INFO | 🔍 Scanning LTCUSDTM...
2026-02-03 08:14:03,897 | SentinelBot | INFO | ✅ HTF CONFIRMED: H1 Trend aligns with SHORT
2026-02-03 08:14:03,897 | SentinelBot | INFO | 🚨 TRADE POTENTIAL: LTCUSDTM | Rec: MICRO_TRADE
2026-02-03 08:14:03,898 | SentinelBot | INFO |    Reason: Good setup (0.69) but low confidence (0.41). Regime: RANGE. Trend score: 0.05, bias: SHORT
2026-02-03 08:14:03,898 | SentinelBot | INFO |    Stats: Qual=0.69 | Conf=0.41 | Dir=SHORT
2026-02-03 08:14:03,899 | SentinelBot | INFO | 🚫 ENTRY_BLOCKED | BAD_RR | LTCUSDTM R:R = 1:2.00 < 1:2
2026-02-03 08:14:03,899 | SentinelBot | INFO | 🔍 Scanning MATICUSDTM...
2026-02-03 08:14:04,908 | SentinelBot | INFO | 🛑 HTF MISMATCH: MATICUSDTM Signal LONG vs Bear Trend. Blocked (Conf 0.39 < 0.80)
2026-02-03 08:14:04,910 | SentinelBot | INFO | 🔍 Scanning SHIBUSDTM...
2026-02-03 08:14:05,726 | SentinelBot | INFO |    📊 SHIBUSDTM: Rec=NO_TRADE (Qual=0.58)
2026-02-03 08:14:05,726 | SentinelBot | INFO | 🔍 Scanning UNIUSDTM...
2026-02-03 08:14:06,685 | SentinelBot | INFO | ✅ HTF CONFIRMED: H1 Trend aligns with SHORT
2026-02-03 08:14:06,685 | SentinelBot | INFO | 🚨 TRADE POTENTIAL: UNIUSDTM | Rec: MICRO_TRADE
2026-02-03 08:14:06,685 | SentinelBot | INFO |    Reason: Good setup (0.83) but low confidence (0.50). Regime: RANGE. Trend score: -0.05, bias: SHORT
2026-02-03 08:14:06,685 | SentinelBot | INFO |    Stats: Qual=0.83 | Conf=0.50 | Dir=SHORT
2026-02-03 08:14:06,686 | SentinelBot | INFO | 🚫 ENTRY_BLOCKED | BAD_RR | UNIUSDTM R:R = 1:2.00 < 1:2
2026-02-03 08:14:06,686 | SentinelBot | INFO | 🔍 Scanning ATOMUSDTM...
2026-02-03 08:14:07,504 | SentinelBot | INFO |    📊 ATOMUSDTM: Rec=NO_TRADE (Qual=0.48)
2026-02-03 08:14:07,505 | SentinelBot | INFO | 🔍 Scanning XLMUSDTM...
2026-02-03 08:14:08,448 | SentinelBot | INFO | ✅ HTF CONFIRMED: H1 Trend aligns with SHORT
2026-02-03 08:14:08,448 | SentinelBot | INFO | 🚨 TRADE POTENTIAL: XLMUSDTM | Rec: ALLOW_TRADE
2026-02-03 08:14:08,449 | SentinelBot | INFO |    Reason: Strong setup (0.94) with confidence (0.88). Regime: MOMENTUM. Trend score: -0.60, bias: SHORT
2026-02-03 08:14:08,449 | SentinelBot | INFO |    Stats: Qual=0.94 | Conf=0.88 | Dir=SHORT
2026-02-03 08:14:08,450 | SentinelBot | INFO | 🚫 ENTRY_BLOCKED | BAD_RR | XLMUSDTM R:R = 1:0.00 < 1:2
2026-02-03 08:14:08,450 | SentinelBot | INFO | 🔍 Scanning ETCUSDTM...
2026-02-03 08:14:09,521 | SentinelBot | INFO | ✅ HTF CONFIRMED: H1 Trend aligns with SHORT
2026-02-03 08:14:09,521 | SentinelBot | INFO | 🚨 TRADE POTENTIAL: ETCUSDTM | Rec: ALLOW_TRADE
2026-02-03 08:14:09,521 | SentinelBot | INFO |    Reason: Strong setup (0.99) with confidence (0.89). Regime: TREND_BEAR. Trend score: -0.35, bias: SHORT
2026-02-03 08:14:09,522 | SentinelBot | INFO |    Stats: Qual=0.98 | Conf=0.89 | Dir=SHORT
2026-02-03 08:14:09,523 | SentinelBot | INFO | 🚫 ENTRY_BLOCKED | BAD_RR | ETCUSDTM R:R = 1:2.00 < 1:2
2026-02-03 08:14:09,523 | SentinelBot | INFO | 🔍 Scanning FILUSDTM...
2026-02-03 08:14:10,567 | SentinelBot | INFO | ⚠️ HTF MISMATCH: FILUSDTM Short vs Bull Trend. ALLOWED due to High Confidence (0.87)
2026-02-03 08:14:10,567 | SentinelBot | INFO | ✅ HTF CONFIRMED: H1 Trend aligns with SHORT
2026-02-03 08:14:10,567 | SentinelBot | INFO | 🚨 TRADE POTENTIAL: FILUSDTM | Rec: ALLOW_TRADE
2026-02-03 08:14:10,567 | SentinelBot | INFO |    Reason: Strong setup (0.97) with confidence (0.87). Regime: TREND_BEAR. Trend score: -0.35, bias: SHORT
2026-02-03 08:14:10,567 | SentinelBot | INFO |    Stats: Qual=0.97 | Conf=0.87 | Dir=SHORT
2026-02-03 08:14:10,570 | SentinelBot | INFO | 🚫 ENTRY_BLOCKED | BAD_RR | FILUSDTM R:R = 1:2.00 < 1:2
2026-02-03 08:14:10,571 | SentinelBot | INFO | 🔍 Scanning APTUSDTM...
2026-02-03 08:14:11,586 | SentinelBot | INFO | ✅ HTF CONFIRMED: H1 Trend aligns with SHORT
2026-02-03 08:14:11,587 | SentinelBot | INFO | 🚨 TRADE POTENTIAL: APTUSDTM | Rec: ALLOW_TRADE
2026-02-03 08:14:11,587 | SentinelBot | INFO |    Reason: Strong setup (1.00) with confidence (0.90). Regime: TREND_BEAR. Trend score: -0.40, bias: SHORT
2026-02-03 08:14:11,587 | SentinelBot | INFO |    Stats: Qual=1.00 | Conf=0.90 | Dir=SHORT
2026-02-03 08:14:11,588 | SentinelBot | INFO | ⏳ BIAS_DETECTED | APTUSDTM SHORT | Waiting for Zone [1.273126 - 1.274210]
2026-02-03 08:14:11,589 | SentinelBot | INFO | 🔍 Scanning ARBUSDTM...
2026-02-03 08:14:12,633 | SentinelBot | INFO | ✅ HTF CONFIRMED: H1 Trend aligns with SHORT
2026-02-03 08:14:12,634 | SentinelBot | INFO | 🚨 TRADE POTENTIAL: ARBUSDTM | Rec: MICRO_TRADE
2026-02-03 08:14:12,634 | SentinelBot | INFO |    Reason: Good setup (0.88) but low confidence (0.53). Regime: RANGE. Trend score: -0.20, bias: SHORT
2026-02-03 08:14:12,634 | SentinelBot | INFO |    Stats: Qual=0.88 | Conf=0.53 | Dir=SHORT
2026-02-03 08:14:12,635 | SentinelBot | INFO | 🚫 ENTRY_BLOCKED | BAD_RR | ARBUSDTM R:R = 1:2.00 < 1:2
2026-02-03 08:14:12,635 | SentinelBot | INFO | 🔍 Scanning OPUSDTM...
2026-02-03 08:14:13,721 | SentinelBot | INFO | ✅ HTF CONFIRMED: H1 Trend aligns with SHORT
2026-02-03 08:14:13,721 | SentinelBot | INFO | 🚨 TRADE POTENTIAL: OPUSDTM | Rec: MICRO_TRADE
2026-02-03 08:14:13,721 | SentinelBot | INFO |    Reason: Good setup (0.78) but low confidence (0.47). Regime: RANGE. Trend score: -0.15, bias: SHORT
2026-02-03 08:14:13,721 | SentinelBot | INFO |    Stats: Qual=0.78 | Conf=0.47 | Dir=SHORT
2026-02-03 08:14:13,723 | SentinelBot | INFO | 🚫 ENTRY_BLOCKED | BAD_RR | OPUSDTM R:R = 1:2.00 < 1:2
2026-02-03 08:14:13,723 | SentinelBot | INFO | 🔍 Scanning SUIUSDTM...
2026-02-03 08:14:15,697 | SentinelBot | INFO | ✅ HTF CONFIRMED: H1 Trend aligns with SHORT
2026-02-03 08:14:15,698 | SentinelBot | INFO | 🚨 TRADE POTENTIAL: SUIUSDTM | Rec: ALLOW_TRADE
2026-02-03 08:14:15,698 | SentinelBot | INFO |    Reason: Strong setup (0.89) with confidence (0.80). Regime: TREND_BEAR. Trend score: -0.30, bias: SHORT
2026-02-03 08:14:15,698 | SentinelBot | INFO |    Stats: Qual=0.89 | Conf=0.80 | Dir=SHORT
2026-02-03 08:14:15,698 | SentinelBot | INFO | 🚫 ENTRY_BLOCKED | BAD_RR | SUIUSDTM R:R = 1:2.00 < 1:2
2026-02-03 08:14:15,700 | SentinelBot | INFO | 🔍 Scanning PEPEUSDTM...
2026-02-03 08:14:16,645 | SentinelBot | INFO | ✅ HTF CONFIRMED: H1 Trend aligns with SHORT
2026-02-03 08:14:16,646 | SentinelBot | INFO | 🚨 TRADE POTENTIAL: PEPEUSDTM | Rec: MICRO_TRADE
2026-02-03 08:14:16,646 | SentinelBot | INFO |    Reason: Good setup (0.86) but low confidence (0.51). Regime: RANGE. Trend score: -0.10, bias: SHORT
2026-02-03 08:14:16,648 | SentinelBot | INFO |    Stats: Qual=0.86 | Conf=0.51 | Dir=SHORT
2026-02-03 08:14:16,648 | SentinelBot | INFO | 🚫 ENTRY_BLOCKED | BAD_RR | PEPEUSDTM R:R = 1:0.00 < 1:2
2026-02-03 08:14:16,649 | SentinelBot | INFO | 🔍 Scanning NEARUSDTM...
2026-02-03 08:14:17,704 | SentinelBot | INFO | ✅ HTF CONFIRMED: H1 Trend aligns with SHORT
2026-02-03 08:14:17,705 | SentinelBot | INFO | 🚨 TRADE POTENTIAL: NEARUSDTM | Rec: MICRO_TRADE
2026-02-03 08:14:17,705 | SentinelBot | INFO |    Reason: Good setup (0.84) but low confidence (0.51). Regime: RANGE. Trend score: -0.05, bias: SHORT
2026-02-03 08:14:17,705 | SentinelBot | INFO |    Stats: Qual=0.84 | Conf=0.51 | Dir=SHORT
2026-02-03 08:14:17,705 | SentinelBot | INFO | 🚫 ENTRY_BLOCKED | BAD_RR | NEARUSDTM R:R = 1:0.00 < 1:2
2026-02-03 08:14:17,707 | SentinelBot | INFO | 🔍 Scanning RNDRUSDTM...
2026-02-03 08:14:18,725 | SentinelBot | INFO | ✅ HTF CONFIRMED: H1 Trend aligns with SHORT
2026-02-03 08:14:18,725 | SentinelBot | INFO | 🚨 TRADE POTENTIAL: RNDRUSDTM | Rec: MICRO_TRADE
2026-02-03 08:14:18,726 | SentinelBot | INFO |    Reason: Good setup (0.87) but low confidence (0.52). Regime: RANGE. Trend score: -0.10, bias: SHORT
2026-02-03 08:14:18,726 | SentinelBot | INFO |    Stats: Qual=0.87 | Conf=0.52 | Dir=SHORT
2026-02-03 08:14:18,726 | SentinelBot | INFO | 🚫 ENTRY_BLOCKED | BAD_RR | RNDRUSDTM R:R = 1:0.00 < 1:2
2026-02-03 08:14:18,728 | SentinelBot | INFO | 🔍 Scanning INJUSDTM...
2026-02-03 08:14:19,792 | SentinelBot | INFO | ✅ HTF CONFIRMED: H1 Trend aligns with SHORT
2026-02-03 08:14:19,792 | SentinelBot | INFO | 🚨 TRADE POTENTIAL: INJUSDTM | Rec: MICRO_TRADE
2026-02-03 08:14:19,794 | SentinelBot | INFO |    Reason: Good setup (0.85) but low confidence (0.51). Regime: RANGE. Trend score: -0.20, bias: SHORT
2026-02-03 08:14:19,794 | SentinelBot | INFO |    Stats: Qual=0.85 | Conf=0.51 | Dir=SHORT
2026-02-03 08:14:19,794 | SentinelBot | INFO | 🚫 ENTRY_BLOCKED | BAD_RR | INJUSDTM R:R = 1:0.00 < 1:2
2026-02-03 08:14:19,795 | SentinelBot | INFO | 🔍 Scanning TIAUSDTM...
2026-02-03 08:14:20,995 | SentinelBot | INFO | 🛑 HTF MISMATCH: TIAUSDTM Signal SHORT vs Bull Trend. Blocked (Conf 0.65 < 0.75)
2026-02-03 08:14:20,997 | SentinelBot | INFO | 🔍 Scanning IMXUSDTM...
2026-02-03 08:14:22,003 | SentinelBot | INFO | ✅ HTF CONFIRMED: H1 Trend aligns with SHORT
2026-02-03 08:14:22,003 | SentinelBot | INFO | 🚨 TRADE POTENTIAL: IMXUSDTM | Rec: ALLOW_TRADE
2026-02-03 08:14:22,004 | SentinelBot | INFO |    Reason: Strong setup (1.00) with confidence (0.94). Regime: MOMENTUM. Trend score: -0.55, bias: SHORT
2026-02-03 08:14:22,004 | SentinelBot | INFO |    Stats: Qual=1.00 | Conf=0.94 | Dir=SHORT
2026-02-03 08:14:22,004 | SentinelBot | INFO | 🚫 ENTRY_BLOCKED | BAD_RR | IMXUSDTM R:R = 1:0.00 < 1:2
2026-02-03 08:14:22,005 | SentinelBot | INFO | 🔍 Scanning LDOUSDTM...
2026-02-03 08:14:22,978 | SentinelBot | INFO | ✅ HTF CONFIRMED: H1 Trend aligns with SHORT
2026-02-03 08:14:22,979 | SentinelBot | INFO | 🚨 TRADE POTENTIAL: LDOUSDTM | Rec: MICRO_TRADE
2026-02-03 08:14:22,979 | SentinelBot | INFO |    Reason: Good setup (0.86) but low confidence (0.52). Regime: RANGE. Trend score: -0.30, bias: SHORT
2026-02-03 08:14:22,980 | SentinelBot | INFO |    Stats: Qual=0.86 | Conf=0.52 | Dir=SHORT
2026-02-03 08:14:22,980 | SentinelBot | INFO | 🚫 ENTRY_BLOCKED | BAD_RR | LDOUSDTM R:R = 1:0.00 < 1:2
2026-02-03 08:14:28,197 | SentinelBot | INFO | 💓 Loop alive | Cycle 280 | Watching 30 symbols
2026-02-03 08:14:43,150 | SentinelBot | INFO | 💓 Loop alive | Cycle 290 | Watching 30 symbols
2026-02-03 08:14:52,550 | SentinelBot | INFO | 🔍 Scanning XBTUSDTM...
2026-02-03 08:14:52,941 | SentinelBot | INFO | 🚫 ENTRY_BLOCKED | NO_TRADE_ZONE | XBTUSDTM price=78686.1000 inside range [78585.8150 - 78867.4850]
2026-02-03 08:14:52,943 | SentinelBot | INFO | 🔍 Scanning ETHUSDTM...
2026-02-03 08:14:53,950 | SentinelBot | INFO | ✅ HTF CONFIRMED: H1 Trend aligns with SHORT
2026-02-03 08:14:53,950 | SentinelBot | INFO | 🚨 TRADE POTENTIAL: ETHUSDTM | Rec: MICRO_TRADE
2026-02-03 08:14:53,951 | SentinelBot | INFO |    Reason: Good setup (0.65) but low confidence (0.39). Regime: RANGE. Trend score: 0.10, bias: SHORT
2026-02-03 08:14:53,951 | SentinelBot | INFO |    Stats: Qual=0.65 | Conf=0.39 | Dir=SHORT
2026-02-03 08:14:53,952 | SentinelBot | INFO | 🚫 ENTRY_BLOCKED | BAD_RR | ETHUSDTM R:R = 1:2.00 < 1:2
2026-02-03 08:14:53,953 | SentinelBot | INFO | 🔍 Scanning SOLUSDTM...
2026-02-03 08:14:54,932 | SentinelBot | INFO | ✅ HTF CONFIRMED: H1 Trend aligns with SHORT
2026-02-03 08:14:54,934 | SentinelBot | INFO | 🚨 TRADE POTENTIAL: SOLUSDTM | Rec: MICRO_TRADE
2026-02-03 08:14:54,934 | SentinelBot | INFO |    Reason: Good setup (0.88) but low confidence (0.53). Regime: RANGE. Trend score: -0.10, bias: SHORT
2026-02-03 08:14:54,935 | SentinelBot | INFO |    Stats: Qual=0.88 | Conf=0.53 | Dir=SHORT
2026-02-03 08:14:54,936 | SentinelBot | INFO | ⏳ BIAS_DETECTED | SOLUSDTM SHORT | Waiting for Zone [104.126125 - 104.160131]
2026-02-03 08:14:54,936 | SentinelBot | INFO | 🔍 Scanning BNBUSDTM...
2026-02-03 08:14:55,887 | SentinelBot | INFO | ✅ HTF CONFIRMED: H1 Trend aligns with SHORT
2026-02-03 08:14:55,887 | SentinelBot | INFO | 🚨 TRADE POTENTIAL: BNBUSDTM | Rec: MICRO_TRADE
2026-02-03 08:14:55,887 | SentinelBot | INFO |    Reason: Good setup (0.81) but low confidence (0.49). Regime: RANGE. Trend score: -0.10, bias: SHORT
2026-02-03 08:14:55,887 | SentinelBot | INFO |    Stats: Qual=0.81 | Conf=0.49 | Dir=SHORT
2026-02-03 08:14:55,892 | SentinelBot | INFO | ⏳ BIAS_DETECTED | BNBUSDTM SHORT | Waiting for Zone [772.606817 - 772.674801]
2026-02-03 08:14:55,893 | SentinelBot | INFO | 🔍 Scanning XRPUSDTM...
2026-02-03 08:14:57,832 | SentinelBot | INFO | ✅ HTF CONFIRMED: H1 Trend aligns with SHORT
2026-02-03 08:14:57,833 | SentinelBot | INFO | 🚨 TRADE POTENTIAL: XRPUSDTM | Rec: MICRO_TRADE
2026-02-03 08:14:57,833 | SentinelBot | INFO |    Reason: Good setup (0.93) but low confidence (0.56). Regime: RANGE. Trend score: -0.20, bias: SHORT
2026-02-03 08:14:57,833 | SentinelBot | INFO |    Stats: Qual=0.93 | Conf=0.56 | Dir=SHORT
2026-02-03 08:14:57,834 | SentinelBot | INFO | 🚫 ENTRY_BLOCKED | BAD_RR | XRPUSDTM R:R = 1:2.00 < 1:2
2026-02-03 08:14:57,834 | SentinelBot | INFO | 🔍 Scanning ADAUSDTM...
2026-02-03 08:14:59,081 | SentinelBot | INFO | 🛑 HTF MISMATCH: ADAUSDTM Signal SHORT vs Bull Trend. Blocked (Conf 0.41 < 0.75)
2026-02-03 08:14:59,081 | SentinelBot | INFO | 🔍 Scanning DOGEUSDTM...
2026-02-03 08:15:00,467 | SentinelBot | INFO | 🛑 HTF MISMATCH: DOGEUSDTM Signal SHORT vs Bull Trend. Blocked (Conf 0.39 < 0.75)
2026-02-03 08:15:00,467 | SentinelBot | INFO | 🔍 Scanning AVAXUSDTM...
2026-02-03 08:15:01,503 | SentinelBot | INFO | ✅ HTF CONFIRMED: H1 Trend aligns with SHORT
2026-02-03 08:15:01,504 | SentinelBot | INFO | 🚨 TRADE POTENTIAL: AVAXUSDTM | Rec: MICRO_TRADE
2026-02-03 08:15:01,504 | SentinelBot | INFO |    Reason: Good setup (0.91) but low confidence (0.55). Regime: RANGE. Trend score: -0.15, bias: SHORT
2026-02-03 08:15:01,504 | SentinelBot | INFO |    Stats: Qual=0.91 | Conf=0.55 | Dir=SHORT
2026-02-03 08:15:01,505 | SentinelBot | INFO | ⏳ BIAS_DETECTED | AVAXUSDTM SHORT | Waiting for Zone [10.117909 - 10.123811]
2026-02-03 08:15:01,505 | SentinelBot | INFO | 🔍 Scanning LINKUSDTM...
2026-02-03 08:15:02,518 | SentinelBot | INFO | ✅ HTF CONFIRMED: H1 Trend aligns with SHORT
2026-02-03 08:15:02,518 | SentinelBot | INFO | 🚨 TRADE POTENTIAL: LINKUSDTM | Rec: MICRO_TRADE
2026-02-03 08:15:02,519 | SentinelBot | INFO |    Reason: Good setup (0.82) but low confidence (0.49). Regime: RANGE. Trend score: -0.05, bias: SHORT
2026-02-03 08:15:02,519 | SentinelBot | INFO |    Stats: Qual=0.82 | Conf=0.49 | Dir=SHORT
2026-02-03 08:15:02,520 | SentinelBot | INFO | ⏳ BIAS_DETECTED | LINKUSDTM SHORT | Waiting for Zone [9.796977 - 9.797206]
2026-02-03 08:15:02,520 | SentinelBot | INFO | 🔍 Scanning DOTUSDTM...
2026-02-03 08:15:03,518 | SentinelBot | INFO | ✅ HTF CONFIRMED: H1 Trend aligns with SHORT
2026-02-03 08:15:03,518 | SentinelBot | INFO | 🚨 TRADE POTENTIAL: DOTUSDTM | Rec: ALLOW_TRADE
2026-02-03 08:15:03,519 | SentinelBot | INFO |    Reason: Strong setup (1.00) with confidence (0.60). Regime: RANGE. Trend score: -0.15, bias: SHORT
2026-02-03 08:15:03,519 | SentinelBot | INFO |    Stats: Qual=1.00 | Conf=0.60 | Dir=SHORT
2026-02-03 08:15:03,519 | SentinelBot | INFO | 🚫 ENTRY_BLOCKED | BAD_RR | DOTUSDTM R:R = 1:0.00 < 1:2
2026-02-03 08:15:03,521 | SentinelBot | INFO | 🔍 Scanning TRXUSDTM...
2026-02-03 08:15:03,937 | SentinelBot | INFO | 🚫 ENTRY_BLOCKED | NO_TRADE_ZONE | TRXUSDTM price=0.2834 inside range [0.2832 - 0.2836]
2026-02-03 08:15:03,938 | SentinelBot | INFO | 🔍 Scanning LTCUSDTM...
2026-02-03 08:15:04,977 | SentinelBot | INFO | ✅ HTF CONFIRMED: H1 Trend aligns with SHORT
2026-02-03 08:15:04,977 | SentinelBot | INFO | 🚨 TRADE POTENTIAL: LTCUSDTM | Rec: MICRO_TRADE
2026-02-03 08:15:04,977 | SentinelBot | INFO |    Reason: Good setup (0.69) but low confidence (0.41). Regime: RANGE. Trend score: 0.05, bias: SHORT
2026-02-03 08:15:04,977 | SentinelBot | INFO |    Stats: Qual=0.69 | Conf=0.41 | Dir=SHORT
2026-02-03 08:15:04,977 | SentinelBot | INFO | 🚫 ENTRY_BLOCKED | BAD_RR | LTCUSDTM R:R = 1:2.00 < 1:2
2026-02-03 08:15:04,977 | SentinelBot | INFO | 🔍 Scanning MATICUSDTM...
2026-02-03 08:15:05,981 | SentinelBot | INFO | 🛑 HTF MISMATCH: MATICUSDTM Signal LONG vs Bear Trend. Blocked (Conf 0.39 < 0.80)
2026-02-03 08:15:05,982 | SentinelBot | INFO | 🔍 Scanning SHIBUSDTM...
2026-02-03 08:15:06,839 | SentinelBot | INFO |    📊 SHIBUSDTM: Rec=NO_TRADE (Qual=0.58)
2026-02-03 08:15:06,839 | SentinelBot | INFO | 🔍 Scanning UNIUSDTM...
2026-02-03 08:15:07,858 | SentinelBot | INFO | ✅ HTF CONFIRMED: H1 Trend aligns with SHORT
2026-02-03 08:15:07,858 | SentinelBot | INFO | 🚨 TRADE POTENTIAL: UNIUSDTM | Rec: MICRO_TRADE
2026-02-03 08:15:07,859 | SentinelBot | INFO |    Reason: Good setup (0.83) but low confidence (0.50). Regime: RANGE. Trend score: -0.05, bias: SHORT
2026-02-03 08:15:07,859 | SentinelBot | INFO |    Stats: Qual=0.83 | Conf=0.50 | Dir=SHORT
2026-02-03 08:15:07,860 | SentinelBot | INFO | 🚫 ENTRY_BLOCKED | BAD_RR | UNIUSDTM R:R = 1:2.00 < 1:2
2026-02-03 08:15:07,860 | SentinelBot | INFO | 🔍 Scanning ATOMUSDTM...
2026-02-03 08:15:08,676 | SentinelBot | INFO |    📊 ATOMUSDTM: Rec=NO_TRADE (Qual=0.48)
2026-02-03 08:15:08,677 | SentinelBot | INFO | 🔍 Scanning XLMUSDTM...
2026-02-03 08:15:09,677 | SentinelBot | INFO | ✅ HTF CONFIRMED: H1 Trend aligns with SHORT
2026-02-03 08:15:09,677 | SentinelBot | INFO | 🚨 TRADE POTENTIAL: XLMUSDTM | Rec: ALLOW_TRADE
2026-02-03 08:15:09,677 | SentinelBot | INFO |    Reason: Strong setup (0.94) with confidence (0.88). Regime: MOMENTUM. Trend score: -0.60, bias: SHORT
2026-02-03 08:15:09,677 | SentinelBot | INFO |    Stats: Qual=0.94 | Conf=0.88 | Dir=SHORT
2026-02-03 08:15:09,677 | SentinelBot | INFO | 🚫 ENTRY_BLOCKED | BAD_RR | XLMUSDTM R:R = 1:0.00 < 1:2
2026-02-03 08:15:09,679 | SentinelBot | INFO | 🔍 Scanning ETCUSDTM...
2026-02-03 08:15:10,681 | SentinelBot | INFO | ✅ HTF CONFIRMED: H1 Trend aligns with SHORT
2026-02-03 08:15:10,682 | SentinelBot | INFO | 🚨 TRADE POTENTIAL: ETCUSDTM | Rec: ALLOW_TRADE
2026-02-03 08:15:10,683 | SentinelBot | INFO |    Reason: Strong setup (0.99) with confidence (0.89). Regime: TREND_BEAR. Trend score: -0.35, bias: SHORT
2026-02-03 08:15:10,683 | SentinelBot | INFO |    Stats: Qual=0.98 | Conf=0.89 | Dir=SHORT
2026-02-03 08:15:10,684 | SentinelBot | INFO | 🚫 ENTRY_BLOCKED | BAD_RR | ETCUSDTM R:R = 1:2.00 < 1:2
2026-02-03 08:15:10,684 | SentinelBot | INFO | 🔍 Scanning FILUSDTM...
2026-02-03 08:15:11,762 | SentinelBot | INFO | ⚠️ HTF MISMATCH: FILUSDTM Short vs Bull Trend. ALLOWED due to High Confidence (0.90)
2026-02-03 08:15:11,762 | SentinelBot | INFO | ✅ HTF CONFIRMED: H1 Trend aligns with SHORT
2026-02-03 08:15:11,763 | SentinelBot | INFO | 🚨 TRADE POTENTIAL: FILUSDTM | Rec: ALLOW_TRADE
2026-02-03 08:15:11,763 | SentinelBot | INFO |    Reason: Strong setup (1.00) with confidence (0.90). Regime: TREND_BEAR. Trend score: -0.35, bias: SHORT
2026-02-03 08:15:11,763 | SentinelBot | INFO |    Stats: Qual=1.00 | Conf=0.90 | Dir=SHORT
2026-02-03 08:15:11,764 | SentinelBot | INFO | ⏳ BIAS_DETECTED | FILUSDTM SHORT | Waiting for Zone [1.078001 - 1.078123]
2026-02-03 08:15:11,764 | SentinelBot | INFO | 🔍 Scanning APTUSDTM...
2026-02-03 08:15:12,769 | SentinelBot | INFO | ✅ HTF CONFIRMED: H1 Trend aligns with SHORT
2026-02-03 08:15:12,771 | SentinelBot | INFO | 🚨 TRADE POTENTIAL: APTUSDTM | Rec: ALLOW_TRADE
2026-02-03 08:15:12,771 | SentinelBot | INFO |    Reason: Strong setup (1.00) with confidence (0.90). Regime: TREND_BEAR. Trend score: -0.40, bias: SHORT
2026-02-03 08:15:12,771 | SentinelBot | INFO |    Stats: Qual=1.00 | Conf=0.90 | Dir=SHORT
2026-02-03 08:15:12,772 | SentinelBot | INFO | 🚫 ENTRY_BLOCKED | BAD_RR | APTUSDTM R:R = 1:0.00 < 1:2
2026-02-03 08:15:12,772 | SentinelBot | INFO | 🔍 Scanning ARBUSDTM...
2026-02-03 08:15:13,772 | SentinelBot | INFO | ✅ HTF CONFIRMED: H1 Trend aligns with SHORT
2026-02-03 08:15:13,772 | SentinelBot | INFO | 🚨 TRADE POTENTIAL: ARBUSDTM | Rec: MICRO_TRADE
2026-02-03 08:15:13,772 | SentinelBot | INFO |    Reason: Good setup (0.70) but low confidence (0.42). Regime: RANGE. Trend score: -0.20, bias: SHORT
2026-02-03 08:15:13,772 | SentinelBot | INFO |    Stats: Qual=0.70 | Conf=0.42 | Dir=SHORT
2026-02-03 08:15:13,775 | SentinelBot | INFO | ⏳ BIAS_DETECTED | ARBUSDTM SHORT | Waiting for Zone [0.136664 - 0.136884]
2026-02-03 08:15:13,775 | SentinelBot | INFO | 🔍 Scanning OPUSDTM...
2026-02-03 08:15:14,828 | SentinelBot | INFO | ✅ HTF CONFIRMED: H1 Trend aligns with SHORT
2026-02-03 08:15:14,828 | SentinelBot | INFO | 🚨 TRADE POTENTIAL: OPUSDTM | Rec: MICRO_TRADE
2026-02-03 08:15:14,828 | SentinelBot | INFO |    Reason: Good setup (0.91) but low confidence (0.55). Regime: RANGE. Trend score: -0.25, bias: SHORT
2026-02-03 08:15:14,828 | SentinelBot | INFO |    Stats: Qual=0.91 | Conf=0.55 | Dir=SHORT
2026-02-03 08:15:14,828 | SentinelBot | INFO | ⏳ BIAS_DETECTED | OPUSDTM SHORT | Waiting for Zone [0.229117 - 0.229508]
2026-02-03 08:15:14,831 | SentinelBot | INFO | 🔍 Scanning SUIUSDTM...
2026-02-03 08:15:15,870 | SentinelBot | INFO | ✅ HTF CONFIRMED: H1 Trend aligns with SHORT
2026-02-03 08:15:15,871 | SentinelBot | INFO | 🚨 TRADE POTENTIAL: SUIUSDTM | Rec: ALLOW_TRADE
2026-02-03 08:15:15,871 | SentinelBot | INFO |    Reason: Strong setup (0.76) with confidence (0.68). Regime: TREND_BEAR. Trend score: -0.30, bias: SHORT
2026-02-03 08:15:15,871 | SentinelBot | INFO |    Stats: Qual=0.76 | Conf=0.68 | Dir=SHORT
2026-02-03 08:15:15,871 | SentinelBot | INFO | 🚫 ENTRY_BLOCKED | BAD_RR | SUIUSDTM R:R = 1:2.00 < 1:2
2026-02-03 08:15:15,874 | SentinelBot | INFO | 🔍 Scanning PEPEUSDTM...
2026-02-03 08:15:16,936 | SentinelBot | INFO | ✅ HTF CONFIRMED: H1 Trend aligns with SHORT
2026-02-03 08:15:16,936 | SentinelBot | INFO | 🚨 TRADE POTENTIAL: PEPEUSDTM | Rec: MICRO_TRADE
2026-02-03 08:15:16,936 | SentinelBot | INFO |    Reason: Good setup (0.83) but low confidence (0.50). Regime: RANGE. Trend score: -0.10, bias: SHORT
2026-02-03 08:15:16,938 | SentinelBot | INFO |    Stats: Qual=0.83 | Conf=0.50 | Dir=SHORT
2026-02-03 08:15:16,938 | SentinelBot | INFO | 🚫 ENTRY_BLOCKED | BAD_RR | PEPEUSDTM R:R = 1:0.00 < 1:2
2026-02-03 08:15:16,939 | SentinelBot | INFO | 🔍 Scanning NEARUSDTM...
2026-02-03 08:15:18,127 | SentinelBot | INFO | ✅ HTF CONFIRMED: H1 Trend aligns with SHORT
2026-02-03 08:15:18,129 | SentinelBot | INFO | 🚨 TRADE POTENTIAL: NEARUSDTM | Rec: ALLOW_TRADE
2026-02-03 08:15:18,130 | SentinelBot | INFO |    Reason: Strong setup (1.00) with confidence (0.60). Regime: RANGE. Trend score: -0.15, bias: SHORT
2026-02-03 08:15:18,130 | SentinelBot | INFO |    Stats: Qual=1.00 | Conf=0.60 | Dir=SHORT
2026-02-03 08:15:18,130 | SentinelBot | INFO | 🚫 ENTRY_BLOCKED | BAD_RR | NEARUSDTM R:R = 1:0.00 < 1:2
2026-02-03 08:15:18,132 | SentinelBot | INFO | 🔍 Scanning RNDRUSDTM...
2026-02-03 08:15:19,488 | SentinelBot | INFO | ✅ HTF CONFIRMED: H1 Trend aligns with SHORT
2026-02-03 08:15:19,488 | SentinelBot | INFO | 🚨 TRADE POTENTIAL: RNDRUSDTM | Rec: MICRO_TRADE
2026-02-03 08:15:19,489 | SentinelBot | INFO |    Reason: Good setup (0.87) but low confidence (0.52). Regime: RANGE. Trend score: -0.10, bias: SHORT
2026-02-03 08:15:19,489 | SentinelBot | INFO |    Stats: Qual=0.87 | Conf=0.52 | Dir=SHORT
2026-02-03 08:15:19,489 | SentinelBot | INFO | 🚫 ENTRY_BLOCKED | BAD_RR | RNDRUSDTM R:R = 1:0.00 < 1:2
2026-02-03 08:15:19,491 | SentinelBot | INFO | 🔍 Scanning INJUSDTM...
2026-02-03 08:15:20,529 | SentinelBot | INFO | ✅ HTF CONFIRMED: H1 Trend aligns with SHORT
2026-02-03 08:15:20,530 | SentinelBot | INFO | 🚨 TRADE POTENTIAL: INJUSDTM | Rec: MICRO_TRADE
2026-02-03 08:15:20,530 | SentinelBot | INFO |    Reason: Good setup (0.94) but low confidence (0.57). Regime: RANGE. Trend score: -0.20, bias: SHORT
2026-02-03 08:15:20,530 | SentinelBot | INFO |    Stats: Qual=0.94 | Conf=0.57 | Dir=SHORT
2026-02-03 08:15:20,531 | SentinelBot | INFO | 🚫 ENTRY_BLOCKED | BAD_RR | INJUSDTM R:R = 1:2.00 < 1:2
2026-02-03 08:15:20,531 | SentinelBot | INFO | 🔍 Scanning TIAUSDTM...
2026-02-03 08:15:21,625 | SentinelBot | INFO | ⚠️ HTF MISMATCH: TIAUSDTM Short vs Bull Trend. ALLOWED due to High Confidence (0.85)
2026-02-03 08:15:21,625 | SentinelBot | INFO | ✅ HTF CONFIRMED: H1 Trend aligns with SHORT
2026-02-03 08:15:21,626 | SentinelBot | INFO | 🚨 TRADE POTENTIAL: TIAUSDTM | Rec: ALLOW_TRADE
2026-02-03 08:15:21,627 | SentinelBot | INFO |    Reason: Strong setup (1.00) with confidence (0.85). Regime: MOMENTUM. Trend score: -0.45, bias: SHORT
2026-02-03 08:15:21,627 | SentinelBot | INFO |    Stats: Qual=1.00 | Conf=0.85 | Dir=SHORT
2026-02-03 08:15:21,627 | SentinelBot | INFO | 🚫 ENTRY_BLOCKED | BAD_RR | TIAUSDTM R:R = 1:2.00 < 1:2
2026-02-03 08:15:21,629 | SentinelBot | INFO | 🔍 Scanning IMXUSDTM...
2026-02-03 08:15:22,649 | SentinelBot | INFO | ✅ HTF CONFIRMED: H1 Trend aligns with SHORT
2026-02-03 08:15:22,651 | SentinelBot | INFO | 🚨 TRADE POTENTIAL: IMXUSDTM | Rec: ALLOW_TRADE
2026-02-03 08:15:22,651 | SentinelBot | INFO |    Reason: Strong setup (1.00) with confidence (0.94). Regime: MOMENTUM. Trend score: -0.55, bias: SHORT
2026-02-03 08:15:22,651 | SentinelBot | INFO |    Stats: Qual=1.00 | Conf=0.94 | Dir=SHORT
2026-02-03 08:15:22,652 | SentinelBot | INFO | 🚫 ENTRY_BLOCKED | BAD_RR | IMXUSDTM R:R = 1:0.00 < 1:2
2026-02-03 08:15:22,652 | SentinelBot | INFO | 🔍 Scanning LDOUSDTM...
2026-02-03 08:15:23,616 | SentinelBot | INFO | ✅ HTF CONFIRMED: H1 Trend aligns with SHORT
2026-02-03 08:15:23,616 | SentinelBot | INFO | 🚨 TRADE POTENTIAL: LDOUSDTM | Rec: MICRO_TRADE
2026-02-03 08:15:23,616 | SentinelBot | INFO |    Reason: Good setup (0.70) but low confidence (0.42). Regime: RANGE. Trend score: -0.30, bias: SHORT
2026-02-03 08:15:23,618 | SentinelBot | INFO |    Stats: Qual=0.70 | Conf=0.42 | Dir=SHORT
2026-02-03 08:15:23,618 | SentinelBot | INFO | 🚫 ENTRY_BLOCKED | BAD_RR | LDOUSDTM R:R = 1:2.00 < 1:2
2026-02-03 08:15:30,951 | SentinelBot | INFO | 💓 Loop alive | Cycle 300 | Watching 30 symbols
2026-02-03 08:15:46,660 | SentinelBot | INFO | 💓 Loop alive | Cycle 310 | Watching 30 symbols
2026-02-03 08:15:53,114 | SentinelBot | INFO | 🔍 Scanning XBTUSDTM...
2026-02-03 08:15:54,089 | SentinelBot | INFO | 🛑 HTF MISMATCH: XBTUSDTM Signal SHORT vs Bull Trend. Blocked (Conf 0.56 < 0.75)
2026-02-03 08:15:54,090 | SentinelBot | INFO | 🔍 Scanning ETHUSDTM...
2026-02-03 08:15:54,972 | SentinelBot | INFO |    📊 ETHUSDTM: Rec=NO_TRADE (Qual=0.51)
2026-02-03 08:15:54,973 | SentinelBot | INFO | 🔍 Scanning SOLUSDTM...
2026-02-03 08:15:55,969 | SentinelBot | INFO | ✅ HTF CONFIRMED: H1 Trend aligns with SHORT
2026-02-03 08:15:55,970 | SentinelBot | INFO | 🚨 TRADE POTENTIAL: SOLUSDTM | Rec: MICRO_TRADE
2026-02-03 08:15:55,970 | SentinelBot | INFO |    Reason: Good setup (0.65) but low confidence (0.39). Regime: RANGE. Trend score: -0.10, bias: SHORT
2026-02-03 08:15:55,971 | SentinelBot | INFO |    Stats: Qual=0.65 | Conf=0.39 | Dir=SHORT
2026-02-03 08:15:55,971 | SentinelBot | INFO | ⏳ BIAS_DETECTED | SOLUSDTM SHORT | Waiting for Zone [104.030289 - 104.092630]
2026-02-03 08:15:55,972 | SentinelBot | INFO | 🔍 Scanning BNBUSDTM...
2026-02-03 08:15:56,998 | SentinelBot | INFO | ✅ HTF CONFIRMED: H1 Trend aligns with SHORT
2026-02-03 08:15:56,998 | SentinelBot | INFO | 🚨 TRADE POTENTIAL: BNBUSDTM | Rec: MICRO_TRADE
2026-02-03 08:15:57,000 | SentinelBot | INFO |    Reason: Good setup (0.61) but low confidence (0.37). Regime: RANGE. Trend score: -0.10, bias: SHORT
2026-02-03 08:15:57,000 | SentinelBot | INFO |    Stats: Qual=0.61 | Conf=0.37 | Dir=SHORT
2026-02-03 08:15:57,000 | SentinelBot | INFO | 🚫 ENTRY_BLOCKED | BAD_RR | BNBUSDTM R:R = 1:2.00 < 1:2
2026-02-03 08:15:57,000 | SentinelBot | INFO | 🔍 Scanning XRPUSDTM...
2026-02-03 08:15:57,997 | SentinelBot | INFO | ✅ HTF CONFIRMED: H1 Trend aligns with SHORT
2026-02-03 08:15:57,998 | SentinelBot | INFO | 🚨 TRADE POTENTIAL: XRPUSDTM | Rec: MICRO_TRADE
2026-02-03 08:15:57,998 | SentinelBot | INFO |    Reason: Good setup (0.65) but low confidence (0.39). Regime: RANGE. Trend score: -0.20, bias: SHORT
2026-02-03 08:15:57,999 | SentinelBot | INFO |    Stats: Qual=0.66 | Conf=0.39 | Dir=SHORT
2026-02-03 08:15:57,999 | SentinelBot | INFO | 🚫 ENTRY_BLOCKED | BAD_RR | XRPUSDTM R:R = 1:2.00 < 1:2
2026-02-03 08:15:57,999 | SentinelBot | INFO | 🔍 Scanning ADAUSDTM...
2026-02-03 08:15:58,991 | SentinelBot | INFO | 🛑 HTF MISMATCH: ADAUSDTM Signal SHORT vs Bull Trend. Blocked (Conf 0.52 < 0.75)
2026-02-03 08:15:58,992 | SentinelBot | INFO | 🔍 Scanning DOGEUSDTM...
2026-02-03 08:15:59,994 | SentinelBot | INFO | 🛑 HTF MISMATCH: DOGEUSDTM Signal SHORT vs Bull Trend. Blocked (Conf 0.43 < 0.75)
2026-02-03 08:15:59,995 | SentinelBot | INFO | 🔍 Scanning AVAXUSDTM...
2026-02-03 08:16:01,251 | SentinelBot | INFO | ✅ HTF CONFIRMED: H1 Trend aligns with SHORT
2026-02-03 08:16:01,252 | SentinelBot | INFO | 🚨 TRADE POTENTIAL: AVAXUSDTM | Rec: MICRO_TRADE
2026-02-03 08:16:01,253 | SentinelBot | INFO |    Reason: Good setup (0.96) but low confidence (0.58). Regime: RANGE. Trend score: -0.15, bias: SHORT
2026-02-03 08:16:01,253 | SentinelBot | INFO |    Stats: Qual=0.96 | Conf=0.58 | Dir=SHORT
2026-02-03 08:16:01,254 | SentinelBot | INFO | ⏳ BIAS_DETECTED | AVAXUSDTM SHORT | Waiting for Zone [10.110486 - 10.118323]
2026-02-03 08:16:01,254 | SentinelBot | INFO | 🔍 Scanning LINKUSDTM...
2026-02-03 08:16:02,099 | SentinelBot | INFO |    📊 LINKUSDTM: Rec=NO_TRADE (Qual=0.58)
2026-02-03 08:16:02,100 | SentinelBot | INFO | 🔍 Scanning DOTUSDTM...
2026-02-03 08:16:03,112 | SentinelBot | INFO | ✅ HTF CONFIRMED: H1 Trend aligns with SHORT
2026-02-03 08:16:03,112 | SentinelBot | INFO | 🚨 TRADE POTENTIAL: DOTUSDTM | Rec: ALLOW_TRADE
2026-02-03 08:16:03,114 | SentinelBot | INFO |    Reason: Strong setup (1.00) with confidence (0.60). Regime: RANGE. Trend score: -0.15, bias: SHORT
2026-02-03 08:16:03,114 | SentinelBot | INFO |    Stats: Qual=1.00 | Conf=0.60 | Dir=SHORT
2026-02-03 08:16:03,115 | SentinelBot | INFO | 🚫 ENTRY_BLOCKED | BAD_RR | DOTUSDTM R:R = 1:0.00 < 1:2
2026-02-03 08:16:03,115 | SentinelBot | INFO | 🔍 Scanning TRXUSDTM...
2026-02-03 08:16:03,567 | SentinelBot | INFO | 🚫 ENTRY_BLOCKED | NO_TRADE_ZONE | TRXUSDTM price=0.2834 inside range [0.2832 - 0.2836]
2026-02-03 08:16:03,567 | SentinelBot | INFO | 🔍 Scanning LTCUSDTM...
2026-02-03 08:16:04,566 | SentinelBot | INFO | ✅ HTF CONFIRMED: H1 Trend aligns with SHORT
2026-02-03 08:16:04,568 | SentinelBot | INFO | 🚨 TRADE POTENTIAL: LTCUSDTM | Rec: MICRO_TRADE
2026-02-03 08:16:04,568 | SentinelBot | INFO |    Reason: Good setup (0.73) but low confidence (0.44). Regime: RANGE. Trend score: 0.00, bias: SHORT
2026-02-03 08:16:04,568 | SentinelBot | INFO |    Stats: Qual=0.73 | Conf=0.44 | Dir=SHORT
2026-02-03 08:16:04,569 | SentinelBot | INFO | 🚫 ENTRY_BLOCKED | BAD_RR | LTCUSDTM R:R = 1:2.00 < 1:2
2026-02-03 08:16:04,569 | SentinelBot | INFO | 🔍 Scanning MATICUSDTM...
2026-02-03 08:16:05,570 | SentinelBot | INFO | 🛑 HTF MISMATCH: MATICUSDTM Signal LONG vs Bear Trend. Blocked (Conf 0.39 < 0.80)
2026-02-03 08:16:05,571 | SentinelBot | INFO | 🔍 Scanning SHIBUSDTM...
2026-02-03 08:16:06,347 | SentinelBot | INFO |    📊 SHIBUSDTM: Rec=NO_TRADE (Qual=0.31)
2026-02-03 08:16:06,347 | SentinelBot | INFO | 🔍 Scanning UNIUSDTM...
2026-02-03 08:16:07,465 | SentinelBot | INFO | ✅ HTF CONFIRMED: H1 Trend aligns with SHORT
2026-02-03 08:16:07,466 | SentinelBot | INFO | 🚨 TRADE POTENTIAL: UNIUSDTM | Rec: ALLOW_TRADE
2026-02-03 08:16:07,466 | SentinelBot | INFO |    Reason: Strong setup (1.00) with confidence (0.60). Regime: RANGE. Trend score: -0.10, bias: SHORT
2026-02-03 08:16:07,466 | SentinelBot | INFO |    Stats: Qual=1.00 | Conf=0.60 | Dir=SHORT
2026-02-03 08:16:07,467 | SentinelBot | INFO | ⏳ BIAS_DETECTED | UNIUSDTM SHORT | Waiting for Zone [3.906461 - 3.912110]
2026-02-03 08:16:07,468 | SentinelBot | INFO | 🔍 Scanning ATOMUSDTM...
2026-02-03 08:16:08,678 | SentinelBot | INFO | ✅ HTF CONFIRMED: H1 Trend aligns with SHORT
2026-02-03 08:16:08,678 | SentinelBot | INFO | 🚨 TRADE POTENTIAL: ATOMUSDTM | Rec: ALLOW_TRADE
2026-02-03 08:16:08,678 | SentinelBot | INFO |    Reason: Strong setup (1.00) with confidence (0.90). Regime: TREND_BEAR. Trend score: -0.40, bias: SHORT
2026-02-03 08:16:08,679 | SentinelBot | INFO |    Stats: Qual=1.00 | Conf=0.90 | Dir=SHORT
2026-02-03 08:16:08,679 | SentinelBot | INFO | 🚫 ENTRY_BLOCKED | BAD_RR | ATOMUSDTM R:R = 1:0.00 < 1:2
2026-02-03 08:16:08,681 | SentinelBot | INFO | 🔍 Scanning XLMUSDTM...
2026-02-03 08:16:09,716 | SentinelBot | INFO | ✅ HTF CONFIRMED: H1 Trend aligns with SHORT
2026-02-03 08:16:09,716 | SentinelBot | INFO | 🚨 TRADE POTENTIAL: XLMUSDTM | Rec: ALLOW_TRADE
2026-02-03 08:16:09,718 | SentinelBot | INFO |    Reason: Strong setup (1.00) with confidence (0.94). Regime: MOMENTUM. Trend score: -0.60, bias: SHORT
2026-02-03 08:16:09,719 | SentinelBot | INFO |    Stats: Qual=1.00 | Conf=0.94 | Dir=SHORT
2026-02-03 08:16:09,719 | SentinelBot | INFO | 🚫 ENTRY_BLOCKED | BAD_RR | XLMUSDTM R:R = 1:0.00 < 1:2
2026-02-03 08:16:09,719 | SentinelBot | INFO | 🔍 Scanning ETCUSDTM...
2026-02-03 08:16:10,720 | SentinelBot | INFO | ✅ HTF CONFIRMED: H1 Trend aligns with SHORT
2026-02-03 08:16:10,720 | SentinelBot | INFO | 🚨 TRADE POTENTIAL: ETCUSDTM | Rec: ALLOW_TRADE
2026-02-03 08:16:10,721 | SentinelBot | INFO |    Reason: Strong setup (0.99) with confidence (0.89). Regime: TREND_BEAR. Trend score: -0.35, bias: SHORT
2026-02-03 08:16:10,721 | SentinelBot | INFO |    Stats: Qual=0.98 | Conf=0.89 | Dir=SHORT
2026-02-03 08:16:10,722 | SentinelBot | INFO | 🚫 ENTRY_BLOCKED | BAD_RR | ETCUSDTM R:R = 1:2.00 < 1:2
2026-02-03 08:16:10,723 | SentinelBot | INFO | 🔍 Scanning FILUSDTM...
2026-02-03 08:16:11,753 | SentinelBot | INFO | ⚠️ HTF MISMATCH: FILUSDTM Short vs Bull Trend. ALLOWED due to High Confidence (0.90)
2026-02-03 08:16:11,753 | SentinelBot | INFO | ✅ HTF CONFIRMED: H1 Trend aligns with SHORT
2026-02-03 08:16:11,753 | SentinelBot | INFO | 🚨 TRADE POTENTIAL: FILUSDTM | Rec: ALLOW_TRADE
2026-02-03 08:16:11,753 | SentinelBot | INFO |    Reason: Strong setup (1.00) with confidence (0.90). Regime: TREND_BEAR. Trend score: -0.35, bias: SHORT
2026-02-03 08:16:11,754 | SentinelBot | INFO |    Stats: Qual=1.00 | Conf=0.90 | Dir=SHORT
2026-02-03 08:16:11,755 | SentinelBot | INFO | ⏳ BIAS_DETECTED | FILUSDTM SHORT | Waiting for Zone [1.078001 - 1.078123]
2026-02-03 08:16:11,755 | SentinelBot | INFO | 🔍 Scanning APTUSDTM...
2026-02-03 08:16:12,792 | SentinelBot | INFO | ✅ HTF CONFIRMED: H1 Trend aligns with SHORT
2026-02-03 08:16:12,794 | SentinelBot | INFO | 🚨 TRADE POTENTIAL: APTUSDTM | Rec: ALLOW_TRADE
2026-02-03 08:16:12,794 | SentinelBot | INFO |    Reason: Strong setup (1.00) with confidence (0.90). Regime: TREND_BEAR. Trend score: -0.40, bias: SHORT
2026-02-03 08:16:12,794 | SentinelBot | INFO |    Stats: Qual=1.00 | Conf=0.90 | Dir=SHORT
2026-02-03 08:16:12,795 | SentinelBot | INFO | 🚫 ENTRY_BLOCKED | BAD_RR | APTUSDTM R:R = 1:0.00 < 1:2
2026-02-03 08:16:12,795 | SentinelBot | INFO | 🔍 Scanning ARBUSDTM...
2026-02-03 08:16:13,844 | SentinelBot | INFO | ✅ HTF CONFIRMED: H1 Trend aligns with SHORT
2026-02-03 08:16:13,848 | SentinelBot | INFO | 🚨 TRADE POTENTIAL: ARBUSDTM | Rec: MICRO_TRADE
2026-02-03 08:16:13,848 | SentinelBot | INFO |    Reason: Good setup (0.70) but low confidence (0.42). Regime: RANGE. Trend score: -0.20, bias: SHORT
2026-02-03 08:16:13,849 | SentinelBot | INFO |    Stats: Qual=0.70 | Conf=0.42 | Dir=SHORT
2026-02-03 08:16:13,849 | SentinelBot | INFO | ⏳ BIAS_DETECTED | ARBUSDTM SHORT | Waiting for Zone [0.136664 - 0.136884]
2026-02-03 08:16:13,851 | SentinelBot | INFO | 🔍 Scanning OPUSDTM...
2026-02-03 08:16:14,806 | SentinelBot | INFO | ✅ HTF CONFIRMED: H1 Trend aligns with SHORT
2026-02-03 08:16:14,806 | SentinelBot | INFO | 🚨 TRADE POTENTIAL: OPUSDTM | Rec: MICRO_TRADE
2026-02-03 08:16:14,807 | SentinelBot | INFO |    Reason: Good setup (0.91) but low confidence (0.55). Regime: RANGE. Trend score: -0.25, bias: SHORT
2026-02-03 08:16:14,807 | SentinelBot | INFO |    Stats: Qual=0.91 | Conf=0.55 | Dir=SHORT
2026-02-03 08:16:14,807 | SentinelBot | INFO | ⏳ BIAS_DETECTED | OPUSDTM SHORT | Waiting for Zone [0.229117 - 0.229508]
2026-02-03 08:16:14,808 | SentinelBot | INFO | 🔍 Scanning SUIUSDTM...
2026-02-03 08:16:15,855 | SentinelBot | INFO | ✅ HTF CONFIRMED: H1 Trend aligns with SHORT
2026-02-03 08:16:15,856 | SentinelBot | INFO | 🚨 TRADE POTENTIAL: SUIUSDTM | Rec: ALLOW_TRADE
2026-02-03 08:16:15,856 | SentinelBot | INFO |    Reason: Strong setup (0.76) with confidence (0.68). Regime: TREND_BEAR. Trend score: -0.30, bias: SHORT
2026-02-03 08:16:15,857 | SentinelBot | INFO |    Stats: Qual=0.76 | Conf=0.68 | Dir=SHORT
2026-02-03 08:16:15,857 | SentinelBot | INFO | 🚫 ENTRY_BLOCKED | BAD_RR | SUIUSDTM R:R = 1:2.00 < 1:2
2026-02-03 08:16:15,858 | SentinelBot | INFO | 🔍 Scanning PEPEUSDTM...
2026-02-03 08:16:16,923 | SentinelBot | INFO | ✅ HTF CONFIRMED: H1 Trend aligns with SHORT
2026-02-03 08:16:16,924 | SentinelBot | INFO | 🚨 TRADE POTENTIAL: PEPEUSDTM | Rec: MICRO_TRADE
2026-02-03 08:16:16,924 | SentinelBot | INFO |    Reason: Good setup (0.83) but low confidence (0.50). Regime: RANGE. Trend score: -0.10, bias: SHORT
2026-02-03 08:16:16,924 | SentinelBot | INFO |    Stats: Qual=0.83 | Conf=0.50 | Dir=SHORT
2026-02-03 08:16:16,924 | SentinelBot | INFO | 🚫 ENTRY_BLOCKED | BAD_RR | PEPEUSDTM R:R = 1:0.00 < 1:2
2026-02-03 08:16:16,926 | SentinelBot | INFO | 🔍 Scanning NEARUSDTM...
2026-02-03 08:16:17,928 | SentinelBot | INFO | ✅ HTF CONFIRMED: H1 Trend aligns with SHORT
2026-02-03 08:16:17,934 | SentinelBot | INFO | 🚨 TRADE POTENTIAL: NEARUSDTM | Rec: ALLOW_TRADE
2026-02-03 08:16:17,935 | SentinelBot | INFO |    Reason: Strong setup (1.00) with confidence (0.60). Regime: RANGE. Trend score: -0.15, bias: SHORT
2026-02-03 08:16:17,935 | SentinelBot | INFO |    Stats: Qual=1.00 | Conf=0.60 | Dir=SHORT
2026-02-03 08:16:17,935 | SentinelBot | INFO | 🚫 ENTRY_BLOCKED | BAD_RR | NEARUSDTM R:R = 1:0.00 < 1:2
2026-02-03 08:16:17,937 | SentinelBot | INFO | 🔍 Scanning RNDRUSDTM...
2026-02-03 08:16:18,916 | SentinelBot | INFO | ✅ HTF CONFIRMED: H1 Trend aligns with SHORT
2026-02-03 08:16:18,916 | SentinelBot | INFO | 🚨 TRADE POTENTIAL: RNDRUSDTM | Rec: MICRO_TRADE
2026-02-03 08:16:18,917 | SentinelBot | INFO |    Reason: Good setup (0.87) but low confidence (0.52). Regime: RANGE. Trend score: -0.10, bias: SHORT
2026-02-03 08:16:18,918 | SentinelBot | INFO |    Stats: Qual=0.87 | Conf=0.52 | Dir=SHORT
2026-02-03 08:16:18,918 | SentinelBot | INFO | 🚫 ENTRY_BLOCKED | BAD_RR | RNDRUSDTM R:R = 1:0.00 < 1:2
2026-02-03 08:16:18,919 | SentinelBot | INFO | 🔍 Scanning INJUSDTM...
2026-02-03 08:16:20,060 | SentinelBot | INFO | ✅ HTF CONFIRMED: H1 Trend aligns with SHORT
2026-02-03 08:16:20,060 | SentinelBot | INFO | 🚨 TRADE POTENTIAL: INJUSDTM | Rec: MICRO_TRADE
2026-02-03 08:16:20,060 | SentinelBot | INFO |    Reason: Good setup (0.94) but low confidence (0.57). Regime: RANGE. Trend score: -0.20, bias: SHORT
2026-02-03 08:16:20,062 | SentinelBot | INFO |    Stats: Qual=0.94 | Conf=0.57 | Dir=SHORT
2026-02-03 08:16:20,062 | SentinelBot | INFO | 🚫 ENTRY_BLOCKED | BAD_RR | INJUSDTM R:R = 1:2.00 < 1:2
2026-02-03 08:16:20,063 | SentinelBot | INFO | 🔍 Scanning TIAUSDTM...
2026-02-03 08:16:21,122 | SentinelBot | INFO | ⚠️ HTF MISMATCH: TIAUSDTM Short vs Bull Trend. ALLOWED due to High Confidence (0.85)
2026-02-03 08:16:21,122 | SentinelBot | INFO | ✅ HTF CONFIRMED: H1 Trend aligns with SHORT
2026-02-03 08:16:21,123 | SentinelBot | INFO | 🚨 TRADE POTENTIAL: TIAUSDTM | Rec: ALLOW_TRADE
2026-02-03 08:16:21,123 | SentinelBot | INFO |    Reason: Strong setup (1.00) with confidence (0.85). Regime: MOMENTUM. Trend score: -0.45, bias: SHORT
2026-02-03 08:16:21,124 | SentinelBot | INFO |    Stats: Qual=1.00 | Conf=0.85 | Dir=SHORT
2026-02-03 08:16:21,124 | SentinelBot | INFO | 🚫 ENTRY_BLOCKED | BAD_RR | TIAUSDTM R:R = 1:2.00 < 1:2
2026-02-03 08:16:21,125 | SentinelBot | INFO | 🔍 Scanning IMXUSDTM...
2026-02-03 08:16:22,130 | SentinelBot | INFO | ✅ HTF CONFIRMED: H1 Trend aligns with SHORT
2026-02-03 08:16:22,130 | SentinelBot | INFO | 🚨 TRADE POTENTIAL: IMXUSDTM | Rec: ALLOW_TRADE
2026-02-03 08:16:22,130 | SentinelBot | INFO |    Reason: Strong setup (1.00) with confidence (0.94). Regime: MOMENTUM. Trend score: -0.55, bias: SHORT
2026-02-03 08:16:22,130 | SentinelBot | INFO |    Stats: Qual=1.00 | Conf=0.94 | Dir=SHORT
2026-02-03 08:16:22,131 | SentinelBot | INFO | 🚫 ENTRY_BLOCKED | BAD_RR | IMXUSDTM R:R = 1:0.00 < 1:2
2026-02-03 08:16:22,131 | SentinelBot | INFO | 🔍 Scanning LDOUSDTM...
2026-02-03 08:16:23,175 | SentinelBot | INFO | ✅ HTF CONFIRMED: H1 Trend aligns with SHORT
2026-02-03 08:16:23,175 | SentinelBot | INFO | 🚨 TRADE POTENTIAL: LDOUSDTM | Rec: MICRO_TRADE
2026-02-03 08:16:23,176 | SentinelBot | INFO |    Reason: Good setup (0.70) but low confidence (0.42). Regime: RANGE. Trend score: -0.30, bias: SHORT
2026-02-03 08:16:23,176 | SentinelBot | INFO |    Stats: Qual=0.70 | Conf=0.42 | Dir=SHORT
2026-02-03 08:16:23,176 | SentinelBot | INFO | 🚫 ENTRY_BLOCKED | BAD_RR | LDOUSDTM R:R = 1:2.00 < 1:2
2026-02-03 08:16:35,761 | SentinelBot | INFO | 💓 Loop alive | Cycle 320 | Watching 30 symbols
2026-02-03 08:16:50,664 | SentinelBot | INFO | 💓 Loop alive | Cycle 330 | Watching 30 symbols
2026-02-03 08:16:54,026 | SentinelBot | INFO | 🔍 Scanning XBTUSDTM...
2026-02-03 08:16:55,006 | SentinelBot | INFO | 🛑 HTF MISMATCH: XBTUSDTM Signal SHORT vs Bull Trend. Blocked (Conf 0.56 < 0.75)
2026-02-03 08:16:55,011 | SentinelBot | INFO | 🔍 Scanning ETHUSDTM...
2026-02-03 08:16:55,844 | SentinelBot | INFO |    📊 ETHUSDTM: Rec=NO_TRADE (Qual=0.51)
2026-02-03 08:16:55,845 | SentinelBot | INFO | 🔍 Scanning SOLUSDTM...
2026-02-03 08:16:56,843 | SentinelBot | INFO | ✅ HTF CONFIRMED: H1 Trend aligns with SHORT
2026-02-03 08:16:56,843 | SentinelBot | INFO | 🚨 TRADE POTENTIAL: SOLUSDTM | Rec: MICRO_TRADE
2026-02-03 08:16:56,843 | SentinelBot | INFO |    Reason: Good setup (0.65) but low confidence (0.39). Regime: RANGE. Trend score: -0.10, bias: SHORT
2026-02-03 08:16:56,843 | SentinelBot | INFO |    Stats: Qual=0.65 | Conf=0.39 | Dir=SHORT
2026-02-03 08:16:56,843 | SentinelBot | INFO | ⏳ BIAS_DETECTED | SOLUSDTM SHORT | Waiting for Zone [104.030289 - 104.092630]
2026-02-03 08:16:56,847 | SentinelBot | INFO | 🔍 Scanning BNBUSDTM...
2026-02-03 08:16:57,868 | SentinelBot | INFO | ✅ HTF CONFIRMED: H1 Trend aligns with SHORT
2026-02-03 08:16:57,868 | SentinelBot | INFO | 🚨 TRADE POTENTIAL: BNBUSDTM | Rec: MICRO_TRADE
2026-02-03 08:16:57,869 | SentinelBot | INFO |    Reason: Good setup (0.61) but low confidence (0.37). Regime: RANGE. Trend score: -0.10, bias: SHORT
2026-02-03 08:16:57,869 | SentinelBot | INFO |    Stats: Qual=0.61 | Conf=0.37 | Dir=SHORT
2026-02-03 08:16:57,869 | SentinelBot | INFO | 🚫 ENTRY_BLOCKED | BAD_RR | BNBUSDTM R:R = 1:2.00 < 1:2
2026-02-03 08:16:57,870 | SentinelBot | INFO | 🔍 Scanning XRPUSDTM...
2026-02-03 08:16:58,864 | SentinelBot | INFO | ✅ HTF CONFIRMED: H1 Trend aligns with SHORT
2026-02-03 08:16:58,865 | SentinelBot | INFO | 🚨 TRADE POTENTIAL: XRPUSDTM | Rec: MICRO_TRADE
2026-02-03 08:16:58,865 | SentinelBot | INFO |    Reason: Good setup (0.65) but low confidence (0.39). Regime: RANGE. Trend score: -0.20, bias: SHORT
2026-02-03 08:16:58,866 | SentinelBot | INFO |    Stats: Qual=0.66 | Conf=0.39 | Dir=SHORT
2026-02-03 08:16:58,866 | SentinelBot | INFO | 🚫 ENTRY_BLOCKED | BAD_RR | XRPUSDTM R:R = 1:2.00 < 1:2
2026-02-03 08:16:58,867 | SentinelBot | INFO | 🔍 Scanning ADAUSDTM...
2026-02-03 08:16:59,992 | SentinelBot | INFO | 🛑 HTF MISMATCH: ADAUSDTM Signal SHORT vs Bull Trend. Blocked (Conf 0.52 < 0.75)
2026-02-03 08:16:59,992 | SentinelBot | INFO | 🔍 Scanning DOGEUSDTM...
2026-02-03 08:17:00,998 | SentinelBot | INFO | 🛑 HTF MISMATCH: DOGEUSDTM Signal SHORT vs Bull Trend. Blocked (Conf 0.43 < 0.75)
2026-02-03 08:17:00,999 | SentinelBot | INFO | 🔍 Scanning AVAXUSDTM...
2026-02-03 08:17:02,059 | SentinelBot | INFO | ✅ HTF CONFIRMED: H1 Trend aligns with SHORT
2026-02-03 08:17:02,060 | SentinelBot | INFO | 🚨 TRADE POTENTIAL: AVAXUSDTM | Rec: MICRO_TRADE
2026-02-03 08:17:02,061 | SentinelBot | INFO |    Reason: Good setup (0.96) but low confidence (0.58). Regime: RANGE. Trend score: -0.15, bias: SHORT
2026-02-03 08:17:02,061 | SentinelBot | INFO |    Stats: Qual=0.96 | Conf=0.58 | Dir=SHORT
2026-02-03 08:17:02,061 | SentinelBot | INFO | ⏳ BIAS_DETECTED | AVAXUSDTM SHORT | Waiting for Zone [10.110486 - 10.118323]
2026-02-03 08:17:02,062 | SentinelBot | INFO | 🔍 Scanning LINKUSDTM...
2026-02-03 08:17:02,882 | SentinelBot | INFO |    📊 LINKUSDTM: Rec=NO_TRADE (Qual=0.58)
2026-02-03 08:17:02,883 | SentinelBot | INFO | 🔍 Scanning DOTUSDTM...
2026-02-03 08:17:03,816 | SentinelBot | INFO | ✅ HTF CONFIRMED: H1 Trend aligns with SHORT
2026-02-03 08:17:03,819 | SentinelBot | INFO | 🚨 TRADE POTENTIAL: DOTUSDTM | Rec: ALLOW_TRADE
2026-02-03 08:17:03,819 | SentinelBot | INFO |    Reason: Strong setup (1.00) with confidence (0.60). Regime: RANGE. Trend score: -0.15, bias: SHORT
2026-02-03 08:17:03,820 | SentinelBot | INFO |    Stats: Qual=1.00 | Conf=0.60 | Dir=SHORT
2026-02-03 08:17:03,821 | SentinelBot | INFO | 🚫 ENTRY_BLOCKED | BAD_RR | DOTUSDTM R:R = 1:0.00 < 1:2
2026-02-03 08:17:03,821 | SentinelBot | INFO | 🔍 Scanning TRXUSDTM...
2026-02-03 08:17:04,273 | SentinelBot | INFO | 🚫 ENTRY_BLOCKED | NO_TRADE_ZONE | TRXUSDTM price=0.2834 inside range [0.2832 - 0.2836]
2026-02-03 08:17:04,273 | SentinelBot | INFO | 🔍 Scanning LTCUSDTM...
2026-02-03 08:17:05,307 | SentinelBot | INFO | ✅ HTF CONFIRMED: H1 Trend aligns with SHORT
2026-02-03 08:17:05,308 | SentinelBot | INFO | 🚨 TRADE POTENTIAL: LTCUSDTM | Rec: MICRO_TRADE
2026-02-03 08:17:05,308 | SentinelBot | INFO |    Reason: Good setup (0.73) but low confidence (0.44). Regime: RANGE. Trend score: 0.00, bias: SHORT
2026-02-03 08:17:05,308 | SentinelBot | INFO |    Stats: Qual=0.73 | Conf=0.44 | Dir=SHORT
2026-02-03 08:17:05,309 | SentinelBot | INFO | 🚫 ENTRY_BLOCKED | BAD_RR | LTCUSDTM R:R = 1:2.00 < 1:2
2026-02-03 08:17:05,309 | SentinelBot | INFO | 🔍 Scanning MATICUSDTM...
2026-02-03 08:17:06,326 | SentinelBot | INFO | 🛑 HTF MISMATCH: MATICUSDTM Signal LONG vs Bear Trend. Blocked (Conf 0.39 < 0.80)
2026-02-03 08:17:06,327 | SentinelBot | INFO | 🔍 Scanning SHIBUSDTM...
2026-02-03 08:17:07,183 | SentinelBot | INFO |    📊 SHIBUSDTM: Rec=NO_TRADE (Qual=0.31)
2026-02-03 08:17:07,183 | SentinelBot | INFO | 🔍 Scanning UNIUSDTM...
2026-02-03 08:17:08,481 | SentinelBot | INFO | ✅ HTF CONFIRMED: H1 Trend aligns with SHORT
2026-02-03 08:17:08,481 | SentinelBot | INFO | 🚨 TRADE POTENTIAL: UNIUSDTM | Rec: ALLOW_TRADE
2026-02-03 08:17:08,481 | SentinelBot | INFO |    Reason: Strong setup (1.00) with confidence (0.60). Regime: RANGE. Trend score: -0.10, bias: SHORT
2026-02-03 08:17:08,481 | SentinelBot | INFO |    Stats: Qual=1.00 | Conf=0.60 | Dir=SHORT
2026-02-03 08:17:08,481 | SentinelBot | INFO | ⏳ BIAS_DETECTED | UNIUSDTM SHORT | Waiting for Zone [3.906461 - 3.912110]
2026-02-03 08:17:08,484 | SentinelBot | INFO | 🔍 Scanning ATOMUSDTM...
2026-02-03 08:17:09,770 | SentinelBot | INFO | ✅ HTF CONFIRMED: H1 Trend aligns with SHORT
2026-02-03 08:17:09,771 | SentinelBot | INFO | 🚨 TRADE POTENTIAL: ATOMUSDTM | Rec: ALLOW_TRADE
2026-02-03 08:17:09,771 | SentinelBot | INFO |    Reason: Strong setup (1.00) with confidence (0.90). Regime: TREND_BEAR. Trend score: -0.40, bias: SHORT
2026-02-03 08:17:09,771 | SentinelBot | INFO |    Stats: Qual=1.00 | Conf=0.90 | Dir=SHORT
2026-02-03 08:17:09,771 | SentinelBot | INFO | 🚫 ENTRY_BLOCKED | BAD_RR | ATOMUSDTM R:R = 1:0.00 < 1:2
2026-02-03 08:17:09,771 | SentinelBot | INFO | 🔍 Scanning XLMUSDTM...
2026-02-03 08:17:10,757 | SentinelBot | INFO | ✅ HTF CONFIRMED: H1 Trend aligns with SHORT
2026-02-03 08:17:10,757 | SentinelBot | INFO | 🚨 TRADE POTENTIAL: XLMUSDTM | Rec: ALLOW_TRADE
2026-02-03 08:17:10,757 | SentinelBot | INFO |    Reason: Strong setup (1.00) with confidence (0.94). Regime: MOMENTUM. Trend score: -0.60, bias: SHORT
2026-02-03 08:17:10,757 | SentinelBot | INFO |    Stats: Qual=1.00 | Conf=0.94 | Dir=SHORT
2026-02-03 08:17:10,759 | SentinelBot | INFO | 🚫 ENTRY_BLOCKED | BAD_RR | XLMUSDTM R:R = 1:0.00 < 1:2
2026-02-03 08:17:10,759 | SentinelBot | INFO | 🔍 Scanning ETCUSDTM...
2026-02-03 08:17:11,934 | SentinelBot | INFO | ✅ HTF CONFIRMED: H1 Trend aligns with SHORT
2026-02-03 08:17:11,935 | SentinelBot | INFO | 🚨 TRADE POTENTIAL: ETCUSDTM | Rec: ALLOW_TRADE
2026-02-03 08:17:11,935 | SentinelBot | INFO |    Reason: Strong setup (0.99) with confidence (0.89). Regime: TREND_BEAR. Trend score: -0.35, bias: SHORT
2026-02-03 08:17:11,935 | SentinelBot | INFO |    Stats: Qual=0.98 | Conf=0.89 | Dir=SHORT
2026-02-03 08:17:11,937 | SentinelBot | INFO | 🚫 ENTRY_BLOCKED | BAD_RR | ETCUSDTM R:R = 1:2.00 < 1:2
2026-02-03 08:17:11,937 | SentinelBot | INFO | 🔍 Scanning FILUSDTM...
2026-02-03 08:17:13,712 | SentinelBot | INFO | ⚠️ HTF MISMATCH: FILUSDTM Short vs Bull Trend. ALLOWED due to High Confidence (0.90)
2026-02-03 08:17:13,714 | SentinelBot | INFO | ✅ HTF CONFIRMED: H1 Trend aligns with SHORT
2026-02-03 08:17:13,714 | SentinelBot | INFO | 🚨 TRADE POTENTIAL: FILUSDTM | Rec: ALLOW_TRADE
2026-02-03 08:17:13,715 | SentinelBot | INFO |    Reason: Strong setup (1.00) with confidence (0.90). Regime: TREND_BEAR. Trend score: -0.35, bias: SHORT
2026-02-03 08:17:13,715 | SentinelBot | INFO |    Stats: Qual=1.00 | Conf=0.90 | Dir=SHORT
2026-02-03 08:17:13,716 | SentinelBot | INFO | ⏳ BIAS_DETECTED | FILUSDTM SHORT | Waiting for Zone [1.078001 - 1.078123]
2026-02-03 08:17:13,716 | SentinelBot | INFO | 🔍 Scanning APTUSDTM...
2026-02-03 08:17:14,679 | SentinelBot | INFO | ✅ HTF CONFIRMED: H1 Trend aligns with SHORT
2026-02-03 08:17:14,679 | SentinelBot | INFO | 🚨 TRADE POTENTIAL: APTUSDTM | Rec: ALLOW_TRADE
2026-02-03 08:17:14,679 | SentinelBot | INFO |    Reason: Strong setup (1.00) with confidence (0.90). Regime: TREND_BEAR. Trend score: -0.40, bias: SHORT
2026-02-03 08:17:14,679 | SentinelBot | INFO |    Stats: Qual=1.00 | Conf=0.90 | Dir=SHORT
2026-02-03 08:17:14,681 | SentinelBot | INFO | 🚫 ENTRY_BLOCKED | BAD_RR | APTUSDTM R:R = 1:0.00 < 1:2
2026-02-03 08:17:14,682 | SentinelBot | INFO | 🔍 Scanning ARBUSDTM...
2026-02-03 08:17:15,721 | SentinelBot | INFO | ✅ HTF CONFIRMED: H1 Trend aligns with SHORT
2026-02-03 08:17:15,721 | SentinelBot | INFO | 🚨 TRADE POTENTIAL: ARBUSDTM | Rec: MICRO_TRADE
2026-02-03 08:17:15,721 | SentinelBot | INFO |    Reason: Good setup (0.70) but low confidence (0.42). Regime: RANGE. Trend score: -0.20, bias: SHORT
2026-02-03 08:17:15,721 | SentinelBot | INFO |    Stats: Qual=0.70 | Conf=0.42 | Dir=SHORT
2026-02-03 08:17:15,725 | SentinelBot | INFO | ⏳ BIAS_DETECTED | ARBUSDTM SHORT | Waiting for Zone [0.136664 - 0.136884]
2026-02-03 08:17:15,725 | SentinelBot | INFO | 🔍 Scanning OPUSDTM...
2026-02-03 08:17:16,734 | SentinelBot | INFO | ✅ HTF CONFIRMED: H1 Trend aligns with SHORT
2026-02-03 08:17:16,736 | SentinelBot | INFO | 🚨 TRADE POTENTIAL: OPUSDTM | Rec: MICRO_TRADE
2026-02-03 08:17:16,736 | SentinelBot | INFO |    Reason: Good setup (0.91) but low confidence (0.55). Regime: RANGE. Trend score: -0.25, bias: SHORT
2026-02-03 08:17:16,736 | SentinelBot | INFO |    Stats: Qual=0.91 | Conf=0.55 | Dir=SHORT
2026-02-03 08:17:16,737 | SentinelBot | INFO | ⏳ BIAS_DETECTED | OPUSDTM SHORT | Waiting for Zone [0.229117 - 0.229508]
2026-02-03 08:17:16,738 | SentinelBot | INFO | 🔍 Scanning SUIUSDTM...
2026-02-03 08:17:17,939 | SentinelBot | INFO | ✅ HTF CONFIRMED: H1 Trend aligns with SHORT
2026-02-03 08:17:17,939 | SentinelBot | INFO | 🚨 TRADE POTENTIAL: SUIUSDTM | Rec: ALLOW_TRADE
2026-02-03 08:17:17,944 | SentinelBot | INFO |    Reason: Strong setup (0.76) with confidence (0.68). Regime: TREND_BEAR. Trend score: -0.30, bias: SHORT
2026-02-03 08:17:17,945 | SentinelBot | INFO |    Stats: Qual=0.76 | Conf=0.68 | Dir=SHORT
2026-02-03 08:17:17,946 | SentinelBot | INFO | 🚫 ENTRY_BLOCKED | BAD_RR | SUIUSDTM R:R = 1:2.00 < 1:2
2026-02-03 08:17:17,946 | SentinelBot | INFO | 🔍 Scanning PEPEUSDTM...
2026-02-03 08:17:18,966 | SentinelBot | INFO | ✅ HTF CONFIRMED: H1 Trend aligns with SHORT
2026-02-03 08:17:18,967 | SentinelBot | INFO | 🚨 TRADE POTENTIAL: PEPEUSDTM | Rec: MICRO_TRADE
2026-02-03 08:17:18,968 | SentinelBot | INFO |    Reason: Good setup (0.83) but low confidence (0.50). Regime: RANGE. Trend score: -0.10, bias: SHORT
2026-02-03 08:17:18,968 | SentinelBot | INFO |    Stats: Qual=0.83 | Conf=0.50 | Dir=SHORT
2026-02-03 08:17:18,969 | SentinelBot | INFO | 🚫 ENTRY_BLOCKED | BAD_RR | PEPEUSDTM R:R = 1:0.00 < 1:2
2026-02-03 08:17:18,970 | SentinelBot | INFO | 🔍 Scanning NEARUSDTM...
2026-02-03 08:17:20,001 | SentinelBot | INFO | ✅ HTF CONFIRMED: H1 Trend aligns with SHORT
2026-02-03 08:17:20,003 | SentinelBot | INFO | 🚨 TRADE POTENTIAL: NEARUSDTM | Rec: ALLOW_TRADE
2026-02-03 08:17:20,004 | SentinelBot | INFO |    Reason: Strong setup (1.00) with confidence (0.60). Regime: RANGE. Trend score: -0.15, bias: SHORT
2026-02-03 08:17:20,004 | SentinelBot | INFO |    Stats: Qual=1.00 | Conf=0.60 | Dir=SHORT
2026-02-03 08:17:20,005 | SentinelBot | INFO | 🚫 ENTRY_BLOCKED | BAD_RR | NEARUSDTM R:R = 1:0.00 < 1:2
2026-02-03 08:17:20,005 | SentinelBot | INFO | 🔍 Scanning RNDRUSDTM...
2026-02-03 08:17:21,069 | SentinelBot | INFO | ✅ HTF CONFIRMED: H1 Trend aligns with SHORT
2026-02-03 08:17:21,070 | SentinelBot | INFO | 🚨 TRADE POTENTIAL: RNDRUSDTM | Rec: MICRO_TRADE
2026-02-03 08:17:21,070 | SentinelBot | INFO |    Reason: Good setup (0.87) but low confidence (0.52). Regime: RANGE. Trend score: -0.10, bias: SHORT
2026-02-03 08:17:21,070 | SentinelBot | INFO |    Stats: Qual=0.87 | Conf=0.52 | Dir=SHORT
2026-02-03 08:17:21,071 | SentinelBot | INFO | 🚫 ENTRY_BLOCKED | BAD_RR | RNDRUSDTM R:R = 1:0.00 < 1:2
2026-02-03 08:17:21,071 | SentinelBot | INFO | 🔍 Scanning INJUSDTM...
2026-02-03 08:17:22,104 | SentinelBot | INFO | ✅ HTF CONFIRMED: H1 Trend aligns with SHORT
2026-02-03 08:17:22,106 | SentinelBot | INFO | 🚨 TRADE POTENTIAL: INJUSDTM | Rec: MICRO_TRADE
2026-02-03 08:17:22,106 | SentinelBot | INFO |    Reason: Good setup (0.94) but low confidence (0.57). Regime: RANGE. Trend score: -0.20, bias: SHORT
2026-02-03 08:17:22,106 | SentinelBot | INFO |    Stats: Qual=0.94 | Conf=0.57 | Dir=SHORT
2026-02-03 08:17:22,107 | SentinelBot | INFO | 🚫 ENTRY_BLOCKED | BAD_RR | INJUSDTM R:R = 1:2.00 < 1:2
2026-02-03 08:17:22,107 | SentinelBot | INFO | 🔍 Scanning TIAUSDTM...
2026-02-03 08:17:23,391 | SentinelBot | INFO | ⚠️ HTF MISMATCH: TIAUSDTM Short vs Bull Trend. ALLOWED due to High Confidence (0.85)
2026-02-03 08:17:23,392 | SentinelBot | INFO | ✅ HTF CONFIRMED: H1 Trend aligns with SHORT
2026-02-03 08:17:23,392 | SentinelBot | INFO | 🚨 TRADE POTENTIAL: TIAUSDTM | Rec: ALLOW_TRADE
2026-02-03 08:17:23,393 | SentinelBot | INFO |    Reason: Strong setup (1.00) with confidence (0.85). Regime: MOMENTUM. Trend score: -0.45, bias: SHORT
2026-02-03 08:17:23,393 | SentinelBot | INFO |    Stats: Qual=1.00 | Conf=0.85 | Dir=SHORT
2026-02-03 08:17:23,393 | SentinelBot | INFO | 🚫 ENTRY_BLOCKED | BAD_RR | TIAUSDTM R:R = 1:2.00 < 1:2
2026-02-03 08:17:23,395 | SentinelBot | INFO | 🔍 Scanning IMXUSDTM...
2026-02-03 08:17:24,601 | SentinelBot | INFO | ✅ HTF CONFIRMED: H1 Trend aligns with SHORT
2026-02-03 08:17:24,602 | SentinelBot | INFO | 🚨 TRADE POTENTIAL: IMXUSDTM | Rec: ALLOW_TRADE
2026-02-03 08:17:24,602 | SentinelBot | INFO |    Reason: Strong setup (1.00) with confidence (0.94). Regime: MOMENTUM. Trend score: -0.55, bias: SHORT
2026-02-03 08:17:24,603 | SentinelBot | INFO |    Stats: Qual=1.00 | Conf=0.94 | Dir=SHORT
2026-02-03 08:17:24,603 | SentinelBot | INFO | 🚫 ENTRY_BLOCKED | BAD_RR | IMXUSDTM R:R = 1:0.00 < 1:2
2026-02-03 08:17:24,604 | SentinelBot | INFO | 🔍 Scanning LDOUSDTM...
2026-02-03 08:17:25,619 | SentinelBot | INFO | ✅ HTF CONFIRMED: H1 Trend aligns with SHORT
2026-02-03 08:17:25,621 | SentinelBot | INFO | 🚨 TRADE POTENTIAL: LDOUSDTM | Rec: MICRO_TRADE
2026-02-03 08:17:25,621 | SentinelBot | INFO |    Reason: Good setup (0.70) but low confidence (0.42). Regime: RANGE. Trend score: -0.30, bias: SHORT
2026-02-03 08:17:25,622 | SentinelBot | INFO |    Stats: Qual=0.70 | Conf=0.42 | Dir=SHORT
2026-02-03 08:17:25,622 | SentinelBot | INFO | 🚫 ENTRY_BLOCKED | BAD_RR | LDOUSDTM R:R = 1:2.00 < 1:2
2026-02-03 08:17:39,572 | SentinelBot | INFO | 💓 Loop alive | Cycle 340 | Watching 30 symbols
2026-02-03 08:17:54,775 | SentinelBot | INFO | 💓 Loop alive | Cycle 350 | Watching 30 symbols
2026-02-03 08:17:55,310 | SentinelBot | INFO | 🔍 Scanning XBTUSDTM...
2026-02-03 08:17:56,413 | SentinelBot | INFO | 🛑 HTF MISMATCH: XBTUSDTM Signal SHORT vs Bull Trend. Blocked (Conf 0.56 < 0.75)
2026-02-03 08:17:56,414 | SentinelBot | INFO | 🔍 Scanning ETHUSDTM...
2026-02-03 08:17:57,328 | SentinelBot | INFO |    📊 ETHUSDTM: Rec=NO_TRADE (Qual=0.51)
2026-02-03 08:17:57,329 | SentinelBot | INFO | 🔍 Scanning SOLUSDTM...
2026-02-03 08:17:58,669 | SentinelBot | INFO | ✅ HTF CONFIRMED: H1 Trend aligns with SHORT
2026-02-03 08:17:58,669 | SentinelBot | INFO | 🚨 TRADE POTENTIAL: SOLUSDTM | Rec: MICRO_TRADE
2026-02-03 08:17:58,669 | SentinelBot | INFO |    Reason: Good setup (0.65) but low confidence (0.39). Regime: RANGE. Trend score: -0.10, bias: SHORT
2026-02-03 08:17:58,670 | SentinelBot | INFO |    Stats: Qual=0.65 | Conf=0.39 | Dir=SHORT
2026-02-03 08:17:58,671 | SentinelBot | INFO | ⏳ BIAS_DETECTED | SOLUSDTM SHORT | Waiting for Zone [104.030289 - 104.092630]
2026-02-03 08:17:58,671 | SentinelBot | INFO | 🔍 Scanning BNBUSDTM...
2026-02-03 08:17:59,693 | SentinelBot | INFO | ✅ HTF CONFIRMED: H1 Trend aligns with SHORT
2026-02-03 08:17:59,694 | SentinelBot | INFO | 🚨 TRADE POTENTIAL: BNBUSDTM | Rec: MICRO_TRADE
2026-02-03 08:17:59,694 | SentinelBot | INFO |    Reason: Good setup (0.61) but low confidence (0.37). Regime: RANGE. Trend score: -0.10, bias: SHORT
2026-02-03 08:17:59,695 | SentinelBot | INFO |    Stats: Qual=0.61 | Conf=0.37 | Dir=SHORT
2026-02-03 08:17:59,696 | SentinelBot | INFO | 🚫 ENTRY_BLOCKED | BAD_RR | BNBUSDTM R:R = 1:2.00 < 1:2
2026-02-03 08:17:59,696 | SentinelBot | INFO | 🔍 Scanning XRPUSDTM...
2026-02-03 08:18:00,697 | SentinelBot | INFO | ✅ HTF CONFIRMED: H1 Trend aligns with SHORT
2026-02-03 08:18:00,697 | SentinelBot | INFO | 🚨 TRADE POTENTIAL: XRPUSDTM | Rec: MICRO_TRADE
2026-02-03 08:18:00,698 | SentinelBot | INFO |    Reason: Good setup (0.65) but low confidence (0.39). Regime: RANGE. Trend score: -0.20, bias: SHORT
2026-02-03 08:18:00,698 | SentinelBot | INFO |    Stats: Qual=0.66 | Conf=0.39 | Dir=SHORT
2026-02-03 08:18:00,699 | SentinelBot | INFO | 🚫 ENTRY_BLOCKED | BAD_RR | XRPUSDTM R:R = 1:2.00 < 1:2
2026-02-03 08:18:00,699 | SentinelBot | INFO | 🔍 Scanning ADAUSDTM...
2026-02-03 08:18:01,868 | SentinelBot | INFO | 🛑 HTF MISMATCH: ADAUSDTM Signal SHORT vs Bull Trend. Blocked (Conf 0.52 < 0.75)
2026-02-03 08:18:01,875 | SentinelBot | INFO | 🔍 Scanning DOGEUSDTM...
2026-02-03 08:18:02,854 | SentinelBot | INFO | 🛑 HTF MISMATCH: DOGEUSDTM Signal SHORT vs Bull Trend. Blocked (Conf 0.43 < 0.75)
2026-02-03 08:18:02,855 | SentinelBot | INFO | 🔍 Scanning AVAXUSDTM...
2026-02-03 08:18:03,940 | SentinelBot | INFO | ✅ HTF CONFIRMED: H1 Trend aligns with SHORT
2026-02-03 08:18:03,940 | SentinelBot | INFO | 🚨 TRADE POTENTIAL: AVAXUSDTM | Rec: MICRO_TRADE
2026-02-03 08:18:03,942 | SentinelBot | INFO |    Reason: Good setup (0.96) but low confidence (0.58). Regime: RANGE. Trend score: -0.15, bias: SHORT
2026-02-03 08:18:03,942 | SentinelBot | INFO |    Stats: Qual=0.96 | Conf=0.58 | Dir=SHORT
2026-02-03 08:18:03,942 | SentinelBot | INFO | ⏳ BIAS_DETECTED | AVAXUSDTM SHORT | Waiting for Zone [10.110486 - 10.118323]
2026-02-03 08:18:03,942 | SentinelBot | INFO | 🔍 Scanning LINKUSDTM...
2026-02-03 08:18:04,824 | SentinelBot | INFO |    📊 LINKUSDTM: Rec=NO_TRADE (Qual=0.58)
2026-02-03 08:18:04,824 | SentinelBot | INFO | 🔍 Scanning DOTUSDTM...
2026-02-03 08:18:05,794 | SentinelBot | INFO | ✅ HTF CONFIRMED: H1 Trend aligns with SHORT
2026-02-03 08:18:05,794 | SentinelBot | INFO | 🚨 TRADE POTENTIAL: DOTUSDTM | Rec: ALLOW_TRADE
2026-02-03 08:18:05,795 | SentinelBot | INFO |    Reason: Strong setup (1.00) with confidence (0.60). Regime: RANGE. Trend score: -0.15, bias: SHORT
2026-02-03 08:18:05,795 | SentinelBot | INFO |    Stats: Qual=1.00 | Conf=0.60 | Dir=SHORT
2026-02-03 08:18:05,795 | SentinelBot | INFO | 🚫 ENTRY_BLOCKED | BAD_RR | DOTUSDTM R:R = 1:0.00 < 1:2
2026-02-03 08:18:05,796 | SentinelBot | INFO | 🔍 Scanning TRXUSDTM...
2026-02-03 08:18:07,242 | SentinelBot | INFO | 🚫 ENTRY_BLOCKED | NO_TRADE_ZONE | TRXUSDTM price=0.2834 inside range [0.2832 - 0.2836]
2026-02-03 08:18:07,243 | SentinelBot | INFO | 🔍 Scanning LTCUSDTM...
2026-02-03 08:18:08,201 | SentinelBot | INFO | ✅ HTF CONFIRMED: H1 Trend aligns with SHORT
2026-02-03 08:18:08,202 | SentinelBot | INFO | 🚨 TRADE POTENTIAL: LTCUSDTM | Rec: MICRO_TRADE
2026-02-03 08:18:08,203 | SentinelBot | INFO |    Reason: Good setup (0.73) but low confidence (0.44). Regime: RANGE. Trend score: 0.00, bias: SHORT
2026-02-03 08:18:08,203 | SentinelBot | INFO |    Stats: Qual=0.73 | Conf=0.44 | Dir=SHORT
2026-02-03 08:18:08,203 | SentinelBot | INFO | 🚫 ENTRY_BLOCKED | BAD_RR | LTCUSDTM R:R = 1:2.00 < 1:2
2026-02-03 08:18:08,204 | SentinelBot | INFO | 🔍 Scanning MATICUSDTM...
2026-02-03 08:18:09,234 | SentinelBot | INFO | 🛑 HTF MISMATCH: MATICUSDTM Signal LONG vs Bear Trend. Blocked (Conf 0.39 < 0.80)
2026-02-03 08:18:09,234 | SentinelBot | INFO | 🔍 Scanning SHIBUSDTM...
2026-02-03 08:18:10,043 | SentinelBot | INFO |    📊 SHIBUSDTM: Rec=NO_TRADE (Qual=0.31)
2026-02-03 08:18:10,043 | SentinelBot | INFO | 🔍 Scanning UNIUSDTM...
2026-02-03 08:18:11,104 | SentinelBot | INFO | ✅ HTF CONFIRMED: H1 Trend aligns with SHORT
2026-02-03 08:18:11,104 | SentinelBot | INFO | 🚨 TRADE POTENTIAL: UNIUSDTM | Rec: ALLOW_TRADE
2026-02-03 08:18:11,104 | SentinelBot | INFO |    Reason: Strong setup (1.00) with confidence (0.60). Regime: RANGE. Trend score: -0.10, bias: SHORT
2026-02-03 08:18:11,105 | SentinelBot | INFO |    Stats: Qual=1.00 | Conf=0.60 | Dir=SHORT
2026-02-03 08:18:11,105 | SentinelBot | INFO | ⏳ BIAS_DETECTED | UNIUSDTM SHORT | Waiting for Zone [3.906461 - 3.912110]
2026-02-03 08:18:11,106 | SentinelBot | INFO | 🔍 Scanning ATOMUSDTM...
2026-02-03 08:18:12,189 | SentinelBot | INFO | ✅ HTF CONFIRMED: H1 Trend aligns with SHORT
2026-02-03 08:18:12,189 | SentinelBot | INFO | 🚨 TRADE POTENTIAL: ATOMUSDTM | Rec: ALLOW_TRADE
2026-02-03 08:18:12,190 | SentinelBot | INFO |    Reason: Strong setup (1.00) with confidence (0.90). Regime: TREND_BEAR. Trend score: -0.40, bias: SHORT
2026-02-03 08:18:12,190 | SentinelBot | INFO |    Stats: Qual=1.00 | Conf=0.90 | Dir=SHORT
2026-02-03 08:18:12,190 | SentinelBot | INFO | 🚫 ENTRY_BLOCKED | BAD_RR | ATOMUSDTM R:R = 1:0.00 < 1:2
2026-02-03 08:18:12,191 | SentinelBot | INFO | 🔍 Scanning XLMUSDTM...
2026-02-03 08:18:13,258 | SentinelBot | INFO | ✅ HTF CONFIRMED: H1 Trend aligns with SHORT
2026-02-03 08:18:13,259 | SentinelBot | INFO | 🚨 TRADE POTENTIAL: XLMUSDTM | Rec: ALLOW_TRADE
2026-02-03 08:18:13,259 | SentinelBot | INFO |    Reason: Strong setup (1.00) with confidence (0.94). Regime: MOMENTUM. Trend score: -0.60, bias: SHORT
2026-02-03 08:18:13,260 | SentinelBot | INFO |    Stats: Qual=1.00 | Conf=0.94 | Dir=SHORT
2026-02-03 08:18:13,260 | SentinelBot | INFO | 🚫 ENTRY_BLOCKED | BAD_RR | XLMUSDTM R:R = 1:0.00 < 1:2
2026-02-03 08:18:13,260 | SentinelBot | INFO | 🔍 Scanning ETCUSDTM...
2026-02-03 08:18:14,243 | SentinelBot | INFO | ✅ HTF CONFIRMED: H1 Trend aligns with SHORT
2026-02-03 08:18:14,243 | SentinelBot | INFO | 🚨 TRADE POTENTIAL: ETCUSDTM | Rec: ALLOW_TRADE
2026-02-03 08:18:14,244 | SentinelBot | INFO |    Reason: Strong setup (1.00) with confidence (0.90). Regime: TREND_BEAR. Trend score: -0.35, bias: SHORT
2026-02-03 08:18:14,244 | SentinelBot | INFO |    Stats: Qual=1.00 | Conf=0.90 | Dir=SHORT
2026-02-03 08:18:14,244 | SentinelBot | INFO | 🚫 ENTRY_BLOCKED | BAD_RR | ETCUSDTM R:R = 1:2.00 < 1:2
2026-02-03 08:18:14,246 | SentinelBot | INFO | 🔍 Scanning FILUSDTM...
2026-02-03 08:18:15,233 | SentinelBot | INFO | ⚠️ HTF MISMATCH: FILUSDTM Short vs Bull Trend. ALLOWED due to High Confidence (0.90)
2026-02-03 08:18:15,233 | SentinelBot | INFO | ✅ HTF CONFIRMED: H1 Trend aligns with SHORT
2026-02-03 08:18:15,233 | SentinelBot | INFO | 🚨 TRADE POTENTIAL: FILUSDTM | Rec: ALLOW_TRADE
2026-02-03 08:18:15,233 | SentinelBot | INFO |    Reason: Strong setup (1.00) with confidence (0.90). Regime: TREND_BEAR. Trend score: -0.35, bias: SHORT
2026-02-03 08:18:15,233 | SentinelBot | INFO |    Stats: Qual=1.00 | Conf=0.90 | Dir=SHORT
2026-02-03 08:18:15,233 | SentinelBot | INFO | ⏳ BIAS_DETECTED | FILUSDTM SHORT | Waiting for Zone [1.078001 - 1.078123]
2026-02-03 08:18:15,238 | SentinelBot | INFO | 🔍 Scanning APTUSDTM...
2026-02-03 08:18:16,283 | SentinelBot | INFO | ✅ HTF CONFIRMED: H1 Trend aligns with SHORT
2026-02-03 08:18:16,283 | SentinelBot | INFO | 🚨 TRADE POTENTIAL: APTUSDTM | Rec: ALLOW_TRADE
2026-02-03 08:18:16,284 | SentinelBot | INFO |    Reason: Strong setup (1.00) with confidence (0.90). Regime: TREND_BEAR. Trend score: -0.40, bias: SHORT
2026-02-03 08:18:16,284 | SentinelBot | INFO |    Stats: Qual=1.00 | Conf=0.90 | Dir=SHORT
2026-02-03 08:18:16,284 | SentinelBot | INFO | 🚫 ENTRY_BLOCKED | BAD_RR | APTUSDTM R:R = 1:0.00 < 1:2
2026-02-03 08:18:16,286 | SentinelBot | INFO | 🔍 Scanning ARBUSDTM...
2026-02-03 08:18:17,306 | SentinelBot | INFO | ✅ HTF CONFIRMED: H1 Trend aligns with SHORT
2026-02-03 08:18:17,306 | SentinelBot | INFO | 🚨 TRADE POTENTIAL: ARBUSDTM | Rec: MICRO_TRADE
2026-02-03 08:18:17,307 | SentinelBot | INFO |    Reason: Good setup (0.70) but low confidence (0.42). Regime: RANGE. Trend score: -0.20, bias: SHORT
2026-02-03 08:18:17,307 | SentinelBot | INFO |    Stats: Qual=0.70 | Conf=0.42 | Dir=SHORT
2026-02-03 08:18:17,307 | SentinelBot | INFO | ⏳ BIAS_DETECTED | ARBUSDTM SHORT | Waiting for Zone [0.136664 - 0.136884]
2026-02-03 08:18:17,309 | SentinelBot | INFO | 🔍 Scanning OPUSDTM...
2026-02-03 08:18:18,340 | SentinelBot | INFO | ✅ HTF CONFIRMED: H1 Trend aligns with SHORT
2026-02-03 08:18:18,342 | SentinelBot | INFO | 🚨 TRADE POTENTIAL: OPUSDTM | Rec: MICRO_TRADE
2026-02-03 08:18:18,342 | SentinelBot | INFO |    Reason: Good setup (0.91) but low confidence (0.55). Regime: RANGE. Trend score: -0.25, bias: SHORT
2026-02-03 08:18:18,342 | SentinelBot | INFO |    Stats: Qual=0.91 | Conf=0.55 | Dir=SHORT
2026-02-03 08:18:18,342 | SentinelBot | INFO | ⏳ BIAS_DETECTED | OPUSDTM SHORT | Waiting for Zone [0.229117 - 0.229508]
2026-02-03 08:18:18,342 | SentinelBot | INFO | 🔍 Scanning SUIUSDTM...
2026-02-03 08:18:19,397 | SentinelBot | INFO | ✅ HTF CONFIRMED: H1 Trend aligns with SHORT
2026-02-03 08:18:19,397 | SentinelBot | INFO | 🚨 TRADE POTENTIAL: SUIUSDTM | Rec: ALLOW_TRADE
2026-02-03 08:18:19,398 | SentinelBot | INFO |    Reason: Strong setup (0.76) with confidence (0.68). Regime: TREND_BEAR. Trend score: -0.30, bias: SHORT
2026-02-03 08:18:19,398 | SentinelBot | INFO |    Stats: Qual=0.76 | Conf=0.68 | Dir=SHORT
2026-02-03 08:18:19,398 | SentinelBot | INFO | 🚫 ENTRY_BLOCKED | BAD_RR | SUIUSDTM R:R = 1:2.00 < 1:2
2026-02-03 08:18:19,399 | SentinelBot | INFO | 🔍 Scanning PEPEUSDTM...
2026-02-03 08:18:20,377 | SentinelBot | INFO | ✅ HTF CONFIRMED: H1 Trend aligns with SHORT
2026-02-03 08:18:20,379 | SentinelBot | INFO | 🚨 TRADE POTENTIAL: PEPEUSDTM | Rec: MICRO_TRADE
2026-02-03 08:18:20,379 | SentinelBot | INFO |    Reason: Good setup (0.83) but low confidence (0.50). Regime: RANGE. Trend score: -0.10, bias: SHORT
2026-02-03 08:18:20,379 | SentinelBot | INFO |    Stats: Qual=0.83 | Conf=0.50 | Dir=SHORT
2026-02-03 08:18:20,381 | SentinelBot | INFO | 🚫 ENTRY_BLOCKED | BAD_RR | PEPEUSDTM R:R = 1:0.00 < 1:2
2026-02-03 08:18:20,381 | SentinelBot | INFO | 🔍 Scanning NEARUSDTM...
2026-02-03 08:18:21,430 | SentinelBot | INFO | ✅ HTF CONFIRMED: H1 Trend aligns with SHORT
2026-02-03 08:18:21,430 | SentinelBot | INFO | 🚨 TRADE POTENTIAL: NEARUSDTM | Rec: ALLOW_TRADE
2026-02-03 08:18:21,431 | SentinelBot | INFO |    Reason: Strong setup (1.00) with confidence (0.60). Regime: RANGE. Trend score: -0.15, bias: SHORT
2026-02-03 08:18:21,431 | SentinelBot | INFO |    Stats: Qual=1.00 | Conf=0.60 | Dir=SHORT
2026-02-03 08:18:21,431 | SentinelBot | INFO | 🚫 ENTRY_BLOCKED | BAD_RR | NEARUSDTM R:R = 1:0.00 < 1:2
2026-02-03 08:18:21,431 | SentinelBot | INFO | 🔍 Scanning RNDRUSDTM...
2026-02-03 08:18:22,385 | SentinelBot | INFO | ✅ HTF CONFIRMED: H1 Trend aligns with SHORT
2026-02-03 08:18:22,387 | SentinelBot | INFO | 🚨 TRADE POTENTIAL: RNDRUSDTM | Rec: MICRO_TRADE
2026-02-03 08:18:22,387 | SentinelBot | INFO |    Reason: Good setup (0.87) but low confidence (0.52). Regime: RANGE. Trend score: -0.10, bias: SHORT
2026-02-03 08:18:22,388 | SentinelBot | INFO |    Stats: Qual=0.87 | Conf=0.52 | Dir=SHORT
2026-02-03 08:18:22,389 | SentinelBot | INFO | 🚫 ENTRY_BLOCKED | BAD_RR | RNDRUSDTM R:R = 1:0.00 < 1:2
2026-02-03 08:18:22,389 | SentinelBot | INFO | 🔍 Scanning INJUSDTM...
2026-02-03 08:18:23,508 | SentinelBot | INFO | ✅ HTF CONFIRMED: H1 Trend aligns with SHORT
2026-02-03 08:18:23,509 | SentinelBot | INFO | 🚨 TRADE POTENTIAL: INJUSDTM | Rec: MICRO_TRADE
2026-02-03 08:18:23,509 | SentinelBot | INFO |    Reason: Good setup (0.94) but low confidence (0.57). Regime: RANGE. Trend score: -0.20, bias: SHORT
2026-02-03 08:18:23,509 | SentinelBot | INFO |    Stats: Qual=0.94 | Conf=0.57 | Dir=SHORT
2026-02-03 08:18:23,510 | SentinelBot | INFO | 🚫 ENTRY_BLOCKED | BAD_RR | INJUSDTM R:R = 1:2.00 < 1:2
2026-02-03 08:18:23,510 | SentinelBot | INFO | 🔍 Scanning TIAUSDTM...
2026-02-03 08:18:24,586 | SentinelBot | INFO | ⚠️ HTF MISMATCH: TIAUSDTM Short vs Bull Trend. ALLOWED due to High Confidence (0.85)
2026-02-03 08:18:24,586 | SentinelBot | INFO | ✅ HTF CONFIRMED: H1 Trend aligns with SHORT
2026-02-03 08:18:24,586 | SentinelBot | INFO | 🚨 TRADE POTENTIAL: TIAUSDTM | Rec: ALLOW_TRADE
2026-02-03 08:18:24,586 | SentinelBot | INFO |    Reason: Strong setup (1.00) with confidence (0.85). Regime: MOMENTUM. Trend score: -0.45, bias: SHORT
2026-02-03 08:18:24,587 | SentinelBot | INFO |    Stats: Qual=1.00 | Conf=0.85 | Dir=SHORT
2026-02-03 08:18:24,588 | SentinelBot | INFO | 🚫 ENTRY_BLOCKED | BAD_RR | TIAUSDTM R:R = 1:2.00 < 1:2
2026-02-03 08:18:24,588 | SentinelBot | INFO | 🔍 Scanning IMXUSDTM...
2026-02-03 08:18:25,596 | SentinelBot | INFO | ✅ HTF CONFIRMED: H1 Trend aligns with SHORT
2026-02-03 08:18:25,596 | SentinelBot | INFO | 🚨 TRADE POTENTIAL: IMXUSDTM | Rec: ALLOW_TRADE
2026-02-03 08:18:25,596 | SentinelBot | INFO |    Reason: Strong setup (1.00) with confidence (0.94). Regime: MOMENTUM. Trend score: -0.55, bias: SHORT
2026-02-03 08:18:25,596 | SentinelBot | INFO |    Stats: Qual=1.00 | Conf=0.94 | Dir=SHORT
2026-02-03 08:18:25,596 | SentinelBot | INFO | 🚫 ENTRY_BLOCKED | BAD_RR | IMXUSDTM R:R = 1:0.00 < 1:2
2026-02-03 08:18:25,596 | SentinelBot | INFO | 🔍 Scanning LDOUSDTM...
2026-02-03 08:18:26,671 | SentinelBot | INFO | ✅ HTF CONFIRMED: H1 Trend aligns with SHORT
2026-02-03 08:18:26,671 | SentinelBot | INFO | 🚨 TRADE POTENTIAL: LDOUSDTM | Rec: MICRO_TRADE
2026-02-03 08:18:26,671 | SentinelBot | INFO |    Reason: Good setup (0.70) but low confidence (0.42). Regime: RANGE. Trend score: -0.30, bias: SHORT
2026-02-03 08:18:26,671 | SentinelBot | INFO |    Stats: Qual=0.70 | Conf=0.42 | Dir=SHORT
2026-02-03 08:18:26,673 | SentinelBot | INFO | 🚫 ENTRY_BLOCKED | BAD_RR | LDOUSDTM R:R = 1:2.00 < 1:2
2026-02-03 08:18:44,325 | SentinelBot | INFO | 💓 Loop alive | Cycle 360 | Watching 30 symbols
2026-02-03 08:18:56,128 | SentinelBot | INFO | 🔍 Scanning XBTUSDTM...
2026-02-03 08:18:57,194 | SentinelBot | INFO | 🛑 HTF MISMATCH: XBTUSDTM Signal SHORT vs Bull Trend. Blocked (Conf 0.56 < 0.75)
2026-02-03 08:18:57,194 | SentinelBot | INFO | 🔍 Scanning ETHUSDTM...
2026-02-03 08:18:58,005 | SentinelBot | INFO |    📊 ETHUSDTM: Rec=NO_TRADE (Qual=0.51)
2026-02-03 08:18:58,005 | SentinelBot | INFO | 🔍 Scanning SOLUSDTM...
2026-02-03 08:18:59,039 | SentinelBot | INFO | ✅ HTF CONFIRMED: H1 Trend aligns with SHORT
2026-02-03 08:18:59,039 | SentinelBot | INFO | 🚨 TRADE POTENTIAL: SOLUSDTM | Rec: MICRO_TRADE
2026-02-03 08:18:59,039 | SentinelBot | INFO |    Reason: Good setup (0.65) but low confidence (0.39). Regime: RANGE. Trend score: -0.10, bias: SHORT
2026-02-03 08:18:59,040 | SentinelBot | INFO |    Stats: Qual=0.65 | Conf=0.39 | Dir=SHORT
2026-02-03 08:18:59,040 | SentinelBot | INFO | ⏳ BIAS_DETECTED | SOLUSDTM SHORT | Waiting for Zone [104.030289 - 104.092630]
2026-02-03 08:18:59,041 | SentinelBot | INFO | 🔍 Scanning BNBUSDTM...
2026-02-03 08:18:59,982 | SentinelBot | INFO | ✅ HTF CONFIRMED: H1 Trend aligns with SHORT
2026-02-03 08:18:59,983 | SentinelBot | INFO | 🚨 TRADE POTENTIAL: BNBUSDTM | Rec: MICRO_TRADE
2026-02-03 08:18:59,984 | SentinelBot | INFO |    Reason: Good setup (0.61) but low confidence (0.37). Regime: RANGE. Trend score: -0.10, bias: SHORT
2026-02-03 08:18:59,984 | SentinelBot | INFO |    Stats: Qual=0.61 | Conf=0.37 | Dir=SHORT
2026-02-03 08:18:59,984 | SentinelBot | INFO | 🚫 ENTRY_BLOCKED | BAD_RR | BNBUSDTM R:R = 1:2.00 < 1:2
2026-02-03 08:18:59,984 | SentinelBot | INFO | 🔍 Scanning XRPUSDTM...
2026-02-03 08:19:01,044 | SentinelBot | INFO | ✅ HTF CONFIRMED: H1 Trend aligns with SHORT
2026-02-03 08:19:01,045 | SentinelBot | INFO | 🚨 TRADE POTENTIAL: XRPUSDTM | Rec: MICRO_TRADE
2026-02-03 08:19:01,045 | SentinelBot | INFO |    Reason: Good setup (0.65) but low confidence (0.39). Regime: RANGE. Trend score: -0.20, bias: SHORT
2026-02-03 08:19:01,046 | SentinelBot | INFO |    Stats: Qual=0.66 | Conf=0.39 | Dir=SHORT
2026-02-03 08:19:01,046 | SentinelBot | INFO | 🚫 ENTRY_BLOCKED | BAD_RR | XRPUSDTM R:R = 1:2.00 < 1:2
2026-02-03 08:19:01,047 | SentinelBot | INFO | 🔍 Scanning ADAUSDTM...
2026-02-03 08:19:02,396 | SentinelBot | INFO | 🛑 HTF MISMATCH: ADAUSDTM Signal SHORT vs Bull Trend. Blocked (Conf 0.52 < 0.75)
2026-02-03 08:19:02,396 | SentinelBot | INFO | 🔍 Scanning DOGEUSDTM...
2026-02-03 08:19:03,737 | SentinelBot | INFO | 🛑 HTF MISMATCH: DOGEUSDTM Signal SHORT vs Bull Trend. Blocked (Conf 0.43 < 0.75)
2026-02-03 08:19:03,737 | SentinelBot | INFO | 🔍 Scanning AVAXUSDTM...
2026-02-03 08:19:04,765 | SentinelBot | INFO | ✅ HTF CONFIRMED: H1 Trend aligns with SHORT
2026-02-03 08:19:04,766 | SentinelBot | INFO | 🚨 TRADE POTENTIAL: AVAXUSDTM | Rec: MICRO_TRADE
2026-02-03 08:19:04,766 | SentinelBot | INFO |    Reason: Good setup (0.96) but low confidence (0.58). Regime: RANGE. Trend score: -0.15, bias: SHORT
2026-02-03 08:19:04,767 | SentinelBot | INFO |    Stats: Qual=0.96 | Conf=0.58 | Dir=SHORT
2026-02-03 08:19:04,767 | SentinelBot | INFO | ⏳ BIAS_DETECTED | AVAXUSDTM SHORT | Waiting for Zone [10.110486 - 10.118323]
2026-02-03 08:19:04,767 | SentinelBot | INFO | 🔍 Scanning LINKUSDTM...
2026-02-03 08:19:05,585 | SentinelBot | INFO |    📊 LINKUSDTM: Rec=NO_TRADE (Qual=0.58)
2026-02-03 08:19:05,587 | SentinelBot | INFO | 🔍 Scanning DOTUSDTM...
2026-02-03 08:19:06,642 | SentinelBot | INFO | ✅ HTF CONFIRMED: H1 Trend aligns with SHORT
2026-02-03 08:19:06,643 | SentinelBot | INFO | 🚨 TRADE POTENTIAL: DOTUSDTM | Rec: ALLOW_TRADE
2026-02-03 08:19:06,643 | SentinelBot | INFO |    Reason: Strong setup (1.00) with confidence (0.60). Regime: RANGE. Trend score: -0.15, bias: SHORT
2026-02-03 08:19:06,644 | SentinelBot | INFO |    Stats: Qual=1.00 | Conf=0.60 | Dir=SHORT
2026-02-03 08:19:06,644 | SentinelBot | INFO | 🚫 ENTRY_BLOCKED | BAD_RR | DOTUSDTM R:R = 1:0.00 < 1:2
2026-02-03 08:19:06,645 | SentinelBot | INFO | 🔍 Scanning TRXUSDTM...
2026-02-03 08:19:07,125 | SentinelBot | INFO | 🚫 ENTRY_BLOCKED | NO_TRADE_ZONE | TRXUSDTM price=0.2835 inside range [0.2832 - 0.2836]
2026-02-03 08:19:07,126 | SentinelBot | INFO | 🔍 Scanning LTCUSDTM...
2026-02-03 08:19:08,297 | SentinelBot | INFO | ✅ HTF CONFIRMED: H1 Trend aligns with SHORT
2026-02-03 08:19:08,298 | SentinelBot | INFO | 🚨 TRADE POTENTIAL: LTCUSDTM | Rec: MICRO_TRADE
2026-02-03 08:19:08,299 | SentinelBot | INFO |    Reason: Good setup (0.73) but low confidence (0.44). Regime: RANGE. Trend score: 0.00, bias: SHORT
2026-02-03 08:19:08,299 | SentinelBot | INFO |    Stats: Qual=0.73 | Conf=0.44 | Dir=SHORT
2026-02-03 08:19:08,300 | SentinelBot | INFO | 🚫 ENTRY_BLOCKED | BAD_RR | LTCUSDTM R:R = 1:2.00 < 1:2
2026-02-03 08:19:08,300 | SentinelBot | INFO | 🔍 Scanning MATICUSDTM...
2026-02-03 08:19:09,365 | SentinelBot | INFO | 🛑 HTF MISMATCH: MATICUSDTM Signal LONG vs Bear Trend. Blocked (Conf 0.39 < 0.80)
2026-02-03 08:19:09,367 | SentinelBot | INFO | 🔍 Scanning SHIBUSDTM...
2026-02-03 08:19:10,198 | SentinelBot | INFO |    📊 SHIBUSDTM: Rec=NO_TRADE (Qual=0.31)
2026-02-03 08:19:10,199 | SentinelBot | INFO | 🔍 Scanning UNIUSDTM...
2026-02-03 08:19:11,234 | SentinelBot | INFO | ✅ HTF CONFIRMED: H1 Trend aligns with SHORT
2026-02-03 08:19:11,234 | SentinelBot | INFO | 🚨 TRADE POTENTIAL: UNIUSDTM | Rec: ALLOW_TRADE
2026-02-03 08:19:11,234 | SentinelBot | INFO |    Reason: Strong setup (1.00) with confidence (0.60). Regime: RANGE. Trend score: -0.10, bias: SHORT
2026-02-03 08:19:11,234 | SentinelBot | INFO |    Stats: Qual=1.00 | Conf=0.60 | Dir=SHORT
2026-02-03 08:19:11,234 | SentinelBot | INFO | ⏳ BIAS_DETECTED | UNIUSDTM SHORT | Waiting for Zone [3.906461 - 3.912110]
2026-02-03 08:19:11,234 | SentinelBot | INFO | 🔍 Scanning ATOMUSDTM...
2026-02-03 08:19:12,357 | SentinelBot | INFO | ✅ HTF CONFIRMED: H1 Trend aligns with SHORT
2026-02-03 08:19:12,357 | SentinelBot | INFO | 🚨 TRADE POTENTIAL: ATOMUSDTM | Rec: ALLOW_TRADE
2026-02-03 08:19:12,357 | SentinelBot | INFO |    Reason: Strong setup (1.00) with confidence (0.90). Regime: TREND_BEAR. Trend score: -0.40, bias: SHORT
2026-02-03 08:19:12,358 | SentinelBot | INFO |    Stats: Qual=1.00 | Conf=0.90 | Dir=SHORT
2026-02-03 08:19:12,358 | SentinelBot | INFO | 🚫 ENTRY_BLOCKED | BAD_RR | ATOMUSDTM R:R = 1:0.00 < 1:2
2026-02-03 08:19:12,359 | SentinelBot | INFO | 🔍 Scanning XLMUSDTM...
2026-02-03 08:19:14,120 | SentinelBot | INFO | ✅ HTF CONFIRMED: H1 Trend aligns with SHORT
2026-02-03 08:19:14,120 | SentinelBot | INFO | 🚨 TRADE POTENTIAL: XLMUSDTM | Rec: ALLOW_TRADE
2026-02-03 08:19:14,121 | SentinelBot | INFO |    Reason: Strong setup (1.00) with confidence (0.94). Regime: MOMENTUM. Trend score: -0.60, bias: SHORT
2026-02-03 08:19:14,122 | SentinelBot | INFO |    Stats: Qual=1.00 | Conf=0.94 | Dir=SHORT
2026-02-03 08:19:14,122 | SentinelBot | INFO | 🚫 ENTRY_BLOCKED | BAD_RR | XLMUSDTM R:R = 1:0.00 < 1:2
2026-02-03 08:19:14,123 | SentinelBot | INFO | 🔍 Scanning ETCUSDTM...
2026-02-03 08:19:15,266 | SentinelBot | INFO | ✅ HTF CONFIRMED: H1 Trend aligns with SHORT
2026-02-03 08:19:15,266 | SentinelBot | INFO | 🚨 TRADE POTENTIAL: ETCUSDTM | Rec: ALLOW_TRADE
2026-02-03 08:19:15,266 | SentinelBot | INFO |    Reason: Strong setup (1.00) with confidence (0.90). Regime: TREND_BEAR. Trend score: -0.35, bias: SHORT
2026-02-03 08:19:15,266 | SentinelBot | INFO |    Stats: Qual=1.00 | Conf=0.90 | Dir=SHORT
2026-02-03 08:19:15,271 | SentinelBot | INFO | 🚫 ENTRY_BLOCKED | BAD_RR | ETCUSDTM R:R = 1:2.00 < 1:2
2026-02-03 08:19:15,271 | SentinelBot | INFO | 🔍 Scanning FILUSDTM...
2026-02-03 08:19:16,305 | SentinelBot | INFO | ⚠️ HTF MISMATCH: FILUSDTM Short vs Bull Trend. ALLOWED due to High Confidence (0.90)
2026-02-03 08:19:16,306 | SentinelBot | INFO | ✅ HTF CONFIRMED: H1 Trend aligns with SHORT
2026-02-03 08:19:16,306 | SentinelBot | INFO | 🚨 TRADE POTENTIAL: FILUSDTM | Rec: ALLOW_TRADE
2026-02-03 08:19:16,307 | SentinelBot | INFO |    Reason: Strong setup (1.00) with confidence (0.90). Regime: TREND_BEAR. Trend score: -0.35, bias: SHORT
2026-02-03 08:19:16,307 | SentinelBot | INFO |    Stats: Qual=1.00 | Conf=0.90 | Dir=SHORT
2026-02-03 08:19:16,307 | SentinelBot | INFO | ⏳ BIAS_DETECTED | FILUSDTM SHORT | Waiting for Zone [1.078001 - 1.078123]
2026-02-03 08:19:16,307 | SentinelBot | INFO | 🔍 Scanning APTUSDTM...
2026-02-03 08:19:17,330 | SentinelBot | INFO | ✅ HTF CONFIRMED: H1 Trend aligns with SHORT
2026-02-03 08:19:17,330 | SentinelBot | INFO | 🚨 TRADE POTENTIAL: APTUSDTM | Rec: ALLOW_TRADE
2026-02-03 08:19:17,330 | SentinelBot | INFO |    Reason: Strong setup (1.00) with confidence (0.90). Regime: TREND_BEAR. Trend score: -0.40, bias: SHORT
2026-02-03 08:19:17,331 | SentinelBot | INFO |    Stats: Qual=1.00 | Conf=0.90 | Dir=SHORT
2026-02-03 08:19:17,331 | SentinelBot | INFO | 🚫 ENTRY_BLOCKED | BAD_RR | APTUSDTM R:R = 1:0.00 < 1:2
2026-02-03 08:19:17,333 | SentinelBot | INFO | 🔍 Scanning ARBUSDTM...
2026-02-03 08:19:18,343 | SentinelBot | INFO | ✅ HTF CONFIRMED: H1 Trend aligns with SHORT
2026-02-03 08:19:18,344 | SentinelBot | INFO | 🚨 TRADE POTENTIAL: ARBUSDTM | Rec: MICRO_TRADE
2026-02-03 08:19:18,344 | SentinelBot | INFO |    Reason: Good setup (0.70) but low confidence (0.42). Regime: RANGE. Trend score: -0.20, bias: SHORT
2026-02-03 08:19:18,345 | SentinelBot | INFO |    Stats: Qual=0.70 | Conf=0.42 | Dir=SHORT
2026-02-03 08:19:18,345 | SentinelBot | INFO | ⏳ BIAS_DETECTED | ARBUSDTM SHORT | Waiting for Zone [0.136664 - 0.136884]
2026-02-03 08:19:18,347 | SentinelBot | INFO | 🔍 Scanning OPUSDTM...
2026-02-03 08:19:19,428 | SentinelBot | INFO | ✅ HTF CONFIRMED: H1 Trend aligns with SHORT
2026-02-03 08:19:19,429 | SentinelBot | INFO | 🚨 TRADE POTENTIAL: OPUSDTM | Rec: MICRO_TRADE
2026-02-03 08:19:19,429 | SentinelBot | INFO |    Reason: Good setup (0.91) but low confidence (0.55). Regime: RANGE. Trend score: -0.25, bias: SHORT
2026-02-03 08:19:19,429 | SentinelBot | INFO |    Stats: Qual=0.91 | Conf=0.55 | Dir=SHORT
2026-02-03 08:19:19,430 | SentinelBot | INFO | ⏳ BIAS_DETECTED | OPUSDTM SHORT | Waiting for Zone [0.229117 - 0.229508]
2026-02-03 08:19:19,431 | SentinelBot | INFO | 🔍 Scanning SUIUSDTM...
2026-02-03 08:19:20,495 | SentinelBot | INFO | ✅ HTF CONFIRMED: H1 Trend aligns with SHORT
2026-02-03 08:19:20,495 | SentinelBot | INFO | 🚨 TRADE POTENTIAL: SUIUSDTM | Rec: ALLOW_TRADE
2026-02-03 08:19:20,495 | SentinelBot | INFO |    Reason: Strong setup (0.76) with confidence (0.68). Regime: TREND_BEAR. Trend score: -0.30, bias: SHORT
2026-02-03 08:19:20,496 | SentinelBot | INFO |    Stats: Qual=0.76 | Conf=0.68 | Dir=SHORT
2026-02-03 08:19:20,496 | SentinelBot | INFO | 🚫 ENTRY_BLOCKED | BAD_RR | SUIUSDTM R:R = 1:2.00 < 1:2
2026-02-03 08:19:20,498 | SentinelBot | INFO | 🔍 Scanning PEPEUSDTM...
2026-02-03 08:19:21,505 | SentinelBot | INFO | ✅ HTF CONFIRMED: H1 Trend aligns with SHORT
2026-02-03 08:19:21,506 | SentinelBot | INFO | 🚨 TRADE POTENTIAL: PEPEUSDTM | Rec: MICRO_TRADE
2026-02-03 08:19:21,506 | SentinelBot | INFO |    Reason: Good setup (0.83) but low confidence (0.50). Regime: RANGE. Trend score: -0.10, bias: SHORT
2026-02-03 08:19:21,507 | SentinelBot | INFO |    Stats: Qual=0.83 | Conf=0.50 | Dir=SHORT
2026-02-03 08:19:21,507 | SentinelBot | INFO | 🚫 ENTRY_BLOCKED | BAD_RR | PEPEUSDTM R:R = 1:0.00 < 1:2
2026-02-03 08:19:21,509 | SentinelBot | INFO | 🔍 Scanning NEARUSDTM...
2026-02-03 08:19:22,719 | SentinelBot | INFO | ✅ HTF CONFIRMED: H1 Trend aligns with SHORT
2026-02-03 08:19:22,720 | SentinelBot | INFO | 🚨 TRADE POTENTIAL: NEARUSDTM | Rec: ALLOW_TRADE
2026-02-03 08:19:22,720 | SentinelBot | INFO |    Reason: Strong setup (1.00) with confidence (0.60). Regime: RANGE. Trend score: -0.15, bias: SHORT
2026-02-03 08:19:22,720 | SentinelBot | INFO |    Stats: Qual=1.00 | Conf=0.60 | Dir=SHORT
2026-02-03 08:19:22,720 | SentinelBot | INFO | 🚫 ENTRY_BLOCKED | BAD_RR | NEARUSDTM R:R = 1:0.00 < 1:2
2026-02-03 08:19:22,722 | SentinelBot | INFO | 🔍 Scanning RNDRUSDTM...
2026-02-03 08:19:23,734 | SentinelBot | INFO | ✅ HTF CONFIRMED: H1 Trend aligns with SHORT
2026-02-03 08:19:23,734 | SentinelBot | INFO | 🚨 TRADE POTENTIAL: RNDRUSDTM | Rec: MICRO_TRADE
2026-02-03 08:19:23,734 | SentinelBot | INFO |    Reason: Good setup (0.87) but low confidence (0.52). Regime: RANGE. Trend score: -0.10, bias: SHORT
2026-02-03 08:19:23,734 | SentinelBot | INFO |    Stats: Qual=0.87 | Conf=0.52 | Dir=SHORT
2026-02-03 08:19:23,734 | SentinelBot | INFO | 🚫 ENTRY_BLOCKED | BAD_RR | RNDRUSDTM R:R = 1:0.00 < 1:2
2026-02-03 08:19:23,734 | SentinelBot | INFO | 🔍 Scanning INJUSDTM...
2026-02-03 08:19:24,753 | SentinelBot | INFO | ✅ HTF CONFIRMED: H1 Trend aligns with SHORT
2026-02-03 08:19:24,754 | SentinelBot | INFO | 🚨 TRADE POTENTIAL: INJUSDTM | Rec: MICRO_TRADE
2026-02-03 08:19:24,754 | SentinelBot | INFO |    Reason: Good setup (0.94) but low confidence (0.57). Regime: RANGE. Trend score: -0.20, bias: SHORT
2026-02-03 08:19:24,754 | SentinelBot | INFO |    Stats: Qual=0.94 | Conf=0.57 | Dir=SHORT
2026-02-03 08:19:24,755 | SentinelBot | INFO | 🚫 ENTRY_BLOCKED | BAD_RR | INJUSDTM R:R = 1:2.00 < 1:2
2026-02-03 08:19:24,755 | SentinelBot | INFO | 🔍 Scanning TIAUSDTM...
2026-02-03 08:19:25,752 | SentinelBot | INFO | ⚠️ HTF MISMATCH: TIAUSDTM Short vs Bull Trend. ALLOWED due to High Confidence (0.85)
2026-02-03 08:19:25,756 | SentinelBot | INFO | ✅ HTF CONFIRMED: H1 Trend aligns with SHORT
2026-02-03 08:19:25,756 | SentinelBot | INFO | 🚨 TRADE POTENTIAL: TIAUSDTM | Rec: ALLOW_TRADE
2026-02-03 08:19:25,757 | SentinelBot | INFO |    Reason: Strong setup (1.00) with confidence (0.85). Regime: MOMENTUM. Trend score: -0.45, bias: SHORT
2026-02-03 08:19:25,757 | SentinelBot | INFO |    Stats: Qual=1.00 | Conf=0.85 | Dir=SHORT
2026-02-03 08:19:25,758 | SentinelBot | INFO | 🚫 ENTRY_BLOCKED | BAD_RR | TIAUSDTM R:R = 1:2.00 < 1:2
2026-02-03 08:19:25,758 | SentinelBot | INFO | 🔍 Scanning IMXUSDTM...
2026-02-03 08:19:26,761 | SentinelBot | INFO | ✅ HTF CONFIRMED: H1 Trend aligns with SHORT
2026-02-03 08:19:26,762 | SentinelBot | INFO | 🚨 TRADE POTENTIAL: IMXUSDTM | Rec: ALLOW_TRADE
2026-02-03 08:19:26,762 | SentinelBot | INFO |    Reason: Strong setup (1.00) with confidence (0.94). Regime: MOMENTUM. Trend score: -0.55, bias: SHORT
2026-02-03 08:19:26,762 | SentinelBot | INFO |    Stats: Qual=1.00 | Conf=0.94 | Dir=SHORT
2026-02-03 08:19:26,763 | SentinelBot | INFO | 🚫 ENTRY_BLOCKED | BAD_RR | IMXUSDTM R:R = 1:0.00 < 1:2
2026-02-03 08:19:26,764 | SentinelBot | INFO | 🔍 Scanning LDOUSDTM...
2026-02-03 08:19:27,770 | SentinelBot | INFO | ✅ HTF CONFIRMED: H1 Trend aligns with SHORT
2026-02-03 08:19:27,770 | SentinelBot | INFO | 🚨 TRADE POTENTIAL: LDOUSDTM | Rec: MICRO_TRADE
2026-02-03 08:19:27,770 | SentinelBot | INFO |    Reason: Good setup (0.70) but low confidence (0.42). Regime: RANGE. Trend score: -0.30, bias: SHORT
2026-02-03 08:19:27,771 | SentinelBot | INFO |    Stats: Qual=0.70 | Conf=0.42 | Dir=SHORT
2026-02-03 08:19:27,771 | SentinelBot | INFO | 🚫 ENTRY_BLOCKED | BAD_RR | LDOUSDTM R:R = 1:2.00 < 1:2
2026-02-03 08:19:33,854 | SentinelBot | INFO | 💓 Loop alive | Cycle 370 | Watching 30 symbols
2026-02-03 08:19:52,036 | SentinelBot | INFO | 💓 Loop alive | Cycle 380 | Watching 30 symbols
2026-02-03 08:19:56,990 | SentinelBot | INFO | 🔍 Scanning XBTUSDTM...
2026-02-03 08:19:58,001 | SentinelBot | INFO | 🛑 HTF MISMATCH: XBTUSDTM Signal SHORT vs Bull Trend. Blocked (Conf 0.56 < 0.75)
2026-02-03 08:19:58,003 | SentinelBot | INFO | 🔍 Scanning ETHUSDTM...
2026-02-03 08:19:58,807 | SentinelBot | INFO |    📊 ETHUSDTM: Rec=NO_TRADE (Qual=0.51)
2026-02-03 08:19:58,807 | SentinelBot | INFO | 🔍 Scanning SOLUSDTM...
2026-02-03 08:19:59,747 | SentinelBot | INFO | ✅ HTF CONFIRMED: H1 Trend aligns with SHORT
2026-02-03 08:19:59,748 | SentinelBot | INFO | 🚨 TRADE POTENTIAL: SOLUSDTM | Rec: MICRO_TRADE
2026-02-03 08:19:59,748 | SentinelBot | INFO |    Reason: Good setup (0.65) but low confidence (0.39). Regime: RANGE. Trend score: -0.10, bias: SHORT
2026-02-03 08:19:59,748 | SentinelBot | INFO |    Stats: Qual=0.65 | Conf=0.39 | Dir=SHORT
2026-02-03 08:19:59,749 | SentinelBot | INFO | ⏳ BIAS_DETECTED | SOLUSDTM SHORT | Waiting for Zone [104.030289 - 104.092630]
2026-02-03 08:19:59,750 | SentinelBot | INFO | 🔍 Scanning BNBUSDTM...
2026-02-03 08:20:00,768 | SentinelBot | INFO | ✅ HTF CONFIRMED: H1 Trend aligns with SHORT
2026-02-03 08:20:00,769 | SentinelBot | INFO | 🚨 TRADE POTENTIAL: BNBUSDTM | Rec: MICRO_TRADE
2026-02-03 08:20:00,769 | SentinelBot | INFO |    Reason: Good setup (0.61) but low confidence (0.37). Regime: RANGE. Trend score: -0.10, bias: SHORT
2026-02-03 08:20:00,769 | SentinelBot | INFO |    Stats: Qual=0.61 | Conf=0.37 | Dir=SHORT
2026-02-03 08:20:00,769 | SentinelBot | INFO | 🚫 ENTRY_BLOCKED | BAD_RR | BNBUSDTM R:R = 1:2.00 < 1:2
2026-02-03 08:20:00,771 | SentinelBot | INFO | 🔍 Scanning XRPUSDTM...
2026-02-03 08:20:02,561 | SentinelBot | INFO | ✅ HTF CONFIRMED: H1 Trend aligns with SHORT
2026-02-03 08:20:02,562 | SentinelBot | INFO | 🚨 TRADE POTENTIAL: XRPUSDTM | Rec: MICRO_TRADE
2026-02-03 08:20:02,562 | SentinelBot | INFO |    Reason: Good setup (0.65) but low confidence (0.39). Regime: RANGE. Trend score: -0.20, bias: SHORT
2026-02-03 08:20:02,562 | SentinelBot | INFO |    Stats: Qual=0.66 | Conf=0.39 | Dir=SHORT
2026-02-03 08:20:02,564 | SentinelBot | INFO | 🚫 ENTRY_BLOCKED | BAD_RR | XRPUSDTM R:R = 1:2.00 < 1:2
2026-02-03 08:20:02,564 | SentinelBot | INFO | 🔍 Scanning ADAUSDTM...
2026-02-03 08:20:03,554 | SentinelBot | INFO | 🛑 HTF MISMATCH: ADAUSDTM Signal SHORT vs Bull Trend. Blocked (Conf 0.52 < 0.75)
2026-02-03 08:20:03,554 | SentinelBot | INFO | 🔍 Scanning DOGEUSDTM...
2026-02-03 08:20:04,595 | SentinelBot | INFO | 🛑 HTF MISMATCH: DOGEUSDTM Signal SHORT vs Bull Trend. Blocked (Conf 0.43 < 0.75)
2026-02-03 08:20:04,595 | SentinelBot | INFO | 🔍 Scanning AVAXUSDTM...
2026-02-03 08:20:05,574 | SentinelBot | INFO | ✅ HTF CONFIRMED: H1 Trend aligns with SHORT
2026-02-03 08:20:05,575 | SentinelBot | INFO | 🚨 TRADE POTENTIAL: AVAXUSDTM | Rec: MICRO_TRADE
2026-02-03 08:20:05,575 | SentinelBot | INFO |    Reason: Good setup (0.96) but low confidence (0.58). Regime: RANGE. Trend score: -0.15, bias: SHORT
2026-02-03 08:20:05,576 | SentinelBot | INFO |    Stats: Qual=0.96 | Conf=0.58 | Dir=SHORT
2026-02-03 08:20:05,577 | SentinelBot | INFO | ⏳ BIAS_DETECTED | AVAXUSDTM SHORT | Waiting for Zone [10.110486 - 10.118323]
2026-02-03 08:20:05,577 | SentinelBot | INFO | 🔍 Scanning LINKUSDTM...
2026-02-03 08:20:06,356 | SentinelBot | INFO |    📊 LINKUSDTM: Rec=NO_TRADE (Qual=0.58)
2026-02-03 08:20:06,357 | SentinelBot | INFO | 🔍 Scanning DOTUSDTM...
2026-02-03 08:20:07,349 | SentinelBot | INFO | ✅ HTF CONFIRMED: H1 Trend aligns with SHORT
2026-02-03 08:20:07,350 | SentinelBot | INFO | 🚨 TRADE POTENTIAL: DOTUSDTM | Rec: ALLOW_TRADE
2026-02-03 08:20:07,350 | SentinelBot | INFO |    Reason: Strong setup (1.00) with confidence (0.60). Regime: RANGE. Trend score: -0.15, bias: SHORT
2026-02-03 08:20:07,350 | SentinelBot | INFO |    Stats: Qual=1.00 | Conf=0.60 | Dir=SHORT
2026-02-03 08:20:07,350 | SentinelBot | INFO | 🚫 ENTRY_BLOCKED | BAD_RR | DOTUSDTM R:R = 1:0.00 < 1:2
2026-02-03 08:20:07,352 | SentinelBot | INFO | 🔍 Scanning TRXUSDTM...
2026-02-03 08:20:07,771 | SentinelBot | INFO | 🚫 ENTRY_BLOCKED | NO_TRADE_ZONE | TRXUSDTM price=0.2835 inside range [0.2832 - 0.2836]
2026-02-03 08:20:07,771 | SentinelBot | INFO | 🔍 Scanning LTCUSDTM...
2026-02-03 08:20:08,811 | SentinelBot | INFO | ✅ HTF CONFIRMED: H1 Trend aligns with SHORT
2026-02-03 08:20:08,811 | SentinelBot | INFO | 🚨 TRADE POTENTIAL: LTCUSDTM | Rec: MICRO_TRADE
2026-02-03 08:20:08,811 | SentinelBot | INFO |    Reason: Good setup (0.73) but low confidence (0.44). Regime: RANGE. Trend score: 0.00, bias: SHORT
2026-02-03 08:20:08,811 | SentinelBot | INFO |    Stats: Qual=0.73 | Conf=0.44 | Dir=SHORT
2026-02-03 08:20:08,811 | SentinelBot | INFO | 🚫 ENTRY_BLOCKED | BAD_RR | LTCUSDTM R:R = 1:2.00 < 1:2
2026-02-03 08:20:08,811 | SentinelBot | INFO | 🔍 Scanning MATICUSDTM...
2026-02-03 08:20:09,875 | SentinelBot | INFO | 🛑 HTF MISMATCH: MATICUSDTM Signal LONG vs Bear Trend. Blocked (Conf 0.39 < 0.80)
2026-02-03 08:20:09,876 | SentinelBot | INFO | 🔍 Scanning SHIBUSDTM...
2026-02-03 08:20:10,727 | SentinelBot | INFO |    📊 SHIBUSDTM: Rec=NO_TRADE (Qual=0.31)
2026-02-03 08:20:10,729 | SentinelBot | INFO | 🔍 Scanning UNIUSDTM...
2026-02-03 08:20:11,713 | SentinelBot | INFO | ✅ HTF CONFIRMED: H1 Trend aligns with SHORT
2026-02-03 08:20:11,713 | SentinelBot | INFO | 🚨 TRADE POTENTIAL: UNIUSDTM | Rec: ALLOW_TRADE
2026-02-03 08:20:11,713 | SentinelBot | INFO |    Reason: Strong setup (1.00) with confidence (0.60). Regime: RANGE. Trend score: -0.10, bias: SHORT
2026-02-03 08:20:11,713 | SentinelBot | INFO |    Stats: Qual=1.00 | Conf=0.60 | Dir=SHORT
2026-02-03 08:20:11,715 | SentinelBot | INFO | ⏳ BIAS_DETECTED | UNIUSDTM SHORT | Waiting for Zone [3.906461 - 3.912110]
2026-02-03 08:20:11,715 | SentinelBot | INFO | 🔍 Scanning ATOMUSDTM...
2026-02-03 08:20:12,708 | SentinelBot | INFO | ✅ HTF CONFIRMED: H1 Trend aligns with SHORT
2026-02-03 08:20:12,708 | SentinelBot | INFO | 🚨 TRADE POTENTIAL: ATOMUSDTM | Rec: ALLOW_TRADE
2026-02-03 08:20:12,709 | SentinelBot | INFO |    Reason: Strong setup (1.00) with confidence (0.90). Regime: TREND_BEAR. Trend score: -0.40, bias: SHORT
2026-02-03 08:20:12,709 | SentinelBot | INFO |    Stats: Qual=1.00 | Conf=0.90 | Dir=SHORT
2026-02-03 08:20:12,710 | SentinelBot | INFO | 🚫 ENTRY_BLOCKED | BAD_RR | ATOMUSDTM R:R = 1:0.00 < 1:2
2026-02-03 08:20:12,710 | SentinelBot | INFO | 🔍 Scanning XLMUSDTM...
2026-02-03 08:20:13,707 | SentinelBot | INFO | ✅ HTF CONFIRMED: H1 Trend aligns with SHORT
2026-02-03 08:20:13,707 | SentinelBot | INFO | 🚨 TRADE POTENTIAL: XLMUSDTM | Rec: ALLOW_TRADE
2026-02-03 08:20:13,707 | SentinelBot | INFO |    Reason: Strong setup (1.00) with confidence (0.94). Regime: MOMENTUM. Trend score: -0.60, bias: SHORT
2026-02-03 08:20:13,707 | SentinelBot | INFO |    Stats: Qual=1.00 | Conf=0.94 | Dir=SHORT
2026-02-03 08:20:13,709 | SentinelBot | INFO | 🚫 ENTRY_BLOCKED | BAD_RR | XLMUSDTM R:R = 1:0.00 < 1:2
2026-02-03 08:20:13,710 | SentinelBot | INFO | 🔍 Scanning ETCUSDTM...
2026-02-03 08:20:14,735 | SentinelBot | INFO | ✅ HTF CONFIRMED: H1 Trend aligns with SHORT
2026-02-03 08:20:14,737 | SentinelBot | INFO | 🚨 TRADE POTENTIAL: ETCUSDTM | Rec: ALLOW_TRADE
2026-02-03 08:20:14,737 | SentinelBot | INFO |    Reason: Strong setup (1.00) with confidence (0.90). Regime: TREND_BEAR. Trend score: -0.35, bias: SHORT
2026-02-03 08:20:14,737 | SentinelBot | INFO |    Stats: Qual=1.00 | Conf=0.90 | Dir=SHORT
2026-02-03 08:20:14,737 | SentinelBot | INFO | 🚫 ENTRY_BLOCKED | BAD_RR | ETCUSDTM R:R = 1:2.00 < 1:2
2026-02-03 08:20:14,737 | SentinelBot | INFO | 🔍 Scanning FILUSDTM...
2026-02-03 08:20:15,807 | SentinelBot | INFO | ⚠️ HTF MISMATCH: FILUSDTM Short vs Bull Trend. ALLOWED due to High Confidence (0.90)
2026-02-03 08:20:15,808 | SentinelBot | INFO | ✅ HTF CONFIRMED: H1 Trend aligns with SHORT
2026-02-03 08:20:15,808 | SentinelBot | INFO | 🚨 TRADE POTENTIAL: FILUSDTM | Rec: ALLOW_TRADE
2026-02-03 08:20:15,808 | SentinelBot | INFO |    Reason: Strong setup (1.00) with confidence (0.90). Regime: TREND_BEAR. Trend score: -0.35, bias: SHORT
2026-02-03 08:20:15,810 | SentinelBot | INFO |    Stats: Qual=1.00 | Conf=0.90 | Dir=SHORT
2026-02-03 08:20:15,810 | SentinelBot | INFO | ⏳ BIAS_DETECTED | FILUSDTM SHORT | Waiting for Zone [1.078001 - 1.078123]
2026-02-03 08:20:15,811 | SentinelBot | INFO | 🔍 Scanning APTUSDTM...
2026-02-03 08:20:16,806 | SentinelBot | INFO | ✅ HTF CONFIRMED: H1 Trend aligns with SHORT
2026-02-03 08:20:16,807 | SentinelBot | INFO | 🚨 TRADE POTENTIAL: APTUSDTM | Rec: ALLOW_TRADE
2026-02-03 08:20:16,807 | SentinelBot | INFO |    Reason: Strong setup (1.00) with confidence (0.90). Regime: TREND_BEAR. Trend score: -0.40, bias: SHORT
2026-02-03 08:20:16,807 | SentinelBot | INFO |    Stats: Qual=1.00 | Conf=0.90 | Dir=SHORT
2026-02-03 08:20:16,808 | SentinelBot | INFO | 🚫 ENTRY_BLOCKED | BAD_RR | APTUSDTM R:R = 1:0.00 < 1:2
2026-02-03 08:20:16,808 | SentinelBot | INFO | 🔍 Scanning ARBUSDTM...
2026-02-03 08:20:17,801 | SentinelBot | INFO | ✅ HTF CONFIRMED: H1 Trend aligns with SHORT
2026-02-03 08:20:17,801 | SentinelBot | INFO | 🚨 TRADE POTENTIAL: ARBUSDTM | Rec: MICRO_TRADE
2026-02-03 08:20:17,801 | SentinelBot | INFO |    Reason: Good setup (0.70) but low confidence (0.42). Regime: RANGE. Trend score: -0.20, bias: SHORT
2026-02-03 08:20:17,801 | SentinelBot | INFO |    Stats: Qual=0.70 | Conf=0.42 | Dir=SHORT
2026-02-03 08:20:17,803 | SentinelBot | INFO | ⏳ BIAS_DETECTED | ARBUSDTM SHORT | Waiting for Zone [0.136664 - 0.136884]
2026-02-03 08:20:17,804 | SentinelBot | INFO | 🔍 Scanning OPUSDTM...
2026-02-03 08:20:18,812 | SentinelBot | INFO | ✅ HTF CONFIRMED: H1 Trend aligns with SHORT
2026-02-03 08:20:18,812 | SentinelBot | INFO | 🚨 TRADE POTENTIAL: OPUSDTM | Rec: MICRO_TRADE
2026-02-03 08:20:18,814 | SentinelBot | INFO |    Reason: Good setup (0.91) but low confidence (0.55). Regime: RANGE. Trend score: -0.25, bias: SHORT
2026-02-03 08:20:18,815 | SentinelBot | INFO |    Stats: Qual=0.91 | Conf=0.55 | Dir=SHORT
2026-02-03 08:20:18,815 | SentinelBot | INFO | ⏳ BIAS_DETECTED | OPUSDTM SHORT | Waiting for Zone [0.229117 - 0.229508]
2026-02-03 08:20:18,815 | SentinelBot | INFO | 🔍 Scanning SUIUSDTM...
2026-02-03 08:20:19,821 | SentinelBot | INFO | ✅ HTF CONFIRMED: H1 Trend aligns with SHORT
2026-02-03 08:20:19,821 | SentinelBot | INFO | 🚨 TRADE POTENTIAL: SUIUSDTM | Rec: ALLOW_TRADE
2026-02-03 08:20:19,821 | SentinelBot | INFO |    Reason: Strong setup (0.76) with confidence (0.68). Regime: TREND_BEAR. Trend score: -0.30, bias: SHORT
2026-02-03 08:20:19,821 | SentinelBot | INFO |    Stats: Qual=0.76 | Conf=0.68 | Dir=SHORT
2026-02-03 08:20:19,826 | SentinelBot | INFO | 🚫 ENTRY_BLOCKED | BAD_RR | SUIUSDTM R:R = 1:2.00 < 1:2
2026-02-03 08:20:19,826 | SentinelBot | INFO | 🔍 Scanning PEPEUSDTM...
2026-02-03 08:20:20,856 | SentinelBot | INFO | ✅ HTF CONFIRMED: H1 Trend aligns with SHORT
2026-02-03 08:20:20,859 | SentinelBot | INFO | 🚨 TRADE POTENTIAL: PEPEUSDTM | Rec: MICRO_TRADE
2026-02-03 08:20:20,859 | SentinelBot | INFO |    Reason: Good setup (0.83) but low confidence (0.50). Regime: RANGE. Trend score: -0.10, bias: SHORT
2026-02-03 08:20:20,859 | SentinelBot | INFO |    Stats: Qual=0.83 | Conf=0.50 | Dir=SHORT
2026-02-03 08:20:20,860 | SentinelBot | INFO | 🚫 ENTRY_BLOCKED | BAD_RR | PEPEUSDTM R:R = 1:0.00 < 1:2
2026-02-03 08:20:20,860 | SentinelBot | INFO | 🔍 Scanning NEARUSDTM...
2026-02-03 08:20:21,897 | SentinelBot | INFO | ✅ HTF CONFIRMED: H1 Trend aligns with SHORT
2026-02-03 08:20:21,898 | SentinelBot | INFO | 🚨 TRADE POTENTIAL: NEARUSDTM | Rec: ALLOW_TRADE
2026-02-03 08:20:21,898 | SentinelBot | INFO |    Reason: Strong setup (1.00) with confidence (0.60). Regime: RANGE. Trend score: -0.15, bias: SHORT
2026-02-03 08:20:21,898 | SentinelBot | INFO |    Stats: Qual=1.00 | Conf=0.60 | Dir=SHORT
2026-02-03 08:20:21,899 | SentinelBot | INFO | 🚫 ENTRY_BLOCKED | BAD_RR | NEARUSDTM R:R = 1:0.00 < 1:2
2026-02-03 08:20:21,899 | SentinelBot | INFO | 🔍 Scanning RNDRUSDTM...
2026-02-03 08:20:22,889 | SentinelBot | INFO | ✅ HTF CONFIRMED: H1 Trend aligns with SHORT
2026-02-03 08:20:22,889 | SentinelBot | INFO | 🚨 TRADE POTENTIAL: RNDRUSDTM | Rec: MICRO_TRADE
2026-02-03 08:20:22,890 | SentinelBot | INFO |    Reason: Good setup (0.87) but low confidence (0.52). Regime: RANGE. Trend score: -0.10, bias: SHORT
2026-02-03 08:20:22,890 | SentinelBot | INFO |    Stats: Qual=0.87 | Conf=0.52 | Dir=SHORT
2026-02-03 08:20:22,890 | SentinelBot | INFO | 🚫 ENTRY_BLOCKED | BAD_RR | RNDRUSDTM R:R = 1:0.00 < 1:2
2026-02-03 08:20:22,892 | SentinelBot | INFO | 🔍 Scanning INJUSDTM...
2026-02-03 08:20:24,071 | SentinelBot | INFO | ✅ HTF CONFIRMED: H1 Trend aligns with SHORT
2026-02-03 08:20:24,071 | SentinelBot | INFO | 🚨 TRADE POTENTIAL: INJUSDTM | Rec: MICRO_TRADE
2026-02-03 08:20:24,071 | SentinelBot | INFO |    Reason: Good setup (0.94) but low confidence (0.57). Regime: RANGE. Trend score: -0.20, bias: SHORT
2026-02-03 08:20:24,071 | SentinelBot | INFO |    Stats: Qual=0.94 | Conf=0.57 | Dir=SHORT
2026-02-03 08:20:24,071 | SentinelBot | INFO | 🚫 ENTRY_BLOCKED | BAD_RR | INJUSDTM R:R = 1:2.00 < 1:2
2026-02-03 08:20:24,073 | SentinelBot | INFO | 🔍 Scanning TIAUSDTM...
2026-02-03 08:20:25,091 | SentinelBot | INFO | ⚠️ HTF MISMATCH: TIAUSDTM Short vs Bull Trend. ALLOWED due to High Confidence (0.85)
2026-02-03 08:20:25,092 | SentinelBot | INFO | ✅ HTF CONFIRMED: H1 Trend aligns with SHORT
2026-02-03 08:20:25,092 | SentinelBot | INFO | 🚨 TRADE POTENTIAL: TIAUSDTM | Rec: ALLOW_TRADE
2026-02-03 08:20:25,092 | SentinelBot | INFO |    Reason: Strong setup (1.00) with confidence (0.85). Regime: MOMENTUM. Trend score: -0.45, bias: SHORT
2026-02-03 08:20:25,092 | SentinelBot | INFO |    Stats: Qual=1.00 | Conf=0.85 | Dir=SHORT
2026-02-03 08:20:25,093 | SentinelBot | INFO | 🚫 ENTRY_BLOCKED | BAD_RR | TIAUSDTM R:R = 1:2.00 < 1:2
2026-02-03 08:20:25,094 | SentinelBot | INFO | 🔍 Scanning IMXUSDTM...
2026-02-03 08:20:26,101 | SentinelBot | INFO | ✅ HTF CONFIRMED: H1 Trend aligns with SHORT
2026-02-03 08:20:26,101 | SentinelBot | INFO | 🚨 TRADE POTENTIAL: IMXUSDTM | Rec: ALLOW_TRADE
2026-02-03 08:20:26,101 | SentinelBot | INFO |    Reason: Strong setup (1.00) with confidence (0.94). Regime: MOMENTUM. Trend score: -0.55, bias: SHORT
2026-02-03 08:20:26,102 | SentinelBot | INFO |    Stats: Qual=1.00 | Conf=0.94 | Dir=SHORT
2026-02-03 08:20:26,102 | SentinelBot | INFO | 🚫 ENTRY_BLOCKED | BAD_RR | IMXUSDTM R:R = 1:0.00 < 1:2
2026-02-03 08:20:26,103 | SentinelBot | INFO | 🔍 Scanning LDOUSDTM...
2026-02-03 08:20:27,127 | SentinelBot | INFO | ✅ HTF CONFIRMED: H1 Trend aligns with SHORT
2026-02-03 08:20:27,127 | SentinelBot | INFO | 🚨 TRADE POTENTIAL: LDOUSDTM | Rec: MICRO_TRADE
2026-02-03 08:20:27,127 | SentinelBot | INFO |    Reason: Good setup (0.70) but low confidence (0.42). Regime: RANGE. Trend score: -0.30, bias: SHORT
2026-02-03 08:20:27,127 | SentinelBot | INFO |    Stats: Qual=0.70 | Conf=0.42 | Dir=SHORT
2026-02-03 08:20:27,130 | SentinelBot | INFO | 🚫 ENTRY_BLOCKED | BAD_RR | LDOUSDTM R:R = 1:2.00 < 1:2
2026-02-03 08:20:39,208 | SentinelBot | INFO | 💓 Loop alive | Cycle 390 | Watching 30 symbols
2026-02-03 08:20:54,536 | SentinelBot | INFO | 💓 Loop alive | Cycle 400 | Watching 30 symbols
2026-02-03 08:20:58,722 | SentinelBot | INFO | 🔍 Scanning XBTUSDTM...
2026-02-03 08:20:59,682 | SentinelBot | INFO | 🛑 HTF MISMATCH: XBTUSDTM Signal SHORT vs Bull Trend. Blocked (Conf 0.56 < 0.75)
2026-02-03 08:20:59,683 | SentinelBot | INFO | 🔍 Scanning ETHUSDTM...
2026-02-03 08:21:00,627 | SentinelBot | INFO |    📊 ETHUSDTM: Rec=NO_TRADE (Qual=0.51)
2026-02-03 08:21:00,627 | SentinelBot | INFO | 🔍 Scanning SOLUSDTM...
2026-02-03 08:21:01,628 | SentinelBot | INFO | ✅ HTF CONFIRMED: H1 Trend aligns with SHORT
2026-02-03 08:21:01,629 | SentinelBot | INFO | 🚨 TRADE POTENTIAL: SOLUSDTM | Rec: MICRO_TRADE
2026-02-03 08:21:01,629 | SentinelBot | INFO |    Reason: Good setup (0.65) but low confidence (0.39). Regime: RANGE. Trend score: -0.10, bias: SHORT
2026-02-03 08:21:01,630 | SentinelBot | INFO |    Stats: Qual=0.65 | Conf=0.39 | Dir=SHORT
2026-02-03 08:21:01,630 | SentinelBot | INFO | ⏳ BIAS_DETECTED | SOLUSDTM SHORT | Waiting for Zone [104.030289 - 104.092630]
2026-02-03 08:21:01,631 | SentinelBot | INFO | 🔍 Scanning BNBUSDTM...
2026-02-03 08:21:02,816 | SentinelBot | INFO | ✅ HTF CONFIRMED: H1 Trend aligns with SHORT
2026-02-03 08:21:02,816 | SentinelBot | INFO | 🚨 TRADE POTENTIAL: BNBUSDTM | Rec: MICRO_TRADE
2026-02-03 08:21:02,818 | SentinelBot | INFO |    Reason: Good setup (0.61) but low confidence (0.37). Regime: RANGE. Trend score: -0.10, bias: SHORT
2026-02-03 08:21:02,818 | SentinelBot | INFO |    Stats: Qual=0.61 | Conf=0.37 | Dir=SHORT
2026-02-03 08:21:02,818 | SentinelBot | INFO | 🚫 ENTRY_BLOCKED | BAD_RR | BNBUSDTM R:R = 1:2.00 < 1:2
2026-02-03 08:21:02,819 | SentinelBot | INFO | 🔍 Scanning XRPUSDTM...
2026-02-03 08:21:03,810 | SentinelBot | INFO | ✅ HTF CONFIRMED: H1 Trend aligns with SHORT
2026-02-03 08:21:03,810 | SentinelBot | INFO | 🚨 TRADE POTENTIAL: XRPUSDTM | Rec: MICRO_TRADE
2026-02-03 08:21:03,811 | SentinelBot | INFO |    Reason: Good setup (0.65) but low confidence (0.39). Regime: RANGE. Trend score: -0.20, bias: SHORT
2026-02-03 08:21:03,811 | SentinelBot | INFO |    Stats: Qual=0.66 | Conf=0.39 | Dir=SHORT
2026-02-03 08:21:03,811 | SentinelBot | INFO | 🚫 ENTRY_BLOCKED | BAD_RR | XRPUSDTM R:R = 1:2.00 < 1:2
2026-02-03 08:21:03,812 | SentinelBot | INFO | 🔍 Scanning ADAUSDTM...
2026-02-03 08:21:04,824 | SentinelBot | INFO | 🛑 HTF MISMATCH: ADAUSDTM Signal SHORT vs Bull Trend. Blocked (Conf 0.52 < 0.75)
2026-02-03 08:21:04,825 | SentinelBot | INFO | 🔍 Scanning DOGEUSDTM...
2026-02-03 08:21:06,785 | SentinelBot | INFO | 🛑 HTF MISMATCH: DOGEUSDTM Signal SHORT vs Bull Trend. Blocked (Conf 0.43 < 0.75)
2026-02-03 08:21:06,786 | SentinelBot | INFO | 🔍 Scanning AVAXUSDTM...
2026-02-03 08:21:07,766 | SentinelBot | INFO | ✅ HTF CONFIRMED: H1 Trend aligns with SHORT
2026-02-03 08:21:07,767 | SentinelBot | INFO | 🚨 TRADE POTENTIAL: AVAXUSDTM | Rec: MICRO_TRADE
2026-02-03 08:21:07,767 | SentinelBot | INFO |    Reason: Good setup (0.96) but low confidence (0.58). Regime: RANGE. Trend score: -0.15, bias: SHORT
2026-02-03 08:21:07,767 | SentinelBot | INFO |    Stats: Qual=0.96 | Conf=0.58 | Dir=SHORT
2026-02-03 08:21:07,768 | SentinelBot | INFO | ⏳ BIAS_DETECTED | AVAXUSDTM SHORT | Waiting for Zone [10.110486 - 10.118323]
2026-02-03 08:21:07,769 | SentinelBot | INFO | 🔍 Scanning LINKUSDTM...
2026-02-03 08:21:08,579 | SentinelBot | INFO |    📊 LINKUSDTM: Rec=NO_TRADE (Qual=0.58)
2026-02-03 08:21:08,580 | SentinelBot | INFO | 🔍 Scanning DOTUSDTM...
2026-02-03 08:21:09,562 | SentinelBot | INFO | ✅ HTF CONFIRMED: H1 Trend aligns with SHORT
2026-02-03 08:21:09,563 | SentinelBot | INFO | 🚨 TRADE POTENTIAL: DOTUSDTM | Rec: ALLOW_TRADE
2026-02-03 08:21:09,563 | SentinelBot | INFO |    Reason: Strong setup (1.00) with confidence (0.60). Regime: RANGE. Trend score: -0.15, bias: SHORT
2026-02-03 08:21:09,563 | SentinelBot | INFO |    Stats: Qual=1.00 | Conf=0.60 | Dir=SHORT
2026-02-03 08:21:09,565 | SentinelBot | INFO | 🚫 ENTRY_BLOCKED | BAD_RR | DOTUSDTM R:R = 1:0.00 < 1:2
2026-02-03 08:21:09,566 | SentinelBot | INFO | 🔍 Scanning TRXUSDTM...
2026-02-03 08:21:09,969 | SentinelBot | INFO | 🚫 ENTRY_BLOCKED | NO_TRADE_ZONE | TRXUSDTM price=0.2835 inside range [0.2832 - 0.2836]
2026-02-03 08:21:09,969 | SentinelBot | INFO | 🔍 Scanning LTCUSDTM...
2026-02-03 08:21:11,292 | SentinelBot | INFO | ✅ HTF CONFIRMED: H1 Trend aligns with SHORT
2026-02-03 08:21:11,295 | SentinelBot | INFO | 🚨 TRADE POTENTIAL: LTCUSDTM | Rec: MICRO_TRADE
2026-02-03 08:21:11,295 | SentinelBot | INFO |    Reason: Good setup (0.73) but low confidence (0.44). Regime: RANGE. Trend score: 0.00, bias: SHORT
2026-02-03 08:21:11,295 | SentinelBot | INFO |    Stats: Qual=0.73 | Conf=0.44 | Dir=SHORT
2026-02-03 08:21:11,295 | SentinelBot | INFO | 🚫 ENTRY_BLOCKED | BAD_RR | LTCUSDTM R:R = 1:2.00 < 1:2
2026-02-03 08:21:11,295 | SentinelBot | INFO | 🔍 Scanning MATICUSDTM...
2026-02-03 08:21:12,396 | SentinelBot | INFO | 🛑 HTF MISMATCH: MATICUSDTM Signal LONG vs Bear Trend. Blocked (Conf 0.39 < 0.80)
2026-02-03 08:21:12,396 | SentinelBot | INFO | 🔍 Scanning SHIBUSDTM...
2026-02-03 08:21:13,230 | SentinelBot | INFO |    📊 SHIBUSDTM: Rec=NO_TRADE (Qual=0.31)
2026-02-03 08:21:13,230 | SentinelBot | INFO | 🔍 Scanning UNIUSDTM...
2026-02-03 08:21:14,352 | SentinelBot | INFO | ✅ HTF CONFIRMED: H1 Trend aligns with SHORT
2026-02-03 08:21:14,353 | SentinelBot | INFO | 🚨 TRADE POTENTIAL: UNIUSDTM | Rec: ALLOW_TRADE
2026-02-03 08:21:14,353 | SentinelBot | INFO |    Reason: Strong setup (1.00) with confidence (0.60). Regime: RANGE. Trend score: -0.10, bias: SHORT
2026-02-03 08:21:14,353 | SentinelBot | INFO |    Stats: Qual=1.00 | Conf=0.60 | Dir=SHORT
2026-02-03 08:21:14,355 | SentinelBot | INFO | ⏳ BIAS_DETECTED | UNIUSDTM SHORT | Waiting for Zone [3.906461 - 3.912110]
2026-02-03 08:21:14,355 | SentinelBot | INFO | 🔍 Scanning ATOMUSDTM...
2026-02-03 08:21:15,515 | SentinelBot | INFO | ✅ HTF CONFIRMED: H1 Trend aligns with SHORT
2026-02-03 08:21:15,517 | SentinelBot | INFO | 🚨 TRADE POTENTIAL: ATOMUSDTM | Rec: ALLOW_TRADE
2026-02-03 08:21:15,517 | SentinelBot | INFO |    Reason: Strong setup (1.00) with confidence (0.90). Regime: TREND_BEAR. Trend score: -0.40, bias: SHORT
2026-02-03 08:21:15,517 | SentinelBot | INFO |    Stats: Qual=1.00 | Conf=0.90 | Dir=SHORT
2026-02-03 08:21:15,521 | SentinelBot | INFO | 🚫 ENTRY_BLOCKED | BAD_RR | ATOMUSDTM R:R = 1:0.00 < 1:2
2026-02-03 08:21:15,521 | SentinelBot | INFO | 🔍 Scanning XLMUSDTM...
2026-02-03 08:21:16,529 | SentinelBot | INFO | ✅ HTF CONFIRMED: H1 Trend aligns with SHORT
2026-02-03 08:21:16,529 | SentinelBot | INFO | 🚨 TRADE POTENTIAL: XLMUSDTM | Rec: ALLOW_TRADE
2026-02-03 08:21:16,530 | SentinelBot | INFO |    Reason: Strong setup (1.00) with confidence (0.94). Regime: MOMENTUM. Trend score: -0.60, bias: SHORT
2026-02-03 08:21:16,530 | SentinelBot | INFO |    Stats: Qual=1.00 | Conf=0.94 | Dir=SHORT
2026-02-03 08:21:16,530 | SentinelBot | INFO | 🚫 ENTRY_BLOCKED | BAD_RR | XLMUSDTM R:R = 1:0.00 < 1:2
2026-02-03 08:21:16,531 | SentinelBot | INFO | 🔍 Scanning ETCUSDTM...
2026-02-03 08:21:17,557 | SentinelBot | INFO | ✅ HTF CONFIRMED: H1 Trend aligns with SHORT
2026-02-03 08:21:17,558 | SentinelBot | INFO | 🚨 TRADE POTENTIAL: ETCUSDTM | Rec: ALLOW_TRADE
2026-02-03 08:21:17,558 | SentinelBot | INFO |    Reason: Strong setup (1.00) with confidence (0.90). Regime: TREND_BEAR. Trend score: -0.35, bias: SHORT
2026-02-03 08:21:17,558 | SentinelBot | INFO |    Stats: Qual=1.00 | Conf=0.90 | Dir=SHORT
2026-02-03 08:21:17,559 | SentinelBot | INFO | 🚫 ENTRY_BLOCKED | BAD_RR | ETCUSDTM R:R = 1:2.00 < 1:2
2026-02-03 08:21:17,560 | SentinelBot | INFO | 🔍 Scanning FILUSDTM...
2026-02-03 08:21:18,602 | SentinelBot | INFO | ⚠️ HTF MISMATCH: FILUSDTM Short vs Bull Trend. ALLOWED due to High Confidence (0.90)
2026-02-03 08:21:18,602 | SentinelBot | INFO | ✅ HTF CONFIRMED: H1 Trend aligns with SHORT
2026-02-03 08:21:18,603 | SentinelBot | INFO | 🚨 TRADE POTENTIAL: FILUSDTM | Rec: ALLOW_TRADE
2026-02-03 08:21:18,604 | SentinelBot | INFO |    Reason: Strong setup (1.00) with confidence (0.90). Regime: TREND_BEAR. Trend score: -0.35, bias: SHORT
2026-02-03 08:21:18,604 | SentinelBot | INFO |    Stats: Qual=1.00 | Conf=0.90 | Dir=SHORT
2026-02-03 08:21:18,605 | SentinelBot | INFO | ⏳ BIAS_DETECTED | FILUSDTM SHORT | Waiting for Zone [1.078001 - 1.078123]
2026-02-03 08:21:18,605 | SentinelBot | INFO | 🔍 Scanning APTUSDTM...
2026-02-03 08:21:19,638 | SentinelBot | INFO | ✅ HTF CONFIRMED: H1 Trend aligns with SHORT
2026-02-03 08:21:19,639 | SentinelBot | INFO | 🚨 TRADE POTENTIAL: APTUSDTM | Rec: ALLOW_TRADE
2026-02-03 08:21:19,639 | SentinelBot | INFO |    Reason: Strong setup (1.00) with confidence (0.90). Regime: TREND_BEAR. Trend score: -0.40, bias: SHORT
2026-02-03 08:21:19,639 | SentinelBot | INFO |    Stats: Qual=1.00 | Conf=0.90 | Dir=SHORT
2026-02-03 08:21:19,640 | SentinelBot | INFO | 🚫 ENTRY_BLOCKED | BAD_RR | APTUSDTM R:R = 1:0.00 < 1:2
2026-02-03 08:21:19,640 | SentinelBot | INFO | 🔍 Scanning ARBUSDTM...
2026-02-03 08:21:20,675 | SentinelBot | INFO | ✅ HTF CONFIRMED: H1 Trend aligns with SHORT
2026-02-03 08:21:20,675 | SentinelBot | INFO | 🚨 TRADE POTENTIAL: ARBUSDTM | Rec: MICRO_TRADE
2026-02-03 08:21:20,675 | SentinelBot | INFO |    Reason: Good setup (0.70) but low confidence (0.42). Regime: RANGE. Trend score: -0.20, bias: SHORT
2026-02-03 08:21:20,675 | SentinelBot | INFO |    Stats: Qual=0.70 | Conf=0.42 | Dir=SHORT
2026-02-03 08:21:20,677 | SentinelBot | INFO | ⏳ BIAS_DETECTED | ARBUSDTM SHORT | Waiting for Zone [0.136664 - 0.136884]
2026-02-03 08:21:20,677 | SentinelBot | INFO | 🔍 Scanning OPUSDTM...
2026-02-03 08:21:21,721 | SentinelBot | INFO | ✅ HTF CONFIRMED: H1 Trend aligns with SHORT
2026-02-03 08:21:21,723 | SentinelBot | INFO | 🚨 TRADE POTENTIAL: OPUSDTM | Rec: MICRO_TRADE
2026-02-03 08:21:21,723 | SentinelBot | INFO |    Reason: Good setup (0.91) but low confidence (0.55). Regime: RANGE. Trend score: -0.25, bias: SHORT
2026-02-03 08:21:21,724 | SentinelBot | INFO |    Stats: Qual=0.91 | Conf=0.55 | Dir=SHORT
2026-02-03 08:21:21,724 | SentinelBot | INFO | ⏳ BIAS_DETECTED | OPUSDTM SHORT | Waiting for Zone [0.229117 - 0.229508]
2026-02-03 08:21:21,725 | SentinelBot | INFO | 🔍 Scanning SUIUSDTM...
2026-02-03 08:21:22,938 | SentinelBot | INFO | ✅ HTF CONFIRMED: H1 Trend aligns with SHORT
2026-02-03 08:21:22,939 | SentinelBot | INFO | 🚨 TRADE POTENTIAL: SUIUSDTM | Rec: ALLOW_TRADE
2026-02-03 08:21:22,939 | SentinelBot | INFO |    Reason: Strong setup (0.76) with confidence (0.68). Regime: TREND_BEAR. Trend score: -0.30, bias: SHORT
2026-02-03 08:21:22,940 | SentinelBot | INFO |    Stats: Qual=0.76 | Conf=0.68 | Dir=SHORT
2026-02-03 08:21:22,940 | SentinelBot | INFO | 🚫 ENTRY_BLOCKED | BAD_RR | SUIUSDTM R:R = 1:2.00 < 1:2
2026-02-03 08:21:22,941 | SentinelBot | INFO | 🔍 Scanning PEPEUSDTM...
2026-02-03 08:21:24,115 | SentinelBot | INFO | ✅ HTF CONFIRMED: H1 Trend aligns with SHORT
2026-02-03 08:21:24,115 | SentinelBot | INFO | 🚨 TRADE POTENTIAL: PEPEUSDTM | Rec: MICRO_TRADE
2026-02-03 08:21:24,116 | SentinelBot | INFO |    Reason: Good setup (0.83) but low confidence (0.50). Regime: RANGE. Trend score: -0.10, bias: SHORT
2026-02-03 08:21:24,117 | SentinelBot | INFO |    Stats: Qual=0.83 | Conf=0.50 | Dir=SHORT
2026-02-03 08:21:24,117 | SentinelBot | INFO | 🚫 ENTRY_BLOCKED | BAD_RR | PEPEUSDTM R:R = 1:0.00 < 1:2
2026-02-03 08:21:24,118 | SentinelBot | INFO | 🔍 Scanning NEARUSDTM...
2026-02-03 08:21:25,195 | SentinelBot | INFO | ✅ HTF CONFIRMED: H1 Trend aligns with SHORT
2026-02-03 08:21:25,195 | SentinelBot | INFO | 🚨 TRADE POTENTIAL: NEARUSDTM | Rec: ALLOW_TRADE
2026-02-03 08:21:25,195 | SentinelBot | INFO |    Reason: Strong setup (1.00) with confidence (0.60). Regime: RANGE. Trend score: -0.15, bias: SHORT
2026-02-03 08:21:25,202 | SentinelBot | INFO |    Stats: Qual=1.00 | Conf=0.60 | Dir=SHORT
2026-02-03 08:21:25,203 | SentinelBot | INFO | 🚫 ENTRY_BLOCKED | BAD_RR | NEARUSDTM R:R = 1:0.00 < 1:2
2026-02-03 08:21:25,203 | SentinelBot | INFO | 🔍 Scanning RNDRUSDTM...
2026-02-03 08:21:26,153 | SentinelBot | INFO | ✅ HTF CONFIRMED: H1 Trend aligns with SHORT
2026-02-03 08:21:26,153 | SentinelBot | INFO | 🚨 TRADE POTENTIAL: RNDRUSDTM | Rec: MICRO_TRADE
2026-02-03 08:21:26,153 | SentinelBot | INFO |    Reason: Good setup (0.87) but low confidence (0.52). Regime: RANGE. Trend score: -0.10, bias: SHORT
2026-02-03 08:21:26,154 | SentinelBot | INFO |    Stats: Qual=0.87 | Conf=0.52 | Dir=SHORT
2026-02-03 08:21:26,154 | SentinelBot | INFO | 🚫 ENTRY_BLOCKED | BAD_RR | RNDRUSDTM R:R = 1:0.00 < 1:2
2026-02-03 08:21:26,155 | SentinelBot | INFO | 🔍 Scanning INJUSDTM...
2026-02-03 08:21:27,259 | SentinelBot | INFO | ✅ HTF CONFIRMED: H1 Trend aligns with SHORT
2026-02-03 08:21:27,260 | SentinelBot | INFO | 🚨 TRADE POTENTIAL: INJUSDTM | Rec: MICRO_TRADE
2026-02-03 08:21:27,260 | SentinelBot | INFO |    Reason: Good setup (0.94) but low confidence (0.57). Regime: RANGE. Trend score: -0.20, bias: SHORT
2026-02-03 08:21:27,261 | SentinelBot | INFO |    Stats: Qual=0.94 | Conf=0.57 | Dir=SHORT
2026-02-03 08:21:27,261 | SentinelBot | INFO | 🚫 ENTRY_BLOCKED | BAD_RR | INJUSDTM R:R = 1:2.00 < 1:2
2026-02-03 08:21:27,261 | SentinelBot | INFO | 🔍 Scanning TIAUSDTM...
2026-02-03 08:21:28,358 | SentinelBot | INFO | ⚠️ HTF MISMATCH: TIAUSDTM Short vs Bull Trend. ALLOWED due to High Confidence (0.85)
2026-02-03 08:21:28,359 | SentinelBot | INFO | ✅ HTF CONFIRMED: H1 Trend aligns with SHORT
2026-02-03 08:21:28,359 | SentinelBot | INFO | 🚨 TRADE POTENTIAL: TIAUSDTM | Rec: ALLOW_TRADE
2026-02-03 08:21:28,359 | SentinelBot | INFO |    Reason: Strong setup (1.00) with confidence (0.85). Regime: MOMENTUM. Trend score: -0.45, bias: SHORT
2026-02-03 08:21:28,359 | SentinelBot | INFO |    Stats: Qual=1.00 | Conf=0.85 | Dir=SHORT
2026-02-03 08:21:28,360 | SentinelBot | INFO | 🚫 ENTRY_BLOCKED | BAD_RR | TIAUSDTM R:R = 1:2.00 < 1:2
2026-02-03 08:21:28,361 | SentinelBot | INFO | 🔍 Scanning IMXUSDTM...
2026-02-03 08:21:29,391 | SentinelBot | INFO | ✅ HTF CONFIRMED: H1 Trend aligns with SHORT
2026-02-03 08:21:29,391 | SentinelBot | INFO | 🚨 TRADE POTENTIAL: IMXUSDTM | Rec: ALLOW_TRADE
2026-02-03 08:21:29,391 | SentinelBot | INFO |    Reason: Strong setup (1.00) with confidence (0.94). Regime: MOMENTUM. Trend score: -0.55, bias: SHORT
2026-02-03 08:21:29,391 | SentinelBot | INFO |    Stats: Qual=1.00 | Conf=0.94 | Dir=SHORT
2026-02-03 08:21:29,393 | SentinelBot | INFO | 🚫 ENTRY_BLOCKED | BAD_RR | IMXUSDTM R:R = 1:0.00 < 1:2
2026-02-03 08:21:29,394 | SentinelBot | INFO | 🔍 Scanning LDOUSDTM...
2026-02-03 08:21:30,726 | SentinelBot | INFO | ✅ HTF CONFIRMED: H1 Trend aligns with SHORT
2026-02-03 08:21:30,727 | SentinelBot | INFO | 🚨 TRADE POTENTIAL: LDOUSDTM | Rec: MICRO_TRADE
2026-02-03 08:21:30,728 | SentinelBot | INFO |    Reason: Good setup (0.70) but low confidence (0.42). Regime: RANGE. Trend score: -0.30, bias: SHORT
2026-02-03 08:21:30,728 | SentinelBot | INFO |    Stats: Qual=0.70 | Conf=0.42 | Dir=SHORT
2026-02-03 08:21:30,728 | SentinelBot | INFO | 🚫 ENTRY_BLOCKED | BAD_RR | LDOUSDTM R:R = 1:2.00 < 1:2
2026-02-03 08:21:44,272 | SentinelBot | INFO | 💓 Loop alive | Cycle 410 | Watching 30 symbols
2026-02-03 08:21:59,385 | SentinelBot | INFO | 💓 Loop alive | Cycle 420 | Watching 30 symbols
2026-02-03 08:21:59,969 | SentinelBot | INFO | 🔍 Scanning XBTUSDTM...
2026-02-03 08:22:00,932 | SentinelBot | INFO | 🛑 HTF MISMATCH: XBTUSDTM Signal SHORT vs Bull Trend. Blocked (Conf 0.56 < 0.75)
2026-02-03 08:22:00,933 | SentinelBot | INFO | 🔍 Scanning ETHUSDTM...
2026-02-03 08:22:01,757 | SentinelBot | INFO |    📊 ETHUSDTM: Rec=NO_TRADE (Qual=0.51)
2026-02-03 08:22:01,758 | SentinelBot | INFO | 🔍 Scanning SOLUSDTM...
2026-02-03 08:22:02,892 | SentinelBot | INFO | ✅ HTF CONFIRMED: H1 Trend aligns with SHORT
2026-02-03 08:22:02,893 | SentinelBot | INFO | 🚨 TRADE POTENTIAL: SOLUSDTM | Rec: MICRO_TRADE
2026-02-03 08:22:02,893 | SentinelBot | INFO |    Reason: Good setup (0.65) but low confidence (0.39). Regime: RANGE. Trend score: -0.10, bias: SHORT
2026-02-03 08:22:02,893 | SentinelBot | INFO |    Stats: Qual=0.65 | Conf=0.39 | Dir=SHORT
2026-02-03 08:22:02,895 | SentinelBot | INFO | ⏳ BIAS_DETECTED | SOLUSDTM SHORT | Waiting for Zone [104.030289 - 104.092630]
2026-02-03 08:22:02,895 | SentinelBot | INFO | 🔍 Scanning BNBUSDTM...
2026-02-03 08:22:03,911 | SentinelBot | INFO | ✅ HTF CONFIRMED: H1 Trend aligns with SHORT
2026-02-03 08:22:03,915 | SentinelBot | INFO | 🚨 TRADE POTENTIAL: BNBUSDTM | Rec: MICRO_TRADE
2026-02-03 08:22:03,915 | SentinelBot | INFO |    Reason: Good setup (0.61) but low confidence (0.37). Regime: RANGE. Trend score: -0.10, bias: SHORT
2026-02-03 08:22:03,915 | SentinelBot | INFO |    Stats: Qual=0.61 | Conf=0.37 | Dir=SHORT
2026-02-03 08:22:03,915 | SentinelBot | INFO | 🚫 ENTRY_BLOCKED | BAD_RR | BNBUSDTM R:R = 1:2.00 < 1:2
2026-02-03 08:22:03,916 | SentinelBot | INFO | 🔍 Scanning XRPUSDTM...
2026-02-03 08:22:05,526 | SentinelBot | INFO | ✅ HTF CONFIRMED: H1 Trend aligns with SHORT
2026-02-03 08:22:05,527 | SentinelBot | INFO | 🚨 TRADE POTENTIAL: XRPUSDTM | Rec: MICRO_TRADE
2026-02-03 08:22:05,527 | SentinelBot | INFO |    Reason: Good setup (0.65) but low confidence (0.39). Regime: RANGE. Trend score: -0.20, bias: SHORT
2026-02-03 08:22:05,527 | SentinelBot | INFO |    Stats: Qual=0.66 | Conf=0.39 | Dir=SHORT
2026-02-03 08:22:05,528 | SentinelBot | INFO | 🚫 ENTRY_BLOCKED | BAD_RR | XRPUSDTM R:R = 1:2.00 < 1:2
2026-02-03 08:22:05,528 | SentinelBot | INFO | 🔍 Scanning ADAUSDTM...
2026-02-03 08:22:08,543 | SentinelBot | INFO | 🛑 HTF MISMATCH: ADAUSDTM Signal SHORT vs Bull Trend. Blocked (Conf 0.52 < 0.75)
2026-02-03 08:22:08,544 | SentinelBot | INFO | 🔍 Scanning DOGEUSDTM...
2026-02-03 08:22:10,564 | SentinelBot | INFO | 🛑 HTF MISMATCH: DOGEUSDTM Signal SHORT vs Bull Trend. Blocked (Conf 0.43 < 0.75)
2026-02-03 08:22:10,565 | SentinelBot | INFO | 🔍 Scanning AVAXUSDTM...
2026-02-03 08:22:11,582 | SentinelBot | INFO | ✅ HTF CONFIRMED: H1 Trend aligns with SHORT
2026-02-03 08:22:11,582 | SentinelBot | INFO | 🚨 TRADE POTENTIAL: AVAXUSDTM | Rec: MICRO_TRADE
2026-02-03 08:22:11,584 | SentinelBot | INFO |    Reason: Good setup (0.96) but low confidence (0.58). Regime: RANGE. Trend score: -0.15, bias: SHORT
2026-02-03 08:22:11,584 | SentinelBot | INFO |    Stats: Qual=0.96 | Conf=0.58 | Dir=SHORT
2026-02-03 08:22:11,585 | SentinelBot | INFO | ⏳ BIAS_DETECTED | AVAXUSDTM SHORT | Waiting for Zone [10.110486 - 10.118323]
2026-02-03 08:22:11,585 | SentinelBot | INFO | 🔍 Scanning LINKUSDTM...
2026-02-03 08:22:12,547 | SentinelBot | INFO |    📊 LINKUSDTM: Rec=NO_TRADE (Qual=0.58)
2026-02-03 08:22:12,553 | SentinelBot | INFO | 🔍 Scanning DOTUSDTM...
2026-02-03 08:22:13,606 | SentinelBot | INFO | ✅ HTF CONFIRMED: H1 Trend aligns with SHORT
2026-02-03 08:22:13,606 | SentinelBot | INFO | 🚨 TRADE POTENTIAL: DOTUSDTM | Rec: ALLOW_TRADE
2026-02-03 08:22:13,606 | SentinelBot | INFO |    Reason: Strong setup (1.00) with confidence (0.60). Regime: RANGE. Trend score: -0.15, bias: SHORT
2026-02-03 08:22:13,606 | SentinelBot | INFO |    Stats: Qual=1.00 | Conf=0.60 | Dir=SHORT
2026-02-03 08:22:13,606 | SentinelBot | INFO | 🚫 ENTRY_BLOCKED | BAD_RR | DOTUSDTM R:R = 1:0.00 < 1:2
2026-02-03 08:22:13,606 | SentinelBot | INFO | 🔍 Scanning TRXUSDTM...
2026-02-03 08:22:14,290 | SentinelBot | INFO | 🚫 ENTRY_BLOCKED | NO_TRADE_ZONE | TRXUSDTM price=0.2835 inside range [0.2832 - 0.2836]
2026-02-03 08:22:14,290 | SentinelBot | INFO | 🔍 Scanning LTCUSDTM...
2026-02-03 08:22:15,313 | SentinelBot | INFO | ✅ HTF CONFIRMED: H1 Trend aligns with SHORT
2026-02-03 08:22:15,315 | SentinelBot | INFO | 🚨 TRADE POTENTIAL: LTCUSDTM | Rec: MICRO_TRADE
2026-02-03 08:22:15,315 | SentinelBot | INFO |    Reason: Good setup (0.73) but low confidence (0.44). Regime: RANGE. Trend score: 0.00, bias: SHORT
2026-02-03 08:22:15,316 | SentinelBot | INFO |    Stats: Qual=0.73 | Conf=0.44 | Dir=SHORT
2026-02-03 08:22:15,316 | SentinelBot | INFO | 🚫 ENTRY_BLOCKED | BAD_RR | LTCUSDTM R:R = 1:2.00 < 1:2
2026-02-03 08:22:15,316 | SentinelBot | INFO | 🔍 Scanning MATICUSDTM...
2026-02-03 08:22:16,429 | SentinelBot | INFO | 🛑 HTF MISMATCH: MATICUSDTM Signal LONG vs Bear Trend. Blocked (Conf 0.39 < 0.80)
2026-02-03 08:22:16,430 | SentinelBot | INFO | 🔍 Scanning SHIBUSDTM...
2026-02-03 08:22:17,279 | SentinelBot | INFO |    📊 SHIBUSDTM: Rec=NO_TRADE (Qual=0.31)
2026-02-03 08:22:17,280 | SentinelBot | INFO | 🔍 Scanning UNIUSDTM...
2026-02-03 08:22:18,321 | SentinelBot | INFO | ✅ HTF CONFIRMED: H1 Trend aligns with SHORT
2026-02-03 08:22:18,322 | SentinelBot | INFO | 🚨 TRADE POTENTIAL: UNIUSDTM | Rec: ALLOW_TRADE
2026-02-03 08:22:18,322 | SentinelBot | INFO |    Reason: Strong setup (1.00) with confidence (0.60). Regime: RANGE. Trend score: -0.10, bias: SHORT
2026-02-03 08:22:18,323 | SentinelBot | INFO |    Stats: Qual=1.00 | Conf=0.60 | Dir=SHORT
2026-02-03 08:22:18,323 | SentinelBot | INFO | ⏳ BIAS_DETECTED | UNIUSDTM SHORT | Waiting for Zone [3.906461 - 3.912110]
2026-02-03 08:22:18,324 | SentinelBot | INFO | 🔍 Scanning ATOMUSDTM...
2026-02-03 08:22:19,337 | SentinelBot | INFO | ✅ HTF CONFIRMED: H1 Trend aligns with SHORT
2026-02-03 08:22:19,337 | SentinelBot | INFO | 🚨 TRADE POTENTIAL: ATOMUSDTM | Rec: ALLOW_TRADE
2026-02-03 08:22:19,337 | SentinelBot | INFO |    Reason: Strong setup (1.00) with confidence (0.90). Regime: TREND_BEAR. Trend score: -0.40, bias: SHORT
2026-02-03 08:22:19,337 | SentinelBot | INFO |    Stats: Qual=1.00 | Conf=0.90 | Dir=SHORT
2026-02-03 08:22:19,337 | SentinelBot | INFO | 🚫 ENTRY_BLOCKED | BAD_RR | ATOMUSDTM R:R = 1:0.00 < 1:2
2026-02-03 08:22:19,340 | SentinelBot | INFO | 🔍 Scanning XLMUSDTM...
2026-02-03 08:22:20,388 | SentinelBot | INFO | ✅ HTF CONFIRMED: H1 Trend aligns with SHORT
2026-02-03 08:22:20,388 | SentinelBot | INFO | 🚨 TRADE POTENTIAL: XLMUSDTM | Rec: ALLOW_TRADE
2026-02-03 08:22:20,388 | SentinelBot | INFO |    Reason: Strong setup (1.00) with confidence (0.94). Regime: MOMENTUM. Trend score: -0.60, bias: SHORT
2026-02-03 08:22:20,388 | SentinelBot | INFO |    Stats: Qual=1.00 | Conf=0.94 | Dir=SHORT
2026-02-03 08:22:20,388 | SentinelBot | INFO | 🚫 ENTRY_BLOCKED | BAD_RR | XLMUSDTM R:R = 1:0.00 < 1:2
2026-02-03 08:22:20,395 | SentinelBot | INFO | 🔍 Scanning ETCUSDTM...
2026-02-03 08:22:21,460 | SentinelBot | INFO | ✅ HTF CONFIRMED: H1 Trend aligns with SHORT
2026-02-03 08:22:21,460 | SentinelBot | INFO | 🚨 TRADE POTENTIAL: ETCUSDTM | Rec: ALLOW_TRADE
2026-02-03 08:22:21,461 | SentinelBot | INFO |    Reason: Strong setup (1.00) with confidence (0.90). Regime: TREND_BEAR. Trend score: -0.35, bias: SHORT
2026-02-03 08:22:21,461 | SentinelBot | INFO |    Stats: Qual=1.00 | Conf=0.90 | Dir=SHORT
2026-02-03 08:22:21,462 | SentinelBot | INFO | 🚫 ENTRY_BLOCKED | BAD_RR | ETCUSDTM R:R = 1:2.00 < 1:2
2026-02-03 08:22:21,462 | SentinelBot | INFO | 🔍 Scanning FILUSDTM...
2026-02-03 08:22:22,516 | SentinelBot | INFO | ⚠️ HTF MISMATCH: FILUSDTM Short vs Bull Trend. ALLOWED due to High Confidence (0.90)
2026-02-03 08:22:22,516 | SentinelBot | INFO | ✅ HTF CONFIRMED: H1 Trend aligns with SHORT
2026-02-03 08:22:22,516 | SentinelBot | INFO | 🚨 TRADE POTENTIAL: FILUSDTM | Rec: ALLOW_TRADE
2026-02-03 08:22:22,516 | SentinelBot | INFO |    Reason: Strong setup (1.00) with confidence (0.90). Regime: TREND_BEAR. Trend score: -0.35, bias: SHORT
2026-02-03 08:22:22,517 | SentinelBot | INFO |    Stats: Qual=1.00 | Conf=0.90 | Dir=SHORT
2026-02-03 08:22:22,517 | SentinelBot | INFO | ⏳ BIAS_DETECTED | FILUSDTM SHORT | Waiting for Zone [1.078001 - 1.078123]
2026-02-03 08:22:22,518 | SentinelBot | INFO | 🔍 Scanning APTUSDTM...
2026-02-03 08:22:24,029 | SentinelBot | INFO | ✅ HTF CONFIRMED: H1 Trend aligns with SHORT
2026-02-03 08:22:24,029 | SentinelBot | INFO | 🚨 TRADE POTENTIAL: APTUSDTM | Rec: ALLOW_TRADE
2026-02-03 08:22:24,029 | SentinelBot | INFO |    Reason: Strong setup (1.00) with confidence (0.90). Regime: TREND_BEAR. Trend score: -0.40, bias: SHORT
2026-02-03 08:22:24,029 | SentinelBot | INFO |    Stats: Qual=1.00 | Conf=0.90 | Dir=SHORT
2026-02-03 08:22:24,031 | SentinelBot | INFO | 🚫 ENTRY_BLOCKED | BAD_RR | APTUSDTM R:R = 1:0.00 < 1:2
2026-02-03 08:22:24,031 | SentinelBot | INFO | 🔍 Scanning ARBUSDTM...
2026-02-03 08:22:25,071 | SentinelBot | INFO | ✅ HTF CONFIRMED: H1 Trend aligns with SHORT
2026-02-03 08:22:25,071 | SentinelBot | INFO | 🚨 TRADE POTENTIAL: ARBUSDTM | Rec: MICRO_TRADE
2026-02-03 08:22:25,072 | SentinelBot | INFO |    Reason: Good setup (0.70) but low confidence (0.42). Regime: RANGE. Trend score: -0.20, bias: SHORT
2026-02-03 08:22:25,072 | SentinelBot | INFO |    Stats: Qual=0.70 | Conf=0.42 | Dir=SHORT
2026-02-03 08:22:25,072 | SentinelBot | INFO | ⏳ BIAS_DETECTED | ARBUSDTM SHORT | Waiting for Zone [0.136664 - 0.136884]
2026-02-03 08:22:25,074 | SentinelBot | INFO | 🔍 Scanning OPUSDTM...
2026-02-03 08:22:26,067 | SentinelBot | INFO | ✅ HTF CONFIRMED: H1 Trend aligns with SHORT
2026-02-03 08:22:26,067 | SentinelBot | INFO | 🚨 TRADE POTENTIAL: OPUSDTM | Rec: MICRO_TRADE
2026-02-03 08:22:26,069 | SentinelBot | INFO |    Reason: Good setup (0.91) but low confidence (0.55). Regime: RANGE. Trend score: -0.25, bias: SHORT
2026-02-03 08:22:26,069 | SentinelBot | INFO |    Stats: Qual=0.91 | Conf=0.55 | Dir=SHORT
2026-02-03 08:22:26,069 | SentinelBot | INFO | ⏳ BIAS_DETECTED | OPUSDTM SHORT | Waiting for Zone [0.229117 - 0.229508]
2026-02-03 08:22:26,070 | SentinelBot | INFO | 🔍 Scanning SUIUSDTM...
2026-02-03 08:22:27,117 | SentinelBot | INFO | ✅ HTF CONFIRMED: H1 Trend aligns with SHORT
2026-02-03 08:22:27,117 | SentinelBot | INFO | 🚨 TRADE POTENTIAL: SUIUSDTM | Rec: ALLOW_TRADE
2026-02-03 08:22:27,119 | SentinelBot | INFO |    Reason: Strong setup (0.76) with confidence (0.68). Regime: TREND_BEAR. Trend score: -0.30, bias: SHORT
2026-02-03 08:22:27,119 | SentinelBot | INFO |    Stats: Qual=0.76 | Conf=0.68 | Dir=SHORT
2026-02-03 08:22:27,119 | SentinelBot | INFO | 🚫 ENTRY_BLOCKED | BAD_RR | SUIUSDTM R:R = 1:2.00 < 1:2
2026-02-03 08:22:27,120 | SentinelBot | INFO | 🔍 Scanning PEPEUSDTM...
2026-02-03 08:22:28,254 | SentinelBot | INFO | ✅ HTF CONFIRMED: H1 Trend aligns with SHORT
2026-02-03 08:22:28,254 | SentinelBot | INFO | 🚨 TRADE POTENTIAL: PEPEUSDTM | Rec: MICRO_TRADE
2026-02-03 08:22:28,256 | SentinelBot | INFO |    Reason: Good setup (0.83) but low confidence (0.50). Regime: RANGE. Trend score: -0.10, bias: SHORT
2026-02-03 08:22:28,256 | SentinelBot | INFO |    Stats: Qual=0.83 | Conf=0.50 | Dir=SHORT
2026-02-03 08:22:28,257 | SentinelBot | INFO | 🚫 ENTRY_BLOCKED | BAD_RR | PEPEUSDTM R:R = 1:0.00 < 1:2
2026-02-03 08:22:28,257 | SentinelBot | INFO | 🔍 Scanning NEARUSDTM...
2026-02-03 08:22:29,229 | SentinelBot | INFO | ✅ HTF CONFIRMED: H1 Trend aligns with SHORT
2026-02-03 08:22:29,229 | SentinelBot | INFO | 🚨 TRADE POTENTIAL: NEARUSDTM | Rec: ALLOW_TRADE
2026-02-03 08:22:29,230 | SentinelBot | INFO |    Reason: Strong setup (1.00) with confidence (0.60). Regime: RANGE. Trend score: -0.15, bias: SHORT
2026-02-03 08:22:29,230 | SentinelBot | INFO |    Stats: Qual=1.00 | Conf=0.60 | Dir=SHORT
2026-02-03 08:22:29,230 | SentinelBot | INFO | 🚫 ENTRY_BLOCKED | BAD_RR | NEARUSDTM R:R = 1:0.00 < 1:2
2026-02-03 08:22:29,231 | SentinelBot | INFO | 🔍 Scanning RNDRUSDTM...
2026-02-03 08:22:30,222 | SentinelBot | INFO | ✅ HTF CONFIRMED: H1 Trend aligns with SHORT
2026-02-03 08:22:30,222 | SentinelBot | INFO | 🚨 TRADE POTENTIAL: RNDRUSDTM | Rec: MICRO_TRADE
2026-02-03 08:22:30,224 | SentinelBot | INFO |    Reason: Good setup (0.87) but low confidence (0.52). Regime: RANGE. Trend score: -0.10, bias: SHORT
2026-02-03 08:22:30,224 | SentinelBot | INFO |    Stats: Qual=0.87 | Conf=0.52 | Dir=SHORT
2026-02-03 08:22:30,224 | SentinelBot | INFO | 🚫 ENTRY_BLOCKED | BAD_RR | RNDRUSDTM R:R = 1:0.00 < 1:2
2026-02-03 08:22:30,225 | SentinelBot | INFO | 🔍 Scanning INJUSDTM...
2026-02-03 08:22:31,327 | SentinelBot | INFO | ✅ HTF CONFIRMED: H1 Trend aligns with SHORT
2026-02-03 08:22:31,328 | SentinelBot | INFO | 🚨 TRADE POTENTIAL: INJUSDTM | Rec: MICRO_TRADE
2026-02-03 08:22:31,328 | SentinelBot | INFO |    Reason: Good setup (0.94) but low confidence (0.57). Regime: RANGE. Trend score: -0.20, bias: SHORT
2026-02-03 08:22:31,329 | SentinelBot | INFO |    Stats: Qual=0.94 | Conf=0.57 | Dir=SHORT
2026-02-03 08:22:31,329 | SentinelBot | INFO | 🚫 ENTRY_BLOCKED | BAD_RR | INJUSDTM R:R = 1:2.00 < 1:2
2026-02-03 08:22:31,329 | SentinelBot | INFO | 🔍 Scanning TIAUSDTM...
2026-02-03 08:22:32,488 | SentinelBot | INFO | ⚠️ HTF MISMATCH: TIAUSDTM Short vs Bull Trend. ALLOWED due to High Confidence (0.85)
2026-02-03 08:22:32,488 | SentinelBot | INFO | ✅ HTF CONFIRMED: H1 Trend aligns with SHORT
2026-02-03 08:22:32,488 | SentinelBot | INFO | 🚨 TRADE POTENTIAL: TIAUSDTM | Rec: ALLOW_TRADE
2026-02-03 08:22:32,488 | SentinelBot | INFO |    Reason: Strong setup (1.00) with confidence (0.85). Regime: MOMENTUM. Trend score: -0.45, bias: SHORT
2026-02-03 08:22:32,488 | SentinelBot | INFO |    Stats: Qual=1.00 | Conf=0.85 | Dir=SHORT
2026-02-03 08:22:32,488 | SentinelBot | INFO | 🚫 ENTRY_BLOCKED | BAD_RR | TIAUSDTM R:R = 1:2.00 < 1:2
2026-02-03 08:22:32,488 | SentinelBot | INFO | 🔍 Scanning IMXUSDTM...
2026-02-03 08:22:33,492 | SentinelBot | INFO | ✅ HTF CONFIRMED: H1 Trend aligns with SHORT
2026-02-03 08:22:33,492 | SentinelBot | INFO | 🚨 TRADE POTENTIAL: IMXUSDTM | Rec: ALLOW_TRADE
2026-02-03 08:22:33,492 | SentinelBot | INFO |    Reason: Strong setup (1.00) with confidence (0.94). Regime: MOMENTUM. Trend score: -0.55, bias: SHORT
2026-02-03 08:22:33,493 | SentinelBot | INFO |    Stats: Qual=1.00 | Conf=0.94 | Dir=SHORT
2026-02-03 08:22:33,493 | SentinelBot | INFO | 🚫 ENTRY_BLOCKED | BAD_RR | IMXUSDTM R:R = 1:0.00 < 1:2
2026-02-03 08:22:33,495 | SentinelBot | INFO | 🔍 Scanning LDOUSDTM...
2026-02-03 08:22:35,577 | SentinelBot | INFO | ✅ HTF CONFIRMED: H1 Trend aligns with SHORT
2026-02-03 08:22:35,578 | SentinelBot | INFO | 🚨 TRADE POTENTIAL: LDOUSDTM | Rec: MICRO_TRADE
2026-02-03 08:22:35,578 | SentinelBot | INFO |    Reason: Good setup (0.70) but low confidence (0.42). Regime: RANGE. Trend score: -0.30, bias: SHORT
2026-02-03 08:22:35,578 | SentinelBot | INFO |    Stats: Qual=0.70 | Conf=0.42 | Dir=SHORT
2026-02-03 08:22:35,579 | SentinelBot | INFO | 🚫 ENTRY_BLOCKED | BAD_RR | LDOUSDTM R:R = 1:2.00 < 1:2
2026-02-03 08:22:55,799 | SentinelBot | INFO | 💓 Loop alive | Cycle 430 | Watching 30 symbols
2026-02-03 08:23:01,027 | SentinelBot | INFO | 🔍 Scanning XBTUSDTM...
2026-02-03 08:23:02,150 | SentinelBot | INFO | 🛑 HTF MISMATCH: XBTUSDTM Signal SHORT vs Bull Trend. Blocked (Conf 0.56 < 0.75)
2026-02-03 08:23:02,150 | SentinelBot | INFO | 🔍 Scanning ETHUSDTM...
2026-02-03 08:23:02,994 | SentinelBot | INFO |    📊 ETHUSDTM: Rec=NO_TRADE (Qual=0.51)
2026-02-03 08:23:02,995 | SentinelBot | INFO | 🔍 Scanning SOLUSDTM...
2026-02-03 08:23:03,982 | SentinelBot | INFO | ✅ HTF CONFIRMED: H1 Trend aligns with SHORT
2026-02-03 08:23:03,982 | SentinelBot | INFO | 🚨 TRADE POTENTIAL: SOLUSDTM | Rec: MICRO_TRADE
2026-02-03 08:23:03,983 | SentinelBot | INFO |    Reason: Good setup (0.65) but low confidence (0.39). Regime: RANGE. Trend score: -0.10, bias: SHORT
2026-02-03 08:23:03,983 | SentinelBot | INFO |    Stats: Qual=0.65 | Conf=0.39 | Dir=SHORT
2026-02-03 08:23:03,984 | SentinelBot | INFO | ⏳ BIAS_DETECTED | SOLUSDTM SHORT | Waiting for Zone [104.030289 - 104.092630]
2026-02-03 08:23:03,985 | SentinelBot | INFO | 🔍 Scanning BNBUSDTM...
2026-02-03 08:23:05,024 | SentinelBot | INFO | ✅ HTF CONFIRMED: H1 Trend aligns with SHORT
2026-02-03 08:23:05,024 | SentinelBot | INFO | 🚨 TRADE POTENTIAL: BNBUSDTM | Rec: MICRO_TRADE
2026-02-03 08:23:05,025 | SentinelBot | INFO |    Reason: Good setup (0.61) but low confidence (0.37). Regime: RANGE. Trend score: -0.10, bias: SHORT
2026-02-03 08:23:05,025 | SentinelBot | INFO |    Stats: Qual=0.61 | Conf=0.37 | Dir=SHORT
2026-02-03 08:23:05,026 | SentinelBot | INFO | 🚫 ENTRY_BLOCKED | BAD_RR | BNBUSDTM R:R = 1:2.00 < 1:2
2026-02-03 08:23:05,026 | SentinelBot | INFO | 🔍 Scanning XRPUSDTM...
2026-02-03 08:23:06,045 | SentinelBot | INFO | ✅ HTF CONFIRMED: H1 Trend aligns with SHORT
2026-02-03 08:23:06,046 | SentinelBot | INFO | 🚨 TRADE POTENTIAL: XRPUSDTM | Rec: MICRO_TRADE
2026-02-03 08:23:06,046 | SentinelBot | INFO |    Reason: Good setup (0.65) but low confidence (0.39). Regime: RANGE. Trend score: -0.20, bias: SHORT
2026-02-03 08:23:06,048 | SentinelBot | INFO |    Stats: Qual=0.66 | Conf=0.39 | Dir=SHORT
2026-02-03 08:23:06,048 | SentinelBot | INFO | 🚫 ENTRY_BLOCKED | BAD_RR | XRPUSDTM R:R = 1:2.00 < 1:2
2026-02-03 08:23:06,049 | SentinelBot | INFO | 🔍 Scanning ADAUSDTM...
2026-02-03 08:23:07,010 | SentinelBot | INFO | 🛑 HTF MISMATCH: ADAUSDTM Signal SHORT vs Bull Trend. Blocked (Conf 0.52 < 0.75)
2026-02-03 08:23:07,011 | SentinelBot | INFO | 🔍 Scanning DOGEUSDTM...
2026-02-03 08:23:07,980 | SentinelBot | INFO | 🛑 HTF MISMATCH: DOGEUSDTM Signal SHORT vs Bull Trend. Blocked (Conf 0.43 < 0.75)
2026-02-03 08:23:07,981 | SentinelBot | INFO | 🔍 Scanning AVAXUSDTM...
2026-02-03 08:23:09,000 | SentinelBot | INFO | ✅ HTF CONFIRMED: H1 Trend aligns with SHORT
2026-02-03 08:23:09,000 | SentinelBot | INFO | 🚨 TRADE POTENTIAL: AVAXUSDTM | Rec: MICRO_TRADE
2026-02-03 08:23:09,001 | SentinelBot | INFO |    Reason: Good setup (0.96) but low confidence (0.58). Regime: RANGE. Trend score: -0.15, bias: SHORT
2026-02-03 08:23:09,001 | SentinelBot | INFO |    Stats: Qual=0.96 | Conf=0.58 | Dir=SHORT
2026-02-03 08:23:09,001 | SentinelBot | INFO | ⏳ BIAS_DETECTED | AVAXUSDTM SHORT | Waiting for Zone [10.110486 - 10.118323]
2026-02-03 08:23:09,003 | SentinelBot | INFO | 🔍 Scanning LINKUSDTM...
2026-02-03 08:23:09,926 | SentinelBot | INFO |    📊 LINKUSDTM: Rec=NO_TRADE (Qual=0.58)
2026-02-03 08:23:09,926 | SentinelBot | INFO | 🔍 Scanning DOTUSDTM...
2026-02-03 08:23:11,928 | SentinelBot | INFO | ✅ HTF CONFIRMED: H1 Trend aligns with SHORT
2026-02-03 08:23:11,928 | SentinelBot | INFO | 🚨 TRADE POTENTIAL: DOTUSDTM | Rec: ALLOW_TRADE
2026-02-03 08:23:11,928 | SentinelBot | INFO |    Reason: Strong setup (1.00) with confidence (0.60). Regime: RANGE. Trend score: -0.15, bias: SHORT
2026-02-03 08:23:11,929 | SentinelBot | INFO |    Stats: Qual=1.00 | Conf=0.60 | Dir=SHORT
2026-02-03 08:23:11,929 | SentinelBot | INFO | 🚫 ENTRY_BLOCKED | BAD_RR | DOTUSDTM R:R = 1:0.00 < 1:2
2026-02-03 08:23:11,929 | SentinelBot | INFO | 🔍 Scanning TRXUSDTM...
2026-02-03 08:23:12,391 | SentinelBot | INFO | 🚫 ENTRY_BLOCKED | NO_TRADE_ZONE | TRXUSDTM price=0.2835 inside range [0.2832 - 0.2836]
2026-02-03 08:23:12,391 | SentinelBot | INFO | 🔍 Scanning LTCUSDTM...
2026-02-03 08:23:13,462 | SentinelBot | INFO | ✅ HTF CONFIRMED: H1 Trend aligns with SHORT
2026-02-03 08:23:13,464 | SentinelBot | INFO | 🚨 TRADE POTENTIAL: LTCUSDTM | Rec: MICRO_TRADE
2026-02-03 08:23:13,464 | SentinelBot | INFO |    Reason: Good setup (0.73) but low confidence (0.44). Regime: RANGE. Trend score: 0.00, bias: SHORT
2026-02-03 08:23:13,465 | SentinelBot | INFO |    Stats: Qual=0.73 | Conf=0.44 | Dir=SHORT
2026-02-03 08:23:13,465 | SentinelBot | INFO | 🚫 ENTRY_BLOCKED | BAD_RR | LTCUSDTM R:R = 1:2.00 < 1:2
2026-02-03 08:23:13,466 | SentinelBot | INFO | 🔍 Scanning MATICUSDTM...
2026-02-03 08:23:14,529 | SentinelBot | INFO | 🛑 HTF MISMATCH: MATICUSDTM Signal LONG vs Bear Trend. Blocked (Conf 0.39 < 0.80)
2026-02-03 08:23:14,531 | SentinelBot | INFO | 🔍 Scanning SHIBUSDTM...
2026-02-03 08:23:15,341 | SentinelBot | INFO |    📊 SHIBUSDTM: Rec=NO_TRADE (Qual=0.31)
2026-02-03 08:23:15,341 | SentinelBot | INFO | 🔍 Scanning UNIUSDTM...
2026-02-03 08:23:17,865 | SentinelBot | INFO | ✅ HTF CONFIRMED: H1 Trend aligns with SHORT
2026-02-03 08:23:17,865 | SentinelBot | INFO | 🚨 TRADE POTENTIAL: UNIUSDTM | Rec: ALLOW_TRADE
2026-02-03 08:23:17,865 | SentinelBot | INFO |    Reason: Strong setup (1.00) with confidence (0.60). Regime: RANGE. Trend score: -0.10, bias: SHORT
2026-02-03 08:23:17,867 | SentinelBot | INFO |    Stats: Qual=1.00 | Conf=0.60 | Dir=SHORT
2026-02-03 08:23:17,867 | SentinelBot | INFO | ⏳ BIAS_DETECTED | UNIUSDTM SHORT | Waiting for Zone [3.906461 - 3.912110]
2026-02-03 08:23:17,868 | SentinelBot | INFO | 🔍 Scanning ATOMUSDTM...
2026-02-03 08:23:20,273 | SentinelBot | INFO | ✅ HTF CONFIRMED: H1 Trend aligns with SHORT
2026-02-03 08:23:20,273 | SentinelBot | INFO | 🚨 TRADE POTENTIAL: ATOMUSDTM | Rec: ALLOW_TRADE
2026-02-03 08:23:20,273 | SentinelBot | INFO |    Reason: Strong setup (1.00) with confidence (0.90). Regime: TREND_BEAR. Trend score: -0.40, bias: SHORT
2026-02-03 08:23:20,275 | SentinelBot | INFO |    Stats: Qual=1.00 | Conf=0.90 | Dir=SHORT
2026-02-03 08:23:20,275 | SentinelBot | INFO | 🚫 ENTRY_BLOCKED | BAD_RR | ATOMUSDTM R:R = 1:0.00 < 1:2
2026-02-03 08:23:20,275 | SentinelBot | INFO | 🔍 Scanning XLMUSDTM...
2026-02-03 08:23:21,359 | SentinelBot | INFO | ✅ HTF CONFIRMED: H1 Trend aligns with SHORT
2026-02-03 08:23:21,360 | SentinelBot | INFO | 🚨 TRADE POTENTIAL: XLMUSDTM | Rec: ALLOW_TRADE
2026-02-03 08:23:21,360 | SentinelBot | INFO |    Reason: Strong setup (1.00) with confidence (0.94). Regime: MOMENTUM. Trend score: -0.60, bias: SHORT
2026-02-03 08:23:21,361 | SentinelBot | INFO |    Stats: Qual=1.00 | Conf=0.94 | Dir=SHORT
2026-02-03 08:23:21,361 | SentinelBot | INFO | 🚫 ENTRY_BLOCKED | BAD_RR | XLMUSDTM R:R = 1:0.00 < 1:2
2026-02-03 08:23:21,362 | SentinelBot | INFO | 🔍 Scanning ETCUSDTM...
2026-02-03 08:23:22,360 | SentinelBot | INFO | ✅ HTF CONFIRMED: H1 Trend aligns with SHORT
2026-02-03 08:23:22,360 | SentinelBot | INFO | 🚨 TRADE POTENTIAL: ETCUSDTM | Rec: ALLOW_TRADE
2026-02-03 08:23:22,361 | SentinelBot | INFO |    Reason: Strong setup (1.00) with confidence (0.90). Regime: TREND_BEAR. Trend score: -0.35, bias: SHORT
2026-02-03 08:23:22,361 | SentinelBot | INFO |    Stats: Qual=1.00 | Conf=0.90 | Dir=SHORT
2026-02-03 08:23:22,361 | SentinelBot | INFO | 🚫 ENTRY_BLOCKED | BAD_RR | ETCUSDTM R:R = 1:2.00 < 1:2
2026-02-03 08:23:22,363 | SentinelBot | INFO | 🔍 Scanning FILUSDTM...
2026-02-03 08:23:24,516 | SentinelBot | INFO | ⚠️ HTF MISMATCH: FILUSDTM Short vs Bull Trend. ALLOWED due to High Confidence (0.90)
2026-02-03 08:23:24,517 | SentinelBot | INFO | ✅ HTF CONFIRMED: H1 Trend aligns with SHORT
2026-02-03 08:23:24,517 | SentinelBot | INFO | 🚨 TRADE POTENTIAL: FILUSDTM | Rec: ALLOW_TRADE
2026-02-03 08:23:24,518 | SentinelBot | INFO |    Reason: Strong setup (1.00) with confidence (0.90). Regime: TREND_BEAR. Trend score: -0.35, bias: SHORT
2026-02-03 08:23:24,518 | SentinelBot | INFO |    Stats: Qual=1.00 | Conf=0.90 | Dir=SHORT
2026-02-03 08:23:24,519 | SentinelBot | INFO | ⏳ BIAS_DETECTED | FILUSDTM SHORT | Waiting for Zone [1.078001 - 1.078123]
2026-02-03 08:23:24,519 | SentinelBot | INFO | 🔍 Scanning APTUSDTM...
2026-02-03 08:23:26,973 | SentinelBot | INFO | ✅ HTF CONFIRMED: H1 Trend aligns with SHORT
2026-02-03 08:23:26,973 | SentinelBot | INFO | 🚨 TRADE POTENTIAL: APTUSDTM | Rec: ALLOW_TRADE
2026-02-03 08:23:26,973 | SentinelBot | INFO |    Reason: Strong setup (1.00) with confidence (0.90). Regime: TREND_BEAR. Trend score: -0.40, bias: SHORT
2026-02-03 08:23:26,973 | SentinelBot | INFO |    Stats: Qual=1.00 | Conf=0.90 | Dir=SHORT
2026-02-03 08:23:26,976 | SentinelBot | INFO | 🚫 ENTRY_BLOCKED | BAD_RR | APTUSDTM R:R = 1:0.00 < 1:2
2026-02-03 08:23:26,977 | SentinelBot | INFO | 🔍 Scanning ARBUSDTM...
2026-02-03 08:23:27,999 | SentinelBot | INFO | ✅ HTF CONFIRMED: H1 Trend aligns with SHORT
2026-02-03 08:23:27,999 | SentinelBot | INFO | 🚨 TRADE POTENTIAL: ARBUSDTM | Rec: MICRO_TRADE
2026-02-03 08:23:27,999 | SentinelBot | INFO |    Reason: Good setup (0.70) but low confidence (0.42). Regime: RANGE. Trend score: -0.20, bias: SHORT
2026-02-03 08:23:27,999 | SentinelBot | INFO |    Stats: Qual=0.70 | Conf=0.42 | Dir=SHORT
2026-02-03 08:23:28,002 | SentinelBot | INFO | ⏳ BIAS_DETECTED | ARBUSDTM SHORT | Waiting for Zone [0.136664 - 0.136884]
2026-02-03 08:23:28,003 | SentinelBot | INFO | 🔍 Scanning OPUSDTM...
2026-02-03 08:23:29,031 | SentinelBot | INFO | ✅ HTF CONFIRMED: H1 Trend aligns with SHORT
2026-02-03 08:23:29,031 | SentinelBot | INFO | 🚨 TRADE POTENTIAL: OPUSDTM | Rec: MICRO_TRADE
2026-02-03 08:23:29,031 | SentinelBot | INFO |    Reason: Good setup (0.91) but low confidence (0.55). Regime: RANGE. Trend score: -0.25, bias: SHORT
2026-02-03 08:23:29,031 | SentinelBot | INFO |    Stats: Qual=0.91 | Conf=0.55 | Dir=SHORT
2026-02-03 08:23:29,031 | SentinelBot | INFO | ⏳ BIAS_DETECTED | OPUSDTM SHORT | Waiting for Zone [0.229117 - 0.229508]
2026-02-03 08:23:29,036 | SentinelBot | INFO | 🔍 Scanning SUIUSDTM...
2026-02-03 08:23:30,073 | SentinelBot | INFO | ✅ HTF CONFIRMED: H1 Trend aligns with SHORT
2026-02-03 08:23:30,073 | SentinelBot | INFO | 🚨 TRADE POTENTIAL: SUIUSDTM | Rec: ALLOW_TRADE
2026-02-03 08:23:30,073 | SentinelBot | INFO |    Reason: Strong setup (0.76) with confidence (0.68). Regime: TREND_BEAR. Trend score: -0.30, bias: SHORT
2026-02-03 08:23:30,073 | SentinelBot | INFO |    Stats: Qual=0.76 | Conf=0.68 | Dir=SHORT
2026-02-03 08:23:30,073 | SentinelBot | INFO | 🚫 ENTRY_BLOCKED | BAD_RR | SUIUSDTM R:R = 1:2.00 < 1:2
2026-02-03 08:23:30,073 | SentinelBot | INFO | 🔍 Scanning PEPEUSDTM...
2026-02-03 08:23:31,091 | SentinelBot | INFO | ✅ HTF CONFIRMED: H1 Trend aligns with SHORT
2026-02-03 08:23:31,091 | SentinelBot | INFO | 🚨 TRADE POTENTIAL: PEPEUSDTM | Rec: MICRO_TRADE
2026-02-03 08:23:31,091 | SentinelBot | INFO |    Reason: Good setup (0.83) but low confidence (0.50). Regime: RANGE. Trend score: -0.10, bias: SHORT
2026-02-03 08:23:31,092 | SentinelBot | INFO |    Stats: Qual=0.83 | Conf=0.50 | Dir=SHORT
2026-02-03 08:23:31,092 | SentinelBot | INFO | 🚫 ENTRY_BLOCKED | BAD_RR | PEPEUSDTM R:R = 1:0.00 < 1:2
2026-02-03 08:23:31,092 | SentinelBot | INFO | 🔍 Scanning NEARUSDTM...
2026-02-03 08:23:32,081 | SentinelBot | INFO | ✅ HTF CONFIRMED: H1 Trend aligns with SHORT
2026-02-03 08:23:32,081 | SentinelBot | INFO | 🚨 TRADE POTENTIAL: NEARUSDTM | Rec: ALLOW_TRADE
2026-02-03 08:23:32,083 | SentinelBot | INFO |    Reason: Strong setup (1.00) with confidence (0.60). Regime: RANGE. Trend score: -0.15, bias: SHORT
2026-02-03 08:23:32,083 | SentinelBot | INFO |    Stats: Qual=1.00 | Conf=0.60 | Dir=SHORT
2026-02-03 08:23:32,083 | SentinelBot | INFO | 🚫 ENTRY_BLOCKED | BAD_RR | NEARUSDTM R:R = 1:0.00 < 1:2
2026-02-03 08:23:32,083 | SentinelBot | INFO | 🔍 Scanning RNDRUSDTM...
2026-02-03 08:23:33,072 | SentinelBot | INFO | ✅ HTF CONFIRMED: H1 Trend aligns with SHORT
2026-02-03 08:23:33,074 | SentinelBot | INFO | 🚨 TRADE POTENTIAL: RNDRUSDTM | Rec: MICRO_TRADE
2026-02-03 08:23:33,074 | SentinelBot | INFO |    Reason: Good setup (0.87) but low confidence (0.52). Regime: RANGE. Trend score: -0.10, bias: SHORT
2026-02-03 08:23:33,074 | SentinelBot | INFO |    Stats: Qual=0.87 | Conf=0.52 | Dir=SHORT
2026-02-03 08:23:33,075 | SentinelBot | INFO | 🚫 ENTRY_BLOCKED | BAD_RR | RNDRUSDTM R:R = 1:0.00 < 1:2
2026-02-03 08:23:33,075 | SentinelBot | INFO | 🔍 Scanning INJUSDTM...
2026-02-03 08:23:34,127 | SentinelBot | INFO | ✅ HTF CONFIRMED: H1 Trend aligns with SHORT
2026-02-03 08:23:34,127 | SentinelBot | INFO | 🚨 TRADE POTENTIAL: INJUSDTM | Rec: MICRO_TRADE
2026-02-03 08:23:34,127 | SentinelBot | INFO |    Reason: Good setup (0.94) but low confidence (0.57). Regime: RANGE. Trend score: -0.20, bias: SHORT
2026-02-03 08:23:34,130 | SentinelBot | INFO |    Stats: Qual=0.94 | Conf=0.57 | Dir=SHORT
2026-02-03 08:23:34,130 | SentinelBot | INFO | 🚫 ENTRY_BLOCKED | BAD_RR | INJUSDTM R:R = 1:2.00 < 1:2
2026-02-03 08:23:34,131 | SentinelBot | INFO | 🔍 Scanning TIAUSDTM...
2026-02-03 08:23:35,156 | SentinelBot | INFO | ⚠️ HTF MISMATCH: TIAUSDTM Short vs Bull Trend. ALLOWED due to High Confidence (0.85)
2026-02-03 08:23:35,159 | SentinelBot | INFO | ✅ HTF CONFIRMED: H1 Trend aligns with SHORT
2026-02-03 08:23:35,159 | SentinelBot | INFO | 🚨 TRADE POTENTIAL: TIAUSDTM | Rec: ALLOW_TRADE
2026-02-03 08:23:35,159 | SentinelBot | INFO |    Reason: Strong setup (1.00) with confidence (0.85). Regime: MOMENTUM. Trend score: -0.45, bias: SHORT
2026-02-03 08:23:35,159 | SentinelBot | INFO |    Stats: Qual=1.00 | Conf=0.85 | Dir=SHORT
2026-02-03 08:23:35,160 | SentinelBot | INFO | 🚫 ENTRY_BLOCKED | BAD_RR | TIAUSDTM R:R = 1:2.00 < 1:2
2026-02-03 08:23:35,161 | SentinelBot | INFO | 🔍 Scanning IMXUSDTM...
2026-02-03 08:23:36,184 | SentinelBot | INFO | ✅ HTF CONFIRMED: H1 Trend aligns with SHORT
2026-02-03 08:23:36,184 | SentinelBot | INFO | 🚨 TRADE POTENTIAL: IMXUSDTM | Rec: ALLOW_TRADE
2026-02-03 08:23:36,184 | SentinelBot | INFO |    Reason: Strong setup (1.00) with confidence (0.94). Regime: MOMENTUM. Trend score: -0.55, bias: SHORT
2026-02-03 08:23:36,184 | SentinelBot | INFO |    Stats: Qual=1.00 | Conf=0.94 | Dir=SHORT
2026-02-03 08:23:36,184 | SentinelBot | INFO | 🚫 ENTRY_BLOCKED | BAD_RR | IMXUSDTM R:R = 1:0.00 < 1:2
2026-02-03 08:23:36,184 | SentinelBot | INFO | 🔍 Scanning LDOUSDTM...
2026-02-03 08:23:37,427 | SentinelBot | INFO | ✅ HTF CONFIRMED: H1 Trend aligns with SHORT
2026-02-03 08:23:37,427 | SentinelBot | INFO | 🚨 TRADE POTENTIAL: LDOUSDTM | Rec: MICRO_TRADE
2026-02-03 08:23:37,430 | SentinelBot | INFO |    Reason: Good setup (0.70) but low confidence (0.42). Regime: RANGE. Trend score: -0.30, bias: SHORT
2026-02-03 08:23:37,430 | SentinelBot | INFO |    Stats: Qual=0.70 | Conf=0.42 | Dir=SHORT
2026-02-03 08:23:37,430 | SentinelBot | INFO | 🚫 ENTRY_BLOCKED | BAD_RR | LDOUSDTM R:R = 1:2.00 < 1:2
2026-02-03 08:23:49,867 | SentinelBot | INFO | 💓 Loop alive | Cycle 440 | Watching 30 symbols
2026-02-03 08:24:02,450 | SentinelBot | INFO | 🔍 Scanning XBTUSDTM...
2026-02-03 08:24:03,464 | SentinelBot | INFO | 🛑 HTF MISMATCH: XBTUSDTM Signal SHORT vs Bull Trend. Blocked (Conf 0.56 < 0.75)
2026-02-03 08:24:03,465 | SentinelBot | INFO | 🔍 Scanning ETHUSDTM...
2026-02-03 08:24:04,271 | SentinelBot | INFO |    📊 ETHUSDTM: Rec=NO_TRADE (Qual=0.51)
2026-02-03 08:24:04,271 | SentinelBot | INFO | 🔍 Scanning SOLUSDTM...
2026-02-03 08:24:05,319 | SentinelBot | INFO | ✅ HTF CONFIRMED: H1 Trend aligns with SHORT
2026-02-03 08:24:05,320 | SentinelBot | INFO | 🚨 TRADE POTENTIAL: SOLUSDTM | Rec: MICRO_TRADE
2026-02-03 08:24:05,320 | SentinelBot | INFO |    Reason: Good setup (0.65) but low confidence (0.39). Regime: RANGE. Trend score: -0.10, bias: SHORT
2026-02-03 08:24:05,320 | SentinelBot | INFO |    Stats: Qual=0.65 | Conf=0.39 | Dir=SHORT
2026-02-03 08:24:05,321 | SentinelBot | INFO | ⏳ BIAS_DETECTED | SOLUSDTM SHORT | Waiting for Zone [104.030289 - 104.092630]
2026-02-03 08:24:05,321 | SentinelBot | INFO | 🔍 Scanning BNBUSDTM...
2026-02-03 08:24:06,386 | SentinelBot | INFO | ✅ HTF CONFIRMED: H1 Trend aligns with SHORT
2026-02-03 08:24:06,386 | SentinelBot | INFO | 🚨 TRADE POTENTIAL: BNBUSDTM | Rec: MICRO_TRADE
2026-02-03 08:24:06,386 | SentinelBot | INFO |    Reason: Good setup (0.61) but low confidence (0.37). Regime: RANGE. Trend score: -0.10, bias: SHORT
2026-02-03 08:24:06,386 | SentinelBot | INFO |    Stats: Qual=0.61 | Conf=0.37 | Dir=SHORT
2026-02-03 08:24:06,386 | SentinelBot | INFO | 🚫 ENTRY_BLOCKED | BAD_RR | BNBUSDTM R:R = 1:2.00 < 1:2
2026-02-03 08:24:06,386 | SentinelBot | INFO | 🔍 Scanning XRPUSDTM...
2026-02-03 08:24:07,456 | SentinelBot | INFO | ✅ HTF CONFIRMED: H1 Trend aligns with SHORT
2026-02-03 08:24:07,456 | SentinelBot | INFO | 🚨 TRADE POTENTIAL: XRPUSDTM | Rec: MICRO_TRADE
2026-02-03 08:24:07,458 | SentinelBot | INFO |    Reason: Good setup (0.65) but low confidence (0.39). Regime: RANGE. Trend score: -0.20, bias: SHORT
2026-02-03 08:24:07,458 | SentinelBot | INFO |    Stats: Qual=0.66 | Conf=0.39 | Dir=SHORT
2026-02-03 08:24:07,459 | SentinelBot | INFO | 🚫 ENTRY_BLOCKED | BAD_RR | XRPUSDTM R:R = 1:2.00 < 1:2
2026-02-03 08:24:07,459 | SentinelBot | INFO | 🔍 Scanning ADAUSDTM...
2026-02-03 08:24:08,599 | SentinelBot | INFO | 🛑 HTF MISMATCH: ADAUSDTM Signal SHORT vs Bull Trend. Blocked (Conf 0.52 < 0.75)
2026-02-03 08:24:08,601 | SentinelBot | INFO | 🔍 Scanning DOGEUSDTM...
2026-02-03 08:24:09,672 | SentinelBot | INFO | 🛑 HTF MISMATCH: DOGEUSDTM Signal SHORT vs Bull Trend. Blocked (Conf 0.43 < 0.75)
2026-02-03 08:24:09,672 | SentinelBot | INFO | 🔍 Scanning AVAXUSDTM...
2026-02-03 08:24:10,721 | SentinelBot | INFO | ✅ HTF CONFIRMED: H1 Trend aligns with SHORT
2026-02-03 08:24:10,722 | SentinelBot | INFO | 🚨 TRADE POTENTIAL: AVAXUSDTM | Rec: MICRO_TRADE
2026-02-03 08:24:10,722 | SentinelBot | INFO |    Reason: Good setup (0.96) but low confidence (0.58). Regime: RANGE. Trend score: -0.15, bias: SHORT
2026-02-03 08:24:10,722 | SentinelBot | INFO |    Stats: Qual=0.96 | Conf=0.58 | Dir=SHORT
2026-02-03 08:24:10,724 | SentinelBot | INFO | ⏳ BIAS_DETECTED | AVAXUSDTM SHORT | Waiting for Zone [10.110486 - 10.118323]
2026-02-03 08:24:10,724 | SentinelBot | INFO | 🔍 Scanning LINKUSDTM...
2026-02-03 08:24:12,093 | SentinelBot | INFO |    📊 LINKUSDTM: Rec=NO_TRADE (Qual=0.58)
2026-02-03 08:24:12,093 | SentinelBot | INFO | 🔍 Scanning DOTUSDTM...
2026-02-03 08:24:13,028 | SentinelBot | INFO | ✅ HTF CONFIRMED: H1 Trend aligns with SHORT
2026-02-03 08:24:13,029 | SentinelBot | INFO | 🚨 TRADE POTENTIAL: DOTUSDTM | Rec: ALLOW_TRADE
2026-02-03 08:24:13,029 | SentinelBot | INFO |    Reason: Strong setup (1.00) with confidence (0.60). Regime: RANGE. Trend score: -0.15, bias: SHORT
2026-02-03 08:24:13,029 | SentinelBot | INFO |    Stats: Qual=1.00 | Conf=0.60 | Dir=SHORT
2026-02-03 08:24:13,030 | SentinelBot | INFO | 🚫 ENTRY_BLOCKED | BAD_RR | DOTUSDTM R:R = 1:0.00 < 1:2
2026-02-03 08:24:13,030 | SentinelBot | INFO | 🔍 Scanning TRXUSDTM...
2026-02-03 08:24:13,513 | SentinelBot | INFO | 🚫 ENTRY_BLOCKED | NO_TRADE_ZONE | TRXUSDTM price=0.2835 inside range [0.2832 - 0.2836]
2026-02-03 08:24:13,514 | SentinelBot | INFO | 🔍 Scanning LTCUSDTM...
2026-02-03 08:24:14,549 | SentinelBot | INFO | ✅ HTF CONFIRMED: H1 Trend aligns with SHORT
2026-02-03 08:24:14,549 | SentinelBot | INFO | 🚨 TRADE POTENTIAL: LTCUSDTM | Rec: MICRO_TRADE
2026-02-03 08:24:14,550 | SentinelBot | INFO |    Reason: Good setup (0.73) but low confidence (0.44). Regime: RANGE. Trend score: 0.00, bias: SHORT
2026-02-03 08:24:14,550 | SentinelBot | INFO |    Stats: Qual=0.73 | Conf=0.44 | Dir=SHORT
2026-02-03 08:24:14,551 | SentinelBot | INFO | 🚫 ENTRY_BLOCKED | BAD_RR | LTCUSDTM R:R = 1:2.00 < 1:2
2026-02-03 08:24:14,551 | SentinelBot | INFO | 🔍 Scanning MATICUSDTM...
2026-02-03 08:24:15,478 | SentinelBot | INFO | 🛑 HTF MISMATCH: MATICUSDTM Signal LONG vs Bear Trend. Blocked (Conf 0.39 < 0.80)
2026-02-03 08:24:15,479 | SentinelBot | INFO | 🔍 Scanning SHIBUSDTM...
2026-02-03 08:24:16,339 | SentinelBot | INFO |    📊 SHIBUSDTM: Rec=NO_TRADE (Qual=0.31)
2026-02-03 08:24:16,339 | SentinelBot | INFO | 🔍 Scanning UNIUSDTM...
2026-02-03 08:24:17,362 | SentinelBot | INFO | ✅ HTF CONFIRMED: H1 Trend aligns with SHORT
2026-02-03 08:24:17,362 | SentinelBot | INFO | 🚨 TRADE POTENTIAL: UNIUSDTM | Rec: ALLOW_TRADE
2026-02-03 08:24:17,362 | SentinelBot | INFO |    Reason: Strong setup (1.00) with confidence (0.60). Regime: RANGE. Trend score: -0.10, bias: SHORT
2026-02-03 08:24:17,362 | SentinelBot | INFO |    Stats: Qual=1.00 | Conf=0.60 | Dir=SHORT
2026-02-03 08:24:17,364 | SentinelBot | INFO | ⏳ BIAS_DETECTED | UNIUSDTM SHORT | Waiting for Zone [3.906461 - 3.912110]
2026-02-03 08:24:17,365 | SentinelBot | INFO | 🔍 Scanning ATOMUSDTM...
2026-02-03 08:24:18,481 | SentinelBot | INFO | ✅ HTF CONFIRMED: H1 Trend aligns with SHORT
2026-02-03 08:24:18,482 | SentinelBot | INFO | 🚨 TRADE POTENTIAL: ATOMUSDTM | Rec: ALLOW_TRADE
2026-02-03 08:24:18,482 | SentinelBot | INFO |    Reason: Strong setup (1.00) with confidence (0.90). Regime: TREND_BEAR. Trend score: -0.40, bias: SHORT
2026-02-03 08:24:18,483 | SentinelBot | INFO |    Stats: Qual=1.00 | Conf=0.90 | Dir=SHORT
2026-02-03 08:24:18,483 | SentinelBot | INFO | 🚫 ENTRY_BLOCKED | BAD_RR | ATOMUSDTM R:R = 1:0.00 < 1:2
2026-02-03 08:24:18,483 | SentinelBot | INFO | 🔍 Scanning XLMUSDTM...
2026-02-03 08:24:20,522 | SentinelBot | INFO | ✅ HTF CONFIRMED: H1 Trend aligns with SHORT
2026-02-03 08:24:20,523 | SentinelBot | INFO | 🚨 TRADE POTENTIAL: XLMUSDTM | Rec: ALLOW_TRADE
2026-02-03 08:24:20,523 | SentinelBot | INFO |    Reason: Strong setup (1.00) with confidence (0.94). Regime: MOMENTUM. Trend score: -0.60, bias: SHORT
2026-02-03 08:24:20,523 | SentinelBot | INFO |    Stats: Qual=1.00 | Conf=0.94 | Dir=SHORT
2026-02-03 08:24:20,524 | SentinelBot | INFO | 🚫 ENTRY_BLOCKED | BAD_RR | XLMUSDTM R:R = 1:0.00 < 1:2
2026-02-03 08:24:20,524 | SentinelBot | INFO | 🔍 Scanning ETCUSDTM...
2026-02-03 08:24:22,389 | SentinelBot | INFO | ✅ HTF CONFIRMED: H1 Trend aligns with SHORT
2026-02-03 08:24:22,389 | SentinelBot | INFO | 🚨 TRADE POTENTIAL: ETCUSDTM | Rec: ALLOW_TRADE
2026-02-03 08:24:22,389 | SentinelBot | INFO |    Reason: Strong setup (1.00) with confidence (0.90). Regime: TREND_BEAR. Trend score: -0.35, bias: SHORT
2026-02-03 08:24:22,390 | SentinelBot | INFO |    Stats: Qual=1.00 | Conf=0.90 | Dir=SHORT
2026-02-03 08:24:22,390 | SentinelBot | INFO | 🚫 ENTRY_BLOCKED | BAD_RR | ETCUSDTM R:R = 1:2.00 < 1:2
2026-02-03 08:24:22,391 | SentinelBot | INFO | 🔍 Scanning FILUSDTM...
2026-02-03 08:24:23,412 | SentinelBot | INFO | ⚠️ HTF MISMATCH: FILUSDTM Short vs Bull Trend. ALLOWED due to High Confidence (0.90)
2026-02-03 08:24:23,413 | SentinelBot | INFO | ✅ HTF CONFIRMED: H1 Trend aligns with SHORT
2026-02-03 08:24:23,413 | SentinelBot | INFO | 🚨 TRADE POTENTIAL: FILUSDTM | Rec: ALLOW_TRADE
2026-02-03 08:24:23,414 | SentinelBot | INFO |    Reason: Strong setup (1.00) with confidence (0.90). Regime: TREND_BEAR. Trend score: -0.35, bias: SHORT
2026-02-03 08:24:23,414 | SentinelBot | INFO |    Stats: Qual=1.00 | Conf=0.90 | Dir=SHORT
2026-02-03 08:24:23,415 | SentinelBot | INFO | ⏳ BIAS_DETECTED | FILUSDTM SHORT | Waiting for Zone [1.078001 - 1.078123]
2026-02-03 08:24:23,415 | SentinelBot | INFO | 🔍 Scanning APTUSDTM...
2026-02-03 08:24:24,443 | SentinelBot | INFO | ✅ HTF CONFIRMED: H1 Trend aligns with SHORT
2026-02-03 08:24:24,444 | SentinelBot | INFO | 🚨 TRADE POTENTIAL: APTUSDTM | Rec: ALLOW_TRADE
2026-02-03 08:24:24,444 | SentinelBot | INFO |    Reason: Strong setup (1.00) with confidence (0.90). Regime: TREND_BEAR. Trend score: -0.40, bias: SHORT
2026-02-03 08:24:24,444 | SentinelBot | INFO |    Stats: Qual=1.00 | Conf=0.90 | Dir=SHORT
2026-02-03 08:24:24,444 | SentinelBot | INFO | 🚫 ENTRY_BLOCKED | BAD_RR | APTUSDTM R:R = 1:0.00 < 1:2
2026-02-03 08:24:24,446 | SentinelBot | INFO | 🔍 Scanning ARBUSDTM...
2026-02-03 08:24:25,490 | SentinelBot | INFO | ✅ HTF CONFIRMED: H1 Trend aligns with SHORT
2026-02-03 08:24:25,490 | SentinelBot | INFO | 🚨 TRADE POTENTIAL: ARBUSDTM | Rec: MICRO_TRADE
2026-02-03 08:24:25,490 | SentinelBot | INFO |    Reason: Good setup (0.70) but low confidence (0.42). Regime: RANGE. Trend score: -0.20, bias: SHORT
2026-02-03 08:24:25,490 | SentinelBot | INFO |    Stats: Qual=0.70 | Conf=0.42 | Dir=SHORT
2026-02-03 08:24:25,491 | SentinelBot | INFO | ⏳ BIAS_DETECTED | ARBUSDTM SHORT | Waiting for Zone [0.136664 - 0.136884]
2026-02-03 08:24:25,493 | SentinelBot | INFO | 🔍 Scanning OPUSDTM...
2026-02-03 08:24:26,506 | SentinelBot | INFO | ✅ HTF CONFIRMED: H1 Trend aligns with SHORT
2026-02-03 08:24:26,506 | SentinelBot | INFO | 🚨 TRADE POTENTIAL: OPUSDTM | Rec: MICRO_TRADE
2026-02-03 08:24:26,507 | SentinelBot | INFO |    Reason: Good setup (0.91) but low confidence (0.55). Regime: RANGE. Trend score: -0.25, bias: SHORT
2026-02-03 08:24:26,507 | SentinelBot | INFO |    Stats: Qual=0.91 | Conf=0.55 | Dir=SHORT
2026-02-03 08:24:26,508 | SentinelBot | INFO | ⏳ BIAS_DETECTED | OPUSDTM SHORT | Waiting for Zone [0.229117 - 0.229508]
2026-02-03 08:24:26,509 | SentinelBot | INFO | 🔍 Scanning SUIUSDTM...
2026-02-03 08:24:27,538 | SentinelBot | INFO | ✅ HTF CONFIRMED: H1 Trend aligns with SHORT
2026-02-03 08:24:27,538 | SentinelBot | INFO | 🚨 TRADE POTENTIAL: SUIUSDTM | Rec: ALLOW_TRADE
2026-02-03 08:24:27,539 | SentinelBot | INFO |    Reason: Strong setup (0.76) with confidence (0.68). Regime: TREND_BEAR. Trend score: -0.30, bias: SHORT
2026-02-03 08:24:27,539 | SentinelBot | INFO |    Stats: Qual=0.76 | Conf=0.68 | Dir=SHORT
2026-02-03 08:24:27,540 | SentinelBot | INFO | 🚫 ENTRY_BLOCKED | BAD_RR | SUIUSDTM R:R = 1:2.00 < 1:2
2026-02-03 08:24:27,541 | SentinelBot | INFO | 🔍 Scanning PEPEUSDTM...
2026-02-03 08:24:28,480 | SentinelBot | INFO | ✅ HTF CONFIRMED: H1 Trend aligns with SHORT
2026-02-03 08:24:28,481 | SentinelBot | INFO | 🚨 TRADE POTENTIAL: PEPEUSDTM | Rec: MICRO_TRADE
2026-02-03 08:24:28,481 | SentinelBot | INFO |    Reason: Good setup (0.83) but low confidence (0.50). Regime: RANGE. Trend score: -0.10, bias: SHORT
2026-02-03 08:24:28,481 | SentinelBot | INFO |    Stats: Qual=0.83 | Conf=0.50 | Dir=SHORT
2026-02-03 08:24:28,481 | SentinelBot | INFO | 🚫 ENTRY_BLOCKED | BAD_RR | PEPEUSDTM R:R = 1:0.00 < 1:2
2026-02-03 08:24:28,483 | SentinelBot | INFO | 🔍 Scanning NEARUSDTM...
2026-02-03 08:24:29,554 | SentinelBot | INFO | ✅ HTF CONFIRMED: H1 Trend aligns with SHORT
2026-02-03 08:24:29,554 | SentinelBot | INFO | 🚨 TRADE POTENTIAL: NEARUSDTM | Rec: ALLOW_TRADE
2026-02-03 08:24:29,554 | SentinelBot | INFO |    Reason: Strong setup (1.00) with confidence (0.60). Regime: RANGE. Trend score: -0.15, bias: SHORT
2026-02-03 08:24:29,554 | SentinelBot | INFO |    Stats: Qual=1.00 | Conf=0.60 | Dir=SHORT
2026-02-03 08:24:29,554 | SentinelBot | INFO | 🚫 ENTRY_BLOCKED | BAD_RR | NEARUSDTM R:R = 1:0.00 < 1:2
2026-02-03 08:24:29,554 | SentinelBot | INFO | 🔍 Scanning RNDRUSDTM...
2026-02-03 08:24:30,527 | SentinelBot | INFO | ✅ HTF CONFIRMED: H1 Trend aligns with SHORT
2026-02-03 08:24:30,531 | SentinelBot | INFO | 🚨 TRADE POTENTIAL: RNDRUSDTM | Rec: MICRO_TRADE
2026-02-03 08:24:30,532 | SentinelBot | INFO |    Reason: Good setup (0.87) but low confidence (0.52). Regime: RANGE. Trend score: -0.10, bias: SHORT
2026-02-03 08:24:30,533 | SentinelBot | INFO |    Stats: Qual=0.87 | Conf=0.52 | Dir=SHORT
2026-02-03 08:24:30,533 | SentinelBot | INFO | 🚫 ENTRY_BLOCKED | BAD_RR | RNDRUSDTM R:R = 1:0.00 < 1:2
2026-02-03 08:24:30,533 | SentinelBot | INFO | 🔍 Scanning INJUSDTM...
2026-02-03 08:24:31,661 | SentinelBot | INFO | ✅ HTF CONFIRMED: H1 Trend aligns with SHORT
2026-02-03 08:24:31,661 | SentinelBot | INFO | 🚨 TRADE POTENTIAL: INJUSDTM | Rec: MICRO_TRADE
2026-02-03 08:24:31,661 | SentinelBot | INFO |    Reason: Good setup (0.94) but low confidence (0.57). Regime: RANGE. Trend score: -0.20, bias: SHORT
2026-02-03 08:24:31,661 | SentinelBot | INFO |    Stats: Qual=0.94 | Conf=0.57 | Dir=SHORT
2026-02-03 08:24:31,663 | SentinelBot | INFO | 🚫 ENTRY_BLOCKED | BAD_RR | INJUSDTM R:R = 1:2.00 < 1:2
2026-02-03 08:24:31,663 | SentinelBot | INFO | 🔍 Scanning TIAUSDTM...
2026-02-03 08:24:32,661 | SentinelBot | INFO | ⚠️ HTF MISMATCH: TIAUSDTM Short vs Bull Trend. ALLOWED due to High Confidence (0.85)
2026-02-03 08:24:32,662 | SentinelBot | INFO | ✅ HTF CONFIRMED: H1 Trend aligns with SHORT
2026-02-03 08:24:32,662 | SentinelBot | INFO | 🚨 TRADE POTENTIAL: TIAUSDTM | Rec: ALLOW_TRADE
2026-02-03 08:24:32,662 | SentinelBot | INFO |    Reason: Strong setup (1.00) with confidence (0.85). Regime: MOMENTUM. Trend score: -0.45, bias: SHORT
2026-02-03 08:24:32,662 | SentinelBot | INFO |    Stats: Qual=1.00 | Conf=0.85 | Dir=SHORT
2026-02-03 08:24:32,662 | SentinelBot | INFO | 🚫 ENTRY_BLOCKED | BAD_RR | TIAUSDTM R:R = 1:2.00 < 1:2
2026-02-03 08:24:32,662 | SentinelBot | INFO | 🔍 Scanning IMXUSDTM...
2026-02-03 08:24:33,643 | SentinelBot | INFO | ✅ HTF CONFIRMED: H1 Trend aligns with SHORT
2026-02-03 08:24:33,643 | SentinelBot | INFO | 🚨 TRADE POTENTIAL: IMXUSDTM | Rec: ALLOW_TRADE
2026-02-03 08:24:33,643 | SentinelBot | INFO |    Reason: Strong setup (1.00) with confidence (0.94). Regime: MOMENTUM. Trend score: -0.55, bias: SHORT
2026-02-03 08:24:33,644 | SentinelBot | INFO |    Stats: Qual=1.00 | Conf=0.94 | Dir=SHORT
2026-02-03 08:24:33,644 | SentinelBot | INFO | 🚫 ENTRY_BLOCKED | BAD_RR | IMXUSDTM R:R = 1:0.00 < 1:2
2026-02-03 08:24:33,644 | SentinelBot | INFO | 🔍 Scanning LDOUSDTM...
2026-02-03 08:24:34,654 | SentinelBot | INFO | ✅ HTF CONFIRMED: H1 Trend aligns with SHORT
2026-02-03 08:24:34,655 | SentinelBot | INFO | 🚨 TRADE POTENTIAL: LDOUSDTM | Rec: MICRO_TRADE
2026-02-03 08:24:34,655 | SentinelBot | INFO |    Reason: Good setup (0.70) but low confidence (0.42). Regime: RANGE. Trend score: -0.30, bias: SHORT
2026-02-03 08:24:34,656 | SentinelBot | INFO |    Stats: Qual=0.70 | Conf=0.42 | Dir=SHORT
2026-02-03 08:24:34,656 | SentinelBot | INFO | 🚫 ENTRY_BLOCKED | BAD_RR | LDOUSDTM R:R = 1:2.00 < 1:2
2026-02-03 08:24:40,945 | SentinelBot | INFO | 💓 Loop alive | Cycle 450 | Watching 30 symbols
2026-02-03 08:24:57,233 | SentinelBot | INFO | 💓 Loop alive | Cycle 460 | Watching 30 symbols
2026-02-03 08:25:02,641 | SentinelBot | INFO | 🔍 Scanning XBTUSDTM...
2026-02-03 08:25:03,851 | SentinelBot | INFO | 🛑 HTF MISMATCH: XBTUSDTM Signal SHORT vs Bull Trend. Blocked (Conf 0.56 < 0.75)
2026-02-03 08:25:03,852 | SentinelBot | INFO | 🔍 Scanning ETHUSDTM...
2026-02-03 08:25:04,613 | SentinelBot | INFO |    📊 ETHUSDTM: Rec=NO_TRADE (Qual=0.51)
2026-02-03 08:25:04,615 | SentinelBot | INFO | 🔍 Scanning SOLUSDTM...
2026-02-03 08:25:05,713 | SentinelBot | INFO | ✅ HTF CONFIRMED: H1 Trend aligns with SHORT
2026-02-03 08:25:05,714 | SentinelBot | INFO | 🚨 TRADE POTENTIAL: SOLUSDTM | Rec: MICRO_TRADE
2026-02-03 08:25:05,714 | SentinelBot | INFO |    Reason: Good setup (0.65) but low confidence (0.39). Regime: RANGE. Trend score: -0.10, bias: SHORT
2026-02-03 08:25:05,714 | SentinelBot | INFO |    Stats: Qual=0.65 | Conf=0.39 | Dir=SHORT
2026-02-03 08:25:05,715 | SentinelBot | INFO | ⏳ BIAS_DETECTED | SOLUSDTM SHORT | Waiting for Zone [104.030289 - 104.092630]
2026-02-03 08:25:05,716 | SentinelBot | INFO | 🔍 Scanning BNBUSDTM...
2026-02-03 08:25:06,715 | SentinelBot | INFO | ✅ HTF CONFIRMED: H1 Trend aligns with SHORT
2026-02-03 08:25:06,717 | SentinelBot | INFO | 🚨 TRADE POTENTIAL: BNBUSDTM | Rec: MICRO_TRADE
2026-02-03 08:25:06,717 | SentinelBot | INFO |    Reason: Good setup (0.61) but low confidence (0.37). Regime: RANGE. Trend score: -0.10, bias: SHORT
2026-02-03 08:25:06,717 | SentinelBot | INFO |    Stats: Qual=0.61 | Conf=0.37 | Dir=SHORT
2026-02-03 08:25:06,717 | SentinelBot | INFO | 🚫 ENTRY_BLOCKED | BAD_RR | BNBUSDTM R:R = 1:2.00 < 1:2
2026-02-03 08:25:06,717 | SentinelBot | INFO | 🔍 Scanning XRPUSDTM...
2026-02-03 08:25:07,711 | SentinelBot | INFO | ✅ HTF CONFIRMED: H1 Trend aligns with SHORT
2026-02-03 08:25:07,711 | SentinelBot | INFO | 🚨 TRADE POTENTIAL: XRPUSDTM | Rec: MICRO_TRADE
2026-02-03 08:25:07,712 | SentinelBot | INFO |    Reason: Good setup (0.65) but low confidence (0.39). Regime: RANGE. Trend score: -0.20, bias: SHORT
2026-02-03 08:25:07,712 | SentinelBot | INFO |    Stats: Qual=0.66 | Conf=0.39 | Dir=SHORT
2026-02-03 08:25:07,712 | SentinelBot | INFO | 🚫 ENTRY_BLOCKED | BAD_RR | XRPUSDTM R:R = 1:2.00 < 1:2
2026-02-03 08:25:07,714 | SentinelBot | INFO | 🔍 Scanning ADAUSDTM...
2026-02-03 08:25:08,749 | SentinelBot | INFO | 🛑 HTF MISMATCH: ADAUSDTM Signal SHORT vs Bull Trend. Blocked (Conf 0.52 < 0.75)
2026-02-03 08:25:08,750 | SentinelBot | INFO | 🔍 Scanning DOGEUSDTM...
2026-02-03 08:25:09,840 | SentinelBot | INFO | 🛑 HTF MISMATCH: DOGEUSDTM Signal SHORT vs Bull Trend. Blocked (Conf 0.43 < 0.75)
2026-02-03 08:25:09,845 | SentinelBot | INFO | 🔍 Scanning AVAXUSDTM...
2026-02-03 08:25:10,846 | SentinelBot | INFO | ✅ HTF CONFIRMED: H1 Trend aligns with SHORT
2026-02-03 08:25:10,846 | SentinelBot | INFO | 🚨 TRADE POTENTIAL: AVAXUSDTM | Rec: MICRO_TRADE
2026-02-03 08:25:10,846 | SentinelBot | INFO |    Reason: Good setup (0.96) but low confidence (0.58). Regime: RANGE. Trend score: -0.15, bias: SHORT
2026-02-03 08:25:10,846 | SentinelBot | INFO |    Stats: Qual=0.96 | Conf=0.58 | Dir=SHORT
2026-02-03 08:25:10,853 | SentinelBot | INFO | ⏳ BIAS_DETECTED | AVAXUSDTM SHORT | Waiting for Zone [10.110486 - 10.118323]
2026-02-03 08:25:10,853 | SentinelBot | INFO | 🔍 Scanning LINKUSDTM...
2026-02-03 08:25:11,658 | SentinelBot | INFO |    📊 LINKUSDTM: Rec=NO_TRADE (Qual=0.58)
2026-02-03 08:25:11,659 | SentinelBot | INFO | 🔍 Scanning DOTUSDTM...
2026-02-03 08:25:12,624 | SentinelBot | INFO | ✅ HTF CONFIRMED: H1 Trend aligns with SHORT
2026-02-03 08:25:12,624 | SentinelBot | INFO | 🚨 TRADE POTENTIAL: DOTUSDTM | Rec: ALLOW_TRADE
2026-02-03 08:25:12,625 | SentinelBot | INFO |    Reason: Strong setup (1.00) with confidence (0.60). Regime: RANGE. Trend score: -0.15, bias: SHORT
2026-02-03 08:25:12,625 | SentinelBot | INFO |    Stats: Qual=1.00 | Conf=0.60 | Dir=SHORT
2026-02-03 08:25:12,625 | SentinelBot | INFO | 🚫 ENTRY_BLOCKED | BAD_RR | DOTUSDTM R:R = 1:0.00 < 1:2
2026-02-03 08:25:12,627 | SentinelBot | INFO | 🔍 Scanning TRXUSDTM...
2026-02-03 08:25:13,082 | SentinelBot | INFO | 🚫 ENTRY_BLOCKED | NO_TRADE_ZONE | TRXUSDTM price=0.2835 inside range [0.2832 - 0.2836]
2026-02-03 08:25:13,083 | SentinelBot | INFO | 🔍 Scanning LTCUSDTM...
2026-02-03 08:25:14,308 | SentinelBot | INFO | ✅ HTF CONFIRMED: H1 Trend aligns with SHORT
2026-02-03 08:25:14,309 | SentinelBot | INFO | 🚨 TRADE POTENTIAL: LTCUSDTM | Rec: MICRO_TRADE
2026-02-03 08:25:14,309 | SentinelBot | INFO |    Reason: Good setup (0.73) but low confidence (0.44). Regime: RANGE. Trend score: 0.00, bias: SHORT
2026-02-03 08:25:14,309 | SentinelBot | INFO |    Stats: Qual=0.73 | Conf=0.44 | Dir=SHORT
2026-02-03 08:25:14,309 | SentinelBot | INFO | 🚫 ENTRY_BLOCKED | BAD_RR | LTCUSDTM R:R = 1:2.00 < 1:2
2026-02-03 08:25:14,311 | SentinelBot | INFO | 🔍 Scanning MATICUSDTM...
2026-02-03 08:25:15,376 | SentinelBot | INFO | 🛑 HTF MISMATCH: MATICUSDTM Signal LONG vs Bear Trend. Blocked (Conf 0.39 < 0.80)
2026-02-03 08:25:15,377 | SentinelBot | INFO | 🔍 Scanning SHIBUSDTM...
2026-02-03 08:25:16,235 | SentinelBot | INFO |    📊 SHIBUSDTM: Rec=NO_TRADE (Qual=0.31)
2026-02-03 08:25:16,235 | SentinelBot | INFO | 🔍 Scanning UNIUSDTM...
2026-02-03 08:25:17,317 | SentinelBot | INFO | ✅ HTF CONFIRMED: H1 Trend aligns with SHORT
2026-02-03 08:25:17,317 | SentinelBot | INFO | 🚨 TRADE POTENTIAL: UNIUSDTM | Rec: ALLOW_TRADE
2026-02-03 08:25:17,319 | SentinelBot | INFO |    Reason: Strong setup (1.00) with confidence (0.60). Regime: RANGE. Trend score: -0.10, bias: SHORT
2026-02-03 08:25:17,319 | SentinelBot | INFO |    Stats: Qual=1.00 | Conf=0.60 | Dir=SHORT
2026-02-03 08:25:17,319 | SentinelBot | INFO | ⏳ BIAS_DETECTED | UNIUSDTM SHORT | Waiting for Zone [3.906461 - 3.912110]
2026-02-03 08:25:17,319 | SentinelBot | INFO | 🔍 Scanning ATOMUSDTM...
2026-02-03 08:25:18,416 | SentinelBot | INFO | ✅ HTF CONFIRMED: H1 Trend aligns with SHORT
2026-02-03 08:25:18,416 | SentinelBot | INFO | 🚨 TRADE POTENTIAL: ATOMUSDTM | Rec: ALLOW_TRADE
2026-02-03 08:25:18,416 | SentinelBot | INFO |    Reason: Strong setup (1.00) with confidence (0.90). Regime: TREND_BEAR. Trend score: -0.40, bias: SHORT
2026-02-03 08:25:18,417 | SentinelBot | INFO |    Stats: Qual=1.00 | Conf=0.90 | Dir=SHORT
2026-02-03 08:25:18,417 | SentinelBot | INFO | 🚫 ENTRY_BLOCKED | BAD_RR | ATOMUSDTM R:R = 1:0.00 < 1:2
2026-02-03 08:25:18,417 | SentinelBot | INFO | 🔍 Scanning XLMUSDTM...
2026-02-03 08:25:19,536 | SentinelBot | INFO | ✅ HTF CONFIRMED: H1 Trend aligns with SHORT
2026-02-03 08:25:19,537 | SentinelBot | INFO | 🚨 TRADE POTENTIAL: XLMUSDTM | Rec: ALLOW_TRADE
2026-02-03 08:25:19,537 | SentinelBot | INFO |    Reason: Strong setup (1.00) with confidence (0.94). Regime: MOMENTUM. Trend score: -0.60, bias: SHORT
2026-02-03 08:25:19,537 | SentinelBot | INFO |    Stats: Qual=1.00 | Conf=0.94 | Dir=SHORT
2026-02-03 08:25:19,537 | SentinelBot | INFO | 🚫 ENTRY_BLOCKED | BAD_RR | XLMUSDTM R:R = 1:0.00 < 1:2
2026-02-03 08:25:19,539 | SentinelBot | INFO | 🔍 Scanning ETCUSDTM...
2026-02-03 08:25:20,593 | SentinelBot | INFO | ✅ HTF CONFIRMED: H1 Trend aligns with SHORT
2026-02-03 08:25:20,593 | SentinelBot | INFO | 🚨 TRADE POTENTIAL: ETCUSDTM | Rec: ALLOW_TRADE
2026-02-03 08:25:20,594 | SentinelBot | INFO |    Reason: Strong setup (1.00) with confidence (0.90). Regime: TREND_BEAR. Trend score: -0.35, bias: SHORT
2026-02-03 08:25:20,594 | SentinelBot | INFO |    Stats: Qual=1.00 | Conf=0.90 | Dir=SHORT
2026-02-03 08:25:20,595 | SentinelBot | INFO | 🚫 ENTRY_BLOCKED | BAD_RR | ETCUSDTM R:R = 1:2.00 < 1:2
2026-02-03 08:25:20,595 | SentinelBot | INFO | 🔍 Scanning FILUSDTM...
2026-02-03 08:25:21,666 | SentinelBot | INFO | ⚠️ HTF MISMATCH: FILUSDTM Short vs Bull Trend. ALLOWED due to High Confidence (0.90)
2026-02-03 08:25:21,666 | SentinelBot | INFO | ✅ HTF CONFIRMED: H1 Trend aligns with SHORT
2026-02-03 08:25:21,668 | SentinelBot | INFO | 🚨 TRADE POTENTIAL: FILUSDTM | Rec: ALLOW_TRADE
2026-02-03 08:25:21,668 | SentinelBot | INFO |    Reason: Strong setup (1.00) with confidence (0.90). Regime: TREND_BEAR. Trend score: -0.35, bias: SHORT
2026-02-03 08:25:21,669 | SentinelBot | INFO |    Stats: Qual=1.00 | Conf=0.90 | Dir=SHORT
2026-02-03 08:25:21,669 | SentinelBot | INFO | ⏳ BIAS_DETECTED | FILUSDTM SHORT | Waiting for Zone [1.078001 - 1.078123]
2026-02-03 08:25:21,670 | SentinelBot | INFO | 🔍 Scanning APTUSDTM...
2026-02-03 08:25:22,840 | SentinelBot | INFO | ✅ HTF CONFIRMED: H1 Trend aligns with SHORT
2026-02-03 08:25:22,840 | SentinelBot | INFO | 🚨 TRADE POTENTIAL: APTUSDTM | Rec: ALLOW_TRADE
2026-02-03 08:25:22,840 | SentinelBot | INFO |    Reason: Strong setup (1.00) with confidence (0.90). Regime: TREND_BEAR. Trend score: -0.40, bias: SHORT
2026-02-03 08:25:22,840 | SentinelBot | INFO |    Stats: Qual=1.00 | Conf=0.90 | Dir=SHORT
2026-02-03 08:25:22,840 | SentinelBot | INFO | 🚫 ENTRY_BLOCKED | BAD_RR | APTUSDTM R:R = 1:0.00 < 1:2
2026-02-03 08:25:22,843 | SentinelBot | INFO | 🔍 Scanning ARBUSDTM...
2026-02-03 08:25:23,875 | SentinelBot | INFO | ✅ HTF CONFIRMED: H1 Trend aligns with SHORT
2026-02-03 08:25:23,876 | SentinelBot | INFO | 🚨 TRADE POTENTIAL: ARBUSDTM | Rec: MICRO_TRADE
2026-02-03 08:25:23,876 | SentinelBot | INFO |    Reason: Good setup (0.70) but low confidence (0.42). Regime: RANGE. Trend score: -0.20, bias: SHORT
2026-02-03 08:25:23,876 | SentinelBot | INFO |    Stats: Qual=0.70 | Conf=0.42 | Dir=SHORT
2026-02-03 08:25:23,877 | SentinelBot | INFO | ⏳ BIAS_DETECTED | ARBUSDTM SHORT | Waiting for Zone [0.136664 - 0.136884]
2026-02-03 08:25:23,877 | SentinelBot | INFO | 🔍 Scanning OPUSDTM...
2026-02-03 08:25:24,916 | SentinelBot | INFO | ✅ HTF CONFIRMED: H1 Trend aligns with SHORT
2026-02-03 08:25:24,917 | SentinelBot | INFO | 🚨 TRADE POTENTIAL: OPUSDTM | Rec: MICRO_TRADE
2026-02-03 08:25:24,917 | SentinelBot | INFO |    Reason: Good setup (0.91) but low confidence (0.55). Regime: RANGE. Trend score: -0.25, bias: SHORT
2026-02-03 08:25:24,918 | SentinelBot | INFO |    Stats: Qual=0.91 | Conf=0.55 | Dir=SHORT
2026-02-03 08:25:24,918 | SentinelBot | INFO | ⏳ BIAS_DETECTED | OPUSDTM SHORT | Waiting for Zone [0.229117 - 0.229508]
2026-02-03 08:25:24,920 | SentinelBot | INFO | 🔍 Scanning SUIUSDTM...
2026-02-03 08:25:25,934 | SentinelBot | INFO | ✅ HTF CONFIRMED: H1 Trend aligns with SHORT
2026-02-03 08:25:25,935 | SentinelBot | INFO | 🚨 TRADE POTENTIAL: SUIUSDTM | Rec: ALLOW_TRADE
2026-02-03 08:25:25,936 | SentinelBot | INFO |    Reason: Strong setup (0.76) with confidence (0.68). Regime: TREND_BEAR. Trend score: -0.30, bias: SHORT
2026-02-03 08:25:25,936 | SentinelBot | INFO |    Stats: Qual=0.76 | Conf=0.68 | Dir=SHORT
2026-02-03 08:25:25,937 | SentinelBot | INFO | 🚫 ENTRY_BLOCKED | BAD_RR | SUIUSDTM R:R = 1:2.00 < 1:2
2026-02-03 08:25:25,937 | SentinelBot | INFO | 🔍 Scanning PEPEUSDTM...
2026-02-03 08:25:27,008 | SentinelBot | INFO | ✅ HTF CONFIRMED: H1 Trend aligns with SHORT
2026-02-03 08:25:27,009 | SentinelBot | INFO | 🚨 TRADE POTENTIAL: PEPEUSDTM | Rec: MICRO_TRADE
2026-02-03 08:25:27,009 | SentinelBot | INFO |    Reason: Good setup (0.83) but low confidence (0.50). Regime: RANGE. Trend score: -0.10, bias: SHORT
2026-02-03 08:25:27,009 | SentinelBot | INFO |    Stats: Qual=0.83 | Conf=0.50 | Dir=SHORT
2026-02-03 08:25:27,011 | SentinelBot | INFO | 🚫 ENTRY_BLOCKED | BAD_RR | PEPEUSDTM R:R = 1:0.00 < 1:2
2026-02-03 08:25:27,011 | SentinelBot | INFO | 🔍 Scanning NEARUSDTM...
2026-02-03 08:25:28,075 | SentinelBot | INFO | ✅ HTF CONFIRMED: H1 Trend aligns with SHORT
2026-02-03 08:25:28,076 | SentinelBot | INFO | 🚨 TRADE POTENTIAL: NEARUSDTM | Rec: ALLOW_TRADE
2026-02-03 08:25:28,077 | SentinelBot | INFO |    Reason: Strong setup (1.00) with confidence (0.60). Regime: RANGE. Trend score: -0.15, bias: SHORT
2026-02-03 08:25:28,077 | SentinelBot | INFO |    Stats: Qual=1.00 | Conf=0.60 | Dir=SHORT
2026-02-03 08:25:28,077 | SentinelBot | INFO | 🚫 ENTRY_BLOCKED | BAD_RR | NEARUSDTM R:R = 1:0.00 < 1:2
2026-02-03 08:25:28,077 | SentinelBot | INFO | 🔍 Scanning RNDRUSDTM...
2026-02-03 08:25:29,183 | SentinelBot | INFO | ✅ HTF CONFIRMED: H1 Trend aligns with SHORT
2026-02-03 08:25:29,184 | SentinelBot | INFO | 🚨 TRADE POTENTIAL: RNDRUSDTM | Rec: MICRO_TRADE
2026-02-03 08:25:29,184 | SentinelBot | INFO |    Reason: Good setup (0.87) but low confidence (0.52). Regime: RANGE. Trend score: -0.10, bias: SHORT
2026-02-03 08:25:29,185 | SentinelBot | INFO |    Stats: Qual=0.87 | Conf=0.52 | Dir=SHORT
2026-02-03 08:25:29,185 | SentinelBot | INFO | 🚫 ENTRY_BLOCKED | BAD_RR | RNDRUSDTM R:R = 1:0.00 < 1:2
2026-02-03 08:25:29,186 | SentinelBot | INFO | 🔍 Scanning INJUSDTM...
2026-02-03 08:25:30,263 | SentinelBot | INFO | ✅ HTF CONFIRMED: H1 Trend aligns with SHORT
2026-02-03 08:25:30,263 | SentinelBot | INFO | 🚨 TRADE POTENTIAL: INJUSDTM | Rec: MICRO_TRADE
2026-02-03 08:25:30,263 | SentinelBot | INFO |    Reason: Good setup (0.94) but low confidence (0.57). Regime: RANGE. Trend score: -0.20, bias: SHORT
2026-02-03 08:25:30,263 | SentinelBot | INFO |    Stats: Qual=0.94 | Conf=0.57 | Dir=SHORT
2026-02-03 08:25:30,265 | SentinelBot | INFO | 🚫 ENTRY_BLOCKED | BAD_RR | INJUSDTM R:R = 1:2.00 < 1:2
2026-02-03 08:25:30,265 | SentinelBot | INFO | 🔍 Scanning TIAUSDTM...
2026-02-03 08:25:31,271 | SentinelBot | INFO | ⚠️ HTF MISMATCH: TIAUSDTM Short vs Bull Trend. ALLOWED due to High Confidence (0.85)
2026-02-03 08:25:31,272 | SentinelBot | INFO | ✅ HTF CONFIRMED: H1 Trend aligns with SHORT
2026-02-03 08:25:31,272 | SentinelBot | INFO | 🚨 TRADE POTENTIAL: TIAUSDTM | Rec: ALLOW_TRADE
2026-02-03 08:25:31,273 | SentinelBot | INFO |    Reason: Strong setup (1.00) with confidence (0.85). Regime: MOMENTUM. Trend score: -0.45, bias: SHORT
2026-02-03 08:25:31,273 | SentinelBot | INFO |    Stats: Qual=1.00 | Conf=0.85 | Dir=SHORT
2026-02-03 08:25:31,273 | SentinelBot | INFO | 🚫 ENTRY_BLOCKED | BAD_RR | TIAUSDTM R:R = 1:2.00 < 1:2
2026-02-03 08:25:31,273 | SentinelBot | INFO | 🔍 Scanning IMXUSDTM...
2026-02-03 08:25:32,335 | SentinelBot | INFO | ✅ HTF CONFIRMED: H1 Trend aligns with SHORT
2026-02-03 08:25:32,336 | SentinelBot | INFO | 🚨 TRADE POTENTIAL: IMXUSDTM | Rec: ALLOW_TRADE
2026-02-03 08:25:32,336 | SentinelBot | INFO |    Reason: Strong setup (1.00) with confidence (0.94). Regime: MOMENTUM. Trend score: -0.55, bias: SHORT
2026-02-03 08:25:32,337 | SentinelBot | INFO |    Stats: Qual=1.00 | Conf=0.94 | Dir=SHORT
2026-02-03 08:25:32,337 | SentinelBot | INFO | 🚫 ENTRY_BLOCKED | BAD_RR | IMXUSDTM R:R = 1:0.00 < 1:2
2026-02-03 08:25:32,339 | SentinelBot | INFO | 🔍 Scanning LDOUSDTM...
2026-02-03 08:25:33,372 | SentinelBot | INFO | ✅ HTF CONFIRMED: H1 Trend aligns with SHORT
2026-02-03 08:25:33,375 | SentinelBot | INFO | 🚨 TRADE POTENTIAL: LDOUSDTM | Rec: MICRO_TRADE
2026-02-03 08:25:33,375 | SentinelBot | INFO |    Reason: Good setup (0.70) but low confidence (0.42). Regime: RANGE. Trend score: -0.30, bias: SHORT
2026-02-03 08:25:33,375 | SentinelBot | INFO |    Stats: Qual=0.70 | Conf=0.42 | Dir=SHORT
2026-02-03 08:25:33,377 | SentinelBot | INFO | 🚫 ENTRY_BLOCKED | BAD_RR | LDOUSDTM R:R = 1:2.00 < 1:2
2026-02-03 08:25:46,655 | SentinelBot | INFO | 💓 Loop alive | Cycle 470 | Watching 30 symbols
2026-02-03 08:26:03,485 | SentinelBot | INFO | 💓 Loop alive | Cycle 480 | Watching 30 symbols
2026-02-03 08:26:04,017 | SentinelBot | INFO | 🔍 Scanning XBTUSDTM...
2026-02-03 08:26:04,995 | SentinelBot | INFO | 🛑 HTF MISMATCH: XBTUSDTM Signal SHORT vs Bull Trend. Blocked (Conf 0.56 < 0.75)
2026-02-03 08:26:04,997 | SentinelBot | INFO | 🔍 Scanning ETHUSDTM...
2026-02-03 08:26:05,788 | SentinelBot | INFO |    📊 ETHUSDTM: Rec=NO_TRADE (Qual=0.51)
2026-02-03 08:26:05,790 | SentinelBot | INFO | 🔍 Scanning SOLUSDTM...
2026-02-03 08:26:06,790 | SentinelBot | INFO | ✅ HTF CONFIRMED: H1 Trend aligns with SHORT
2026-02-03 08:26:06,795 | SentinelBot | INFO | 🚨 TRADE POTENTIAL: SOLUSDTM | Rec: MICRO_TRADE
2026-02-03 08:26:06,795 | SentinelBot | INFO |    Reason: Good setup (0.65) but low confidence (0.39). Regime: RANGE. Trend score: -0.10, bias: SHORT
2026-02-03 08:26:06,795 | SentinelBot | INFO |    Stats: Qual=0.65 | Conf=0.39 | Dir=SHORT
2026-02-03 08:26:06,797 | SentinelBot | INFO | ⏳ BIAS_DETECTED | SOLUSDTM SHORT | Waiting for Zone [104.030289 - 104.092630]
2026-02-03 08:26:06,798 | SentinelBot | INFO | 🔍 Scanning BNBUSDTM...
2026-02-03 08:26:08,470 | SentinelBot | INFO | ✅ HTF CONFIRMED: H1 Trend aligns with SHORT
2026-02-03 08:26:08,472 | SentinelBot | INFO | 🚨 TRADE POTENTIAL: BNBUSDTM | Rec: MICRO_TRADE
2026-02-03 08:26:08,473 | SentinelBot | INFO |    Reason: Good setup (0.61) but low confidence (0.37). Regime: RANGE. Trend score: -0.10, bias: SHORT
2026-02-03 08:26:08,473 | SentinelBot | INFO |    Stats: Qual=0.61 | Conf=0.37 | Dir=SHORT
2026-02-03 08:26:08,473 | SentinelBot | INFO | 🚫 ENTRY_BLOCKED | BAD_RR | BNBUSDTM R:R = 1:2.00 < 1:2
2026-02-03 08:26:08,474 | SentinelBot | INFO | 🔍 Scanning XRPUSDTM...
2026-02-03 08:26:09,506 | SentinelBot | INFO | ✅ HTF CONFIRMED: H1 Trend aligns with SHORT
2026-02-03 08:26:09,506 | SentinelBot | INFO | 🚨 TRADE POTENTIAL: XRPUSDTM | Rec: MICRO_TRADE
2026-02-03 08:26:09,506 | SentinelBot | INFO |    Reason: Good setup (0.65) but low confidence (0.39). Regime: RANGE. Trend score: -0.20, bias: SHORT
2026-02-03 08:26:09,506 | SentinelBot | INFO |    Stats: Qual=0.66 | Conf=0.39 | Dir=SHORT
2026-02-03 08:26:09,506 | SentinelBot | INFO | 🚫 ENTRY_BLOCKED | BAD_RR | XRPUSDTM R:R = 1:2.00 < 1:2
2026-02-03 08:26:09,506 | SentinelBot | INFO | 🔍 Scanning ADAUSDTM...
2026-02-03 08:26:10,516 | SentinelBot | INFO | 🛑 HTF MISMATCH: ADAUSDTM Signal SHORT vs Bull Trend. Blocked (Conf 0.52 < 0.75)
2026-02-03 08:26:10,516 | SentinelBot | INFO | 🔍 Scanning DOGEUSDTM...
2026-02-03 08:26:11,584 | SentinelBot | INFO | 🛑 HTF MISMATCH: DOGEUSDTM Signal SHORT vs Bull Trend. Blocked (Conf 0.43 < 0.75)
2026-02-03 08:26:11,585 | SentinelBot | INFO | 🔍 Scanning AVAXUSDTM...
2026-02-03 08:26:12,640 | SentinelBot | INFO | ✅ HTF CONFIRMED: H1 Trend aligns with SHORT
2026-02-03 08:26:12,640 | SentinelBot | INFO | 🚨 TRADE POTENTIAL: AVAXUSDTM | Rec: MICRO_TRADE
2026-02-03 08:26:12,640 | SentinelBot | INFO |    Reason: Good setup (0.96) but low confidence (0.58). Regime: RANGE. Trend score: -0.15, bias: SHORT
2026-02-03 08:26:12,640 | SentinelBot | INFO |    Stats: Qual=0.96 | Conf=0.58 | Dir=SHORT
2026-02-03 08:26:12,640 | SentinelBot | INFO | ⏳ BIAS_DETECTED | AVAXUSDTM SHORT | Waiting for Zone [10.110486 - 10.118323]
2026-02-03 08:26:12,640 | SentinelBot | INFO | 🔍 Scanning LINKUSDTM...
2026-02-03 08:26:13,468 | SentinelBot | INFO |    📊 LINKUSDTM: Rec=NO_TRADE (Qual=0.58)
2026-02-03 08:26:13,469 | SentinelBot | INFO | 🔍 Scanning DOTUSDTM...
2026-02-03 08:26:14,652 | SentinelBot | INFO | ✅ HTF CONFIRMED: H1 Trend aligns with SHORT
2026-02-03 08:26:14,653 | SentinelBot | INFO | 🚨 TRADE POTENTIAL: DOTUSDTM | Rec: ALLOW_TRADE
2026-02-03 08:26:14,653 | SentinelBot | INFO |    Reason: Strong setup (1.00) with confidence (0.60). Regime: RANGE. Trend score: -0.15, bias: SHORT
2026-02-03 08:26:14,654 | SentinelBot | INFO |    Stats: Qual=1.00 | Conf=0.60 | Dir=SHORT
2026-02-03 08:26:14,654 | SentinelBot | INFO | 🚫 ENTRY_BLOCKED | BAD_RR | DOTUSDTM R:R = 1:0.00 < 1:2
2026-02-03 08:26:14,654 | SentinelBot | INFO | 🔍 Scanning TRXUSDTM...
2026-02-03 08:26:15,080 | SentinelBot | INFO | 🚫 ENTRY_BLOCKED | NO_TRADE_ZONE | TRXUSDTM price=0.2835 inside range [0.2832 - 0.2836]
2026-02-03 08:26:15,080 | SentinelBot | INFO | 🔍 Scanning LTCUSDTM...
2026-02-03 08:26:16,137 | SentinelBot | INFO | ✅ HTF CONFIRMED: H1 Trend aligns with SHORT
2026-02-03 08:26:16,138 | SentinelBot | INFO | 🚨 TRADE POTENTIAL: LTCUSDTM | Rec: MICRO_TRADE
2026-02-03 08:26:16,138 | SentinelBot | INFO |    Reason: Good setup (0.73) but low confidence (0.44). Regime: RANGE. Trend score: 0.00, bias: SHORT
2026-02-03 08:26:16,138 | SentinelBot | INFO |    Stats: Qual=0.73 | Conf=0.44 | Dir=SHORT
2026-02-03 08:26:16,140 | SentinelBot | INFO | 🚫 ENTRY_BLOCKED | BAD_RR | LTCUSDTM R:R = 1:2.00 < 1:2
2026-02-03 08:26:16,140 | SentinelBot | INFO | 🔍 Scanning MATICUSDTM...
2026-02-03 08:26:17,156 | SentinelBot | INFO | 🛑 HTF MISMATCH: MATICUSDTM Signal LONG vs Bear Trend. Blocked (Conf 0.39 < 0.80)
2026-02-03 08:26:17,157 | SentinelBot | INFO | 🔍 Scanning SHIBUSDTM...
2026-02-03 08:26:18,006 | SentinelBot | INFO |    📊 SHIBUSDTM: Rec=NO_TRADE (Qual=0.31)
2026-02-03 08:26:18,007 | SentinelBot | INFO | 🔍 Scanning UNIUSDTM...
2026-02-03 08:26:19,273 | SentinelBot | INFO | ✅ HTF CONFIRMED: H1 Trend aligns with SHORT
2026-02-03 08:26:19,273 | SentinelBot | INFO | 🚨 TRADE POTENTIAL: UNIUSDTM | Rec: ALLOW_TRADE
2026-02-03 08:26:19,274 | SentinelBot | INFO |    Reason: Strong setup (1.00) with confidence (0.60). Regime: RANGE. Trend score: -0.10, bias: SHORT
2026-02-03 08:26:19,274 | SentinelBot | INFO |    Stats: Qual=1.00 | Conf=0.60 | Dir=SHORT
2026-02-03 08:26:19,275 | SentinelBot | INFO | ⏳ BIAS_DETECTED | UNIUSDTM SHORT | Waiting for Zone [3.906461 - 3.912110]
2026-02-03 08:26:19,275 | SentinelBot | INFO | 🔍 Scanning ATOMUSDTM...
2026-02-03 08:26:20,317 | SentinelBot | INFO | ✅ HTF CONFIRMED: H1 Trend aligns with SHORT
2026-02-03 08:26:20,318 | SentinelBot | INFO | 🚨 TRADE POTENTIAL: ATOMUSDTM | Rec: ALLOW_TRADE
2026-02-03 08:26:20,318 | SentinelBot | INFO |    Reason: Strong setup (1.00) with confidence (0.90). Regime: TREND_BEAR. Trend score: -0.40, bias: SHORT
2026-02-03 08:26:20,318 | SentinelBot | INFO |    Stats: Qual=1.00 | Conf=0.90 | Dir=SHORT
2026-02-03 08:26:20,319 | SentinelBot | INFO | 🚫 ENTRY_BLOCKED | BAD_RR | ATOMUSDTM R:R = 1:0.00 < 1:2
2026-02-03 08:26:20,319 | SentinelBot | INFO | 🔍 Scanning XLMUSDTM...
2026-02-03 08:26:21,345 | SentinelBot | INFO | ✅ HTF CONFIRMED: H1 Trend aligns with SHORT
2026-02-03 08:26:21,346 | SentinelBot | INFO | 🚨 TRADE POTENTIAL: XLMUSDTM | Rec: ALLOW_TRADE
2026-02-03 08:26:21,346 | SentinelBot | INFO |    Reason: Strong setup (1.00) with confidence (0.94). Regime: MOMENTUM. Trend score: -0.60, bias: SHORT
2026-02-03 08:26:21,347 | SentinelBot | INFO |    Stats: Qual=1.00 | Conf=0.94 | Dir=SHORT
2026-02-03 08:26:21,347 | SentinelBot | INFO | 🚫 ENTRY_BLOCKED | BAD_RR | XLMUSDTM R:R = 1:0.00 < 1:2
2026-02-03 08:26:21,348 | SentinelBot | INFO | 🔍 Scanning ETCUSDTM...
2026-02-03 08:26:22,394 | SentinelBot | INFO | ✅ HTF CONFIRMED: H1 Trend aligns with SHORT
2026-02-03 08:26:22,395 | SentinelBot | INFO | 🚨 TRADE POTENTIAL: ETCUSDTM | Rec: ALLOW_TRADE
2026-02-03 08:26:22,395 | SentinelBot | INFO |    Reason: Strong setup (1.00) with confidence (0.90). Regime: TREND_BEAR. Trend score: -0.35, bias: SHORT
2026-02-03 08:26:22,395 | SentinelBot | INFO |    Stats: Qual=1.00 | Conf=0.90 | Dir=SHORT
2026-02-03 08:26:22,396 | SentinelBot | INFO | 🚫 ENTRY_BLOCKED | BAD_RR | ETCUSDTM R:R = 1:2.00 < 1:2
2026-02-03 08:26:22,397 | SentinelBot | INFO | 🔍 Scanning FILUSDTM...
2026-02-03 08:26:23,467 | SentinelBot | INFO | ⚠️ HTF MISMATCH: FILUSDTM Short vs Bull Trend. ALLOWED due to High Confidence (0.90)
2026-02-03 08:26:23,467 | SentinelBot | INFO | ✅ HTF CONFIRMED: H1 Trend aligns with SHORT
2026-02-03 08:26:23,468 | SentinelBot | INFO | 🚨 TRADE POTENTIAL: FILUSDTM | Rec: ALLOW_TRADE
2026-02-03 08:26:23,468 | SentinelBot | INFO |    Reason: Strong setup (1.00) with confidence (0.90). Regime: TREND_BEAR. Trend score: -0.35, bias: SHORT
2026-02-03 08:26:23,469 | SentinelBot | INFO |    Stats: Qual=1.00 | Conf=0.90 | Dir=SHORT
2026-02-03 08:26:23,469 | SentinelBot | INFO | ⏳ BIAS_DETECTED | FILUSDTM SHORT | Waiting for Zone [1.078001 - 1.078123]
2026-02-03 08:26:23,469 | SentinelBot | INFO | 🔍 Scanning APTUSDTM...
2026-02-03 08:26:24,575 | SentinelBot | INFO | ✅ HTF CONFIRMED: H1 Trend aligns with SHORT
2026-02-03 08:26:24,577 | SentinelBot | INFO | 🚨 TRADE POTENTIAL: APTUSDTM | Rec: ALLOW_TRADE
2026-02-03 08:26:24,577 | SentinelBot | INFO |    Reason: Strong setup (1.00) with confidence (0.90). Regime: TREND_BEAR. Trend score: -0.40, bias: SHORT
2026-02-03 08:26:24,577 | SentinelBot | INFO |    Stats: Qual=1.00 | Conf=0.90 | Dir=SHORT
2026-02-03 08:26:24,578 | SentinelBot | INFO | 🚫 ENTRY_BLOCKED | BAD_RR | APTUSDTM R:R = 1:0.00 < 1:2
2026-02-03 08:26:24,579 | SentinelBot | INFO | 🔍 Scanning ARBUSDTM...
2026-02-03 08:26:25,696 | SentinelBot | INFO | ✅ HTF CONFIRMED: H1 Trend aligns with SHORT
2026-02-03 08:26:25,696 | SentinelBot | INFO | 🚨 TRADE POTENTIAL: ARBUSDTM | Rec: MICRO_TRADE
2026-02-03 08:26:25,697 | SentinelBot | INFO |    Reason: Good setup (0.70) but low confidence (0.42). Regime: RANGE. Trend score: -0.20, bias: SHORT
2026-02-03 08:26:25,697 | SentinelBot | INFO |    Stats: Qual=0.70 | Conf=0.42 | Dir=SHORT
2026-02-03 08:26:25,698 | SentinelBot | INFO | ⏳ BIAS_DETECTED | ARBUSDTM SHORT | Waiting for Zone [0.136664 - 0.136884]
2026-02-03 08:26:25,698 | SentinelBot | INFO | 🔍 Scanning OPUSDTM...
2026-02-03 08:26:26,777 | SentinelBot | INFO | ✅ HTF CONFIRMED: H1 Trend aligns with SHORT
2026-02-03 08:26:26,777 | SentinelBot | INFO | 🚨 TRADE POTENTIAL: OPUSDTM | Rec: MICRO_TRADE
2026-02-03 08:26:26,779 | SentinelBot | INFO |    Reason: Good setup (0.91) but low confidence (0.55). Regime: RANGE. Trend score: -0.25, bias: SHORT
2026-02-03 08:26:26,779 | SentinelBot | INFO |    Stats: Qual=0.91 | Conf=0.55 | Dir=SHORT
2026-02-03 08:26:26,780 | SentinelBot | INFO | ⏳ BIAS_DETECTED | OPUSDTM SHORT | Waiting for Zone [0.229117 - 0.229508]
2026-02-03 08:26:26,780 | SentinelBot | INFO | 🔍 Scanning SUIUSDTM...
2026-02-03 08:26:27,809 | SentinelBot | INFO | ✅ HTF CONFIRMED: H1 Trend aligns with SHORT
2026-02-03 08:26:27,809 | SentinelBot | INFO | 🚨 TRADE POTENTIAL: SUIUSDTM | Rec: ALLOW_TRADE
2026-02-03 08:26:27,810 | SentinelBot | INFO |    Reason: Strong setup (0.76) with confidence (0.68). Regime: TREND_BEAR. Trend score: -0.30, bias: SHORT
2026-02-03 08:26:27,810 | SentinelBot | INFO |    Stats: Qual=0.76 | Conf=0.68 | Dir=SHORT
2026-02-03 08:26:27,810 | SentinelBot | INFO | 🚫 ENTRY_BLOCKED | BAD_RR | SUIUSDTM R:R = 1:2.00 < 1:2
2026-02-03 08:26:27,810 | SentinelBot | INFO | 🔍 Scanning PEPEUSDTM...
2026-02-03 08:26:28,936 | SentinelBot | INFO | ✅ HTF CONFIRMED: H1 Trend aligns with SHORT
2026-02-03 08:26:28,936 | SentinelBot | INFO | 🚨 TRADE POTENTIAL: PEPEUSDTM | Rec: MICRO_TRADE
2026-02-03 08:26:28,936 | SentinelBot | INFO |    Reason: Good setup (0.83) but low confidence (0.50). Regime: RANGE. Trend score: -0.10, bias: SHORT
2026-02-03 08:26:28,936 | SentinelBot | INFO |    Stats: Qual=0.83 | Conf=0.50 | Dir=SHORT
2026-02-03 08:26:28,936 | SentinelBot | INFO | 🚫 ENTRY_BLOCKED | BAD_RR | PEPEUSDTM R:R = 1:0.00 < 1:2
2026-02-03 08:26:28,936 | SentinelBot | INFO | 🔍 Scanning NEARUSDTM...
2026-02-03 08:26:30,067 | SentinelBot | INFO | ✅ HTF CONFIRMED: H1 Trend aligns with SHORT
2026-02-03 08:26:30,067 | SentinelBot | INFO | 🚨 TRADE POTENTIAL: NEARUSDTM | Rec: ALLOW_TRADE
2026-02-03 08:26:30,070 | SentinelBot | INFO |    Reason: Strong setup (1.00) with confidence (0.60). Regime: RANGE. Trend score: -0.15, bias: SHORT
2026-02-03 08:26:30,070 | SentinelBot | INFO |    Stats: Qual=1.00 | Conf=0.60 | Dir=SHORT
2026-02-03 08:26:30,070 | SentinelBot | INFO | 🚫 ENTRY_BLOCKED | BAD_RR | NEARUSDTM R:R = 1:0.00 < 1:2
2026-02-03 08:26:30,071 | SentinelBot | INFO | 🔍 Scanning RNDRUSDTM...
2026-02-03 08:26:31,090 | SentinelBot | INFO | ✅ HTF CONFIRMED: H1 Trend aligns with SHORT
2026-02-03 08:26:31,090 | SentinelBot | INFO | 🚨 TRADE POTENTIAL: RNDRUSDTM | Rec: MICRO_TRADE
2026-02-03 08:26:31,090 | SentinelBot | INFO |    Reason: Good setup (0.87) but low confidence (0.52). Regime: RANGE. Trend score: -0.10, bias: SHORT
2026-02-03 08:26:31,090 | SentinelBot | INFO |    Stats: Qual=0.87 | Conf=0.52 | Dir=SHORT
2026-02-03 08:26:31,091 | SentinelBot | INFO | 🚫 ENTRY_BLOCKED | BAD_RR | RNDRUSDTM R:R = 1:0.00 < 1:2
2026-02-03 08:26:31,091 | SentinelBot | INFO | 🔍 Scanning INJUSDTM...
2026-02-03 08:26:32,245 | SentinelBot | INFO | ✅ HTF CONFIRMED: H1 Trend aligns with SHORT
2026-02-03 08:26:32,246 | SentinelBot | INFO | 🚨 TRADE POTENTIAL: INJUSDTM | Rec: MICRO_TRADE
2026-02-03 08:26:32,246 | SentinelBot | INFO |    Reason: Good setup (0.94) but low confidence (0.57). Regime: RANGE. Trend score: -0.20, bias: SHORT
2026-02-03 08:26:32,247 | SentinelBot | INFO |    Stats: Qual=0.94 | Conf=0.57 | Dir=SHORT
2026-02-03 08:26:32,247 | SentinelBot | INFO | 🚫 ENTRY_BLOCKED | BAD_RR | INJUSDTM R:R = 1:2.00 < 1:2
2026-02-03 08:26:32,247 | SentinelBot | INFO | 🔍 Scanning TIAUSDTM...
2026-02-03 08:26:33,277 | SentinelBot | INFO | ⚠️ HTF MISMATCH: TIAUSDTM Short vs Bull Trend. ALLOWED due to High Confidence (0.85)
2026-02-03 08:26:33,277 | SentinelBot | INFO | ✅ HTF CONFIRMED: H1 Trend aligns with SHORT
2026-02-03 08:26:33,278 | SentinelBot | INFO | 🚨 TRADE POTENTIAL: TIAUSDTM | Rec: ALLOW_TRADE
2026-02-03 08:26:33,278 | SentinelBot | INFO |    Reason: Strong setup (1.00) with confidence (0.85). Regime: MOMENTUM. Trend score: -0.45, bias: SHORT
2026-02-03 08:26:33,278 | SentinelBot | INFO |    Stats: Qual=1.00 | Conf=0.85 | Dir=SHORT
2026-02-03 08:26:33,278 | SentinelBot | INFO | 🚫 ENTRY_BLOCKED | BAD_RR | TIAUSDTM R:R = 1:2.00 < 1:2
2026-02-03 08:26:33,278 | SentinelBot | INFO | 🔍 Scanning IMXUSDTM...
2026-02-03 08:26:34,375 | SentinelBot | INFO | ✅ HTF CONFIRMED: H1 Trend aligns with SHORT
2026-02-03 08:26:34,377 | SentinelBot | INFO | 🚨 TRADE POTENTIAL: IMXUSDTM | Rec: ALLOW_TRADE
2026-02-03 08:26:34,377 | SentinelBot | INFO |    Reason: Strong setup (1.00) with confidence (0.94). Regime: MOMENTUM. Trend score: -0.55, bias: SHORT
2026-02-03 08:26:34,378 | SentinelBot | INFO |    Stats: Qual=1.00 | Conf=0.94 | Dir=SHORT
2026-02-03 08:26:34,378 | SentinelBot | INFO | 🚫 ENTRY_BLOCKED | BAD_RR | IMXUSDTM R:R = 1:0.00 < 1:2
2026-02-03 08:26:34,379 | SentinelBot | INFO | 🔍 Scanning LDOUSDTM...
2026-02-03 08:26:35,445 | SentinelBot | INFO | ✅ HTF CONFIRMED: H1 Trend aligns with SHORT
2026-02-03 08:26:35,446 | SentinelBot | INFO | 🚨 TRADE POTENTIAL: LDOUSDTM | Rec: MICRO_TRADE
2026-02-03 08:26:35,446 | SentinelBot | INFO |    Reason: Good setup (0.70) but low confidence (0.42). Regime: RANGE. Trend score: -0.30, bias: SHORT
2026-02-03 08:26:35,446 | SentinelBot | INFO |    Stats: Qual=0.70 | Conf=0.42 | Dir=SHORT
2026-02-03 08:26:35,446 | SentinelBot | INFO | 🚫 ENTRY_BLOCKED | BAD_RR | LDOUSDTM R:R = 1:2.00 < 1:2
2026-02-03 08:26:55,613 | SentinelBot | INFO | 💓 Loop alive | Cycle 490 | Watching 30 symbols
2026-02-03 08:27:05,286 | SentinelBot | INFO | 🔍 Scanning XBTUSDTM...
2026-02-03 08:27:06,298 | SentinelBot | INFO | 🛑 HTF MISMATCH: XBTUSDTM Signal SHORT vs Bull Trend. Blocked (Conf 0.56 < 0.75)
2026-02-03 08:27:06,299 | SentinelBot | INFO | 🔍 Scanning ETHUSDTM...
2026-02-03 08:27:07,168 | SentinelBot | INFO |    📊 ETHUSDTM: Rec=NO_TRADE (Qual=0.51)
2026-02-03 08:27:07,168 | SentinelBot | INFO | 🔍 Scanning SOLUSDTM...
2026-02-03 08:27:08,155 | SentinelBot | INFO | ✅ HTF CONFIRMED: H1 Trend aligns with SHORT
2026-02-03 08:27:08,155 | SentinelBot | INFO | 🚨 TRADE POTENTIAL: SOLUSDTM | Rec: MICRO_TRADE
2026-02-03 08:27:08,156 | SentinelBot | INFO |    Reason: Good setup (0.65) but low confidence (0.39). Regime: RANGE. Trend score: -0.10, bias: SHORT
2026-02-03 08:27:08,156 | SentinelBot | INFO |    Stats: Qual=0.65 | Conf=0.39 | Dir=SHORT
2026-02-03 08:27:08,157 | SentinelBot | INFO | ⏳ BIAS_DETECTED | SOLUSDTM SHORT | Waiting for Zone [104.030289 - 104.092630]
2026-02-03 08:27:08,157 | SentinelBot | INFO | 🔍 Scanning BNBUSDTM...
2026-02-03 08:27:09,178 | SentinelBot | INFO | ✅ HTF CONFIRMED: H1 Trend aligns with SHORT
2026-02-03 08:27:09,178 | SentinelBot | INFO | 🚨 TRADE POTENTIAL: BNBUSDTM | Rec: MICRO_TRADE
2026-02-03 08:27:09,179 | SentinelBot | INFO |    Reason: Good setup (0.61) but low confidence (0.37). Regime: RANGE. Trend score: -0.10, bias: SHORT
2026-02-03 08:27:09,179 | SentinelBot | INFO |    Stats: Qual=0.61 | Conf=0.37 | Dir=SHORT
2026-02-03 08:27:09,179 | SentinelBot | INFO | 🚫 ENTRY_BLOCKED | BAD_RR | BNBUSDTM R:R = 1:2.00 < 1:2
2026-02-03 08:27:09,180 | SentinelBot | INFO | 🔍 Scanning XRPUSDTM...
2026-02-03 08:27:10,151 | SentinelBot | INFO | ✅ HTF CONFIRMED: H1 Trend aligns with SHORT
2026-02-03 08:27:10,152 | SentinelBot | INFO | 🚨 TRADE POTENTIAL: XRPUSDTM | Rec: MICRO_TRADE
2026-02-03 08:27:10,153 | SentinelBot | INFO |    Reason: Good setup (0.65) but low confidence (0.39). Regime: RANGE. Trend score: -0.20, bias: SHORT
2026-02-03 08:27:10,153 | SentinelBot | INFO |    Stats: Qual=0.66 | Conf=0.39 | Dir=SHORT
2026-02-03 08:27:10,153 | SentinelBot | INFO | 🚫 ENTRY_BLOCKED | BAD_RR | XRPUSDTM R:R = 1:2.00 < 1:2
2026-02-03 08:27:10,154 | SentinelBot | INFO | 🔍 Scanning ADAUSDTM...
2026-02-03 08:27:11,146 | SentinelBot | INFO | 🛑 HTF MISMATCH: ADAUSDTM Signal SHORT vs Bull Trend. Blocked (Conf 0.52 < 0.75)
2026-02-03 08:27:11,147 | SentinelBot | INFO | 🔍 Scanning DOGEUSDTM...
2026-02-03 08:27:12,172 | SentinelBot | INFO | 🛑 HTF MISMATCH: DOGEUSDTM Signal SHORT vs Bull Trend. Blocked (Conf 0.43 < 0.75)
2026-02-03 08:27:12,172 | SentinelBot | INFO | 🔍 Scanning AVAXUSDTM...
2026-02-03 08:27:13,120 | SentinelBot | INFO | ✅ HTF CONFIRMED: H1 Trend aligns with SHORT
2026-02-03 08:27:13,120 | SentinelBot | INFO | 🚨 TRADE POTENTIAL: AVAXUSDTM | Rec: MICRO_TRADE
2026-02-03 08:27:13,120 | SentinelBot | INFO |    Reason: Good setup (0.96) but low confidence (0.58). Regime: RANGE. Trend score: -0.15, bias: SHORT
2026-02-03 08:27:13,121 | SentinelBot | INFO |    Stats: Qual=0.96 | Conf=0.58 | Dir=SHORT
2026-02-03 08:27:13,121 | SentinelBot | INFO | ⏳ BIAS_DETECTED | AVAXUSDTM SHORT | Waiting for Zone [10.110486 - 10.118323]
2026-02-03 08:27:13,121 | SentinelBot | INFO | 🔍 Scanning LINKUSDTM...
2026-02-03 08:27:13,950 | SentinelBot | INFO |    📊 LINKUSDTM: Rec=NO_TRADE (Qual=0.58)
2026-02-03 08:27:13,950 | SentinelBot | INFO | 🔍 Scanning DOTUSDTM...
2026-02-03 08:27:15,069 | SentinelBot | INFO | ✅ HTF CONFIRMED: H1 Trend aligns with SHORT
2026-02-03 08:27:15,069 | SentinelBot | INFO | 🚨 TRADE POTENTIAL: DOTUSDTM | Rec: ALLOW_TRADE
2026-02-03 08:27:15,069 | SentinelBot | INFO |    Reason: Strong setup (1.00) with confidence (0.60). Regime: RANGE. Trend score: -0.15, bias: SHORT
2026-02-03 08:27:15,070 | SentinelBot | INFO |    Stats: Qual=1.00 | Conf=0.60 | Dir=SHORT
2026-02-03 08:27:15,070 | SentinelBot | INFO | 🚫 ENTRY_BLOCKED | BAD_RR | DOTUSDTM R:R = 1:0.00 < 1:2
2026-02-03 08:27:15,071 | SentinelBot | INFO | 🔍 Scanning TRXUSDTM...
2026-02-03 08:27:15,467 | SentinelBot | INFO | 🚫 ENTRY_BLOCKED | NO_TRADE_ZONE | TRXUSDTM price=0.2835 inside range [0.2832 - 0.2836]
2026-02-03 08:27:15,468 | SentinelBot | INFO | 🔍 Scanning LTCUSDTM...
2026-02-03 08:27:16,488 | SentinelBot | INFO | ✅ HTF CONFIRMED: H1 Trend aligns with SHORT
2026-02-03 08:27:16,488 | SentinelBot | INFO | 🚨 TRADE POTENTIAL: LTCUSDTM | Rec: MICRO_TRADE
2026-02-03 08:27:16,488 | SentinelBot | INFO |    Reason: Good setup (0.73) but low confidence (0.44). Regime: RANGE. Trend score: 0.00, bias: SHORT
2026-02-03 08:27:16,489 | SentinelBot | INFO |    Stats: Qual=0.73 | Conf=0.44 | Dir=SHORT
2026-02-03 08:27:16,489 | SentinelBot | INFO | 🚫 ENTRY_BLOCKED | BAD_RR | LTCUSDTM R:R = 1:2.00 < 1:2
2026-02-03 08:27:16,491 | SentinelBot | INFO | 🔍 Scanning MATICUSDTM...
2026-02-03 08:27:17,600 | SentinelBot | INFO | 🛑 HTF MISMATCH: MATICUSDTM Signal LONG vs Bear Trend. Blocked (Conf 0.39 < 0.80)
2026-02-03 08:27:17,600 | SentinelBot | INFO | 🔍 Scanning SHIBUSDTM...
2026-02-03 08:27:18,389 | SentinelBot | INFO |    📊 SHIBUSDTM: Rec=NO_TRADE (Qual=0.31)
2026-02-03 08:27:18,390 | SentinelBot | INFO | 🔍 Scanning UNIUSDTM...
2026-02-03 08:27:19,387 | SentinelBot | INFO | ✅ HTF CONFIRMED: H1 Trend aligns with SHORT
2026-02-03 08:27:19,388 | SentinelBot | INFO | 🚨 TRADE POTENTIAL: UNIUSDTM | Rec: ALLOW_TRADE
2026-02-03 08:27:19,388 | SentinelBot | INFO |    Reason: Strong setup (1.00) with confidence (0.60). Regime: RANGE. Trend score: -0.10, bias: SHORT
2026-02-03 08:27:19,389 | SentinelBot | INFO |    Stats: Qual=1.00 | Conf=0.60 | Dir=SHORT
2026-02-03 08:27:19,390 | SentinelBot | INFO | ⏳ BIAS_DETECTED | UNIUSDTM SHORT | Waiting for Zone [3.906461 - 3.912110]
2026-02-03 08:27:19,390 | SentinelBot | INFO | 🔍 Scanning ATOMUSDTM...
2026-02-03 08:27:20,572 | SentinelBot | INFO | ✅ HTF CONFIRMED: H1 Trend aligns with SHORT
2026-02-03 08:27:20,573 | SentinelBot | INFO | 🚨 TRADE POTENTIAL: ATOMUSDTM | Rec: ALLOW_TRADE
2026-02-03 08:27:20,573 | SentinelBot | INFO |    Reason: Strong setup (1.00) with confidence (0.90). Regime: TREND_BEAR. Trend score: -0.40, bias: SHORT
2026-02-03 08:27:20,574 | SentinelBot | INFO |    Stats: Qual=1.00 | Conf=0.90 | Dir=SHORT
2026-02-03 08:27:20,574 | SentinelBot | INFO | 🚫 ENTRY_BLOCKED | BAD_RR | ATOMUSDTM R:R = 1:0.00 < 1:2
2026-02-03 08:27:20,575 | SentinelBot | INFO | 🔍 Scanning XLMUSDTM...
2026-02-03 08:27:21,756 | SentinelBot | INFO | ✅ HTF CONFIRMED: H1 Trend aligns with SHORT
2026-02-03 08:27:21,757 | SentinelBot | INFO | 🚨 TRADE POTENTIAL: XLMUSDTM | Rec: ALLOW_TRADE
2026-02-03 08:27:21,757 | SentinelBot | INFO |    Reason: Strong setup (1.00) with confidence (0.94). Regime: MOMENTUM. Trend score: -0.60, bias: SHORT
2026-02-03 08:27:21,757 | SentinelBot | INFO |    Stats: Qual=1.00 | Conf=0.94 | Dir=SHORT
2026-02-03 08:27:21,758 | SentinelBot | INFO | 🚫 ENTRY_BLOCKED | BAD_RR | XLMUSDTM R:R = 1:0.00 < 1:2
2026-02-03 08:27:21,758 | SentinelBot | INFO | 🔍 Scanning ETCUSDTM...
2026-02-03 08:27:22,804 | SentinelBot | INFO | ✅ HTF CONFIRMED: H1 Trend aligns with SHORT
2026-02-03 08:27:22,804 | SentinelBot | INFO | 🚨 TRADE POTENTIAL: ETCUSDTM | Rec: ALLOW_TRADE
2026-02-03 08:27:22,805 | SentinelBot | INFO |    Reason: Strong setup (1.00) with confidence (0.90). Regime: TREND_BEAR. Trend score: -0.35, bias: SHORT
2026-02-03 08:27:22,805 | SentinelBot | INFO |    Stats: Qual=1.00 | Conf=0.90 | Dir=SHORT
2026-02-03 08:27:22,805 | SentinelBot | INFO | 🚫 ENTRY_BLOCKED | BAD_RR | ETCUSDTM R:R = 1:2.00 < 1:2
2026-02-03 08:27:22,806 | SentinelBot | INFO | 🔍 Scanning FILUSDTM...
2026-02-03 08:27:24,808 | SentinelBot | INFO | ⚠️ HTF MISMATCH: FILUSDTM Short vs Bull Trend. ALLOWED due to High Confidence (0.90)
2026-02-03 08:27:24,810 | SentinelBot | INFO | ✅ HTF CONFIRMED: H1 Trend aligns with SHORT
2026-02-03 08:27:24,810 | SentinelBot | INFO | 🚨 TRADE POTENTIAL: FILUSDTM | Rec: ALLOW_TRADE
2026-02-03 08:27:24,810 | SentinelBot | INFO |    Reason: Strong setup (1.00) with confidence (0.90). Regime: TREND_BEAR. Trend score: -0.35, bias: SHORT
2026-02-03 08:27:24,811 | SentinelBot | INFO |    Stats: Qual=1.00 | Conf=0.90 | Dir=SHORT
2026-02-03 08:27:24,811 | SentinelBot | INFO | ⏳ BIAS_DETECTED | FILUSDTM SHORT | Waiting for Zone [1.078001 - 1.078123]
2026-02-03 08:27:24,811 | SentinelBot | INFO | 🔍 Scanning APTUSDTM...
2026-02-03 08:27:25,856 | SentinelBot | INFO | ✅ HTF CONFIRMED: H1 Trend aligns with SHORT
2026-02-03 08:27:25,857 | SentinelBot | INFO | 🚨 TRADE POTENTIAL: APTUSDTM | Rec: ALLOW_TRADE
2026-02-03 08:27:25,857 | SentinelBot | INFO |    Reason: Strong setup (1.00) with confidence (0.90). Regime: TREND_BEAR. Trend score: -0.40, bias: SHORT
2026-02-03 08:27:25,857 | SentinelBot | INFO |    Stats: Qual=1.00 | Conf=0.90 | Dir=SHORT
2026-02-03 08:27:25,858 | SentinelBot | INFO | 🚫 ENTRY_BLOCKED | BAD_RR | APTUSDTM R:R = 1:0.00 < 1:2
2026-02-03 08:27:25,858 | SentinelBot | INFO | 🔍 Scanning ARBUSDTM...
2026-02-03 08:27:26,977 | SentinelBot | INFO | ✅ HTF CONFIRMED: H1 Trend aligns with SHORT
2026-02-03 08:27:26,977 | SentinelBot | INFO | 🚨 TRADE POTENTIAL: ARBUSDTM | Rec: MICRO_TRADE
2026-02-03 08:27:26,977 | SentinelBot | INFO |    Reason: Good setup (0.70) but low confidence (0.42). Regime: RANGE. Trend score: -0.20, bias: SHORT
2026-02-03 08:27:26,977 | SentinelBot | INFO |    Stats: Qual=0.70 | Conf=0.42 | Dir=SHORT
2026-02-03 08:27:26,981 | SentinelBot | INFO | ⏳ BIAS_DETECTED | ARBUSDTM SHORT | Waiting for Zone [0.136664 - 0.136884]
2026-02-03 08:27:26,982 | SentinelBot | INFO | 🔍 Scanning OPUSDTM...
2026-02-03 08:27:27,974 | SentinelBot | INFO | ✅ HTF CONFIRMED: H1 Trend aligns with SHORT
2026-02-03 08:27:27,974 | SentinelBot | INFO | 🚨 TRADE POTENTIAL: OPUSDTM | Rec: MICRO_TRADE
2026-02-03 08:27:27,975 | SentinelBot | INFO |    Reason: Good setup (0.91) but low confidence (0.55). Regime: RANGE. Trend score: -0.25, bias: SHORT
2026-02-03 08:27:27,975 | SentinelBot | INFO |    Stats: Qual=0.91 | Conf=0.55 | Dir=SHORT
2026-02-03 08:27:27,976 | SentinelBot | INFO | ⏳ BIAS_DETECTED | OPUSDTM SHORT | Waiting for Zone [0.229117 - 0.229508]
2026-02-03 08:27:27,977 | SentinelBot | INFO | 🔍 Scanning SUIUSDTM...
2026-02-03 08:27:28,994 | SentinelBot | INFO | ✅ HTF CONFIRMED: H1 Trend aligns with SHORT
2026-02-03 08:27:28,994 | SentinelBot | INFO | 🚨 TRADE POTENTIAL: SUIUSDTM | Rec: ALLOW_TRADE
2026-02-03 08:27:28,996 | SentinelBot | INFO |    Reason: Strong setup (0.76) with confidence (0.68). Regime: TREND_BEAR. Trend score: -0.30, bias: SHORT
2026-02-03 08:27:28,996 | SentinelBot | INFO |    Stats: Qual=0.76 | Conf=0.68 | Dir=SHORT
2026-02-03 08:27:28,997 | SentinelBot | INFO | 🚫 ENTRY_BLOCKED | BAD_RR | SUIUSDTM R:R = 1:2.00 < 1:2
2026-02-03 08:27:28,997 | SentinelBot | INFO | 🔍 Scanning PEPEUSDTM...
2026-02-03 08:27:30,103 | SentinelBot | INFO | ✅ HTF CONFIRMED: H1 Trend aligns with SHORT
2026-02-03 08:27:30,105 | SentinelBot | INFO | 🚨 TRADE POTENTIAL: PEPEUSDTM | Rec: MICRO_TRADE
2026-02-03 08:27:30,106 | SentinelBot | INFO |    Reason: Good setup (0.83) but low confidence (0.50). Regime: RANGE. Trend score: -0.10, bias: SHORT
2026-02-03 08:27:30,106 | SentinelBot | INFO |    Stats: Qual=0.83 | Conf=0.50 | Dir=SHORT
2026-02-03 08:27:30,107 | SentinelBot | INFO | 🚫 ENTRY_BLOCKED | BAD_RR | PEPEUSDTM R:R = 1:0.00 < 1:2
2026-02-03 08:27:30,107 | SentinelBot | INFO | 🔍 Scanning NEARUSDTM...
2026-02-03 08:27:32,777 | SentinelBot | INFO | ✅ HTF CONFIRMED: H1 Trend aligns with SHORT
2026-02-03 08:27:32,779 | SentinelBot | INFO | 🚨 TRADE POTENTIAL: NEARUSDTM | Rec: ALLOW_TRADE
2026-02-03 08:27:32,779 | SentinelBot | INFO |    Reason: Strong setup (1.00) with confidence (0.60). Regime: RANGE. Trend score: -0.15, bias: SHORT
2026-02-03 08:27:32,780 | SentinelBot | INFO |    Stats: Qual=1.00 | Conf=0.60 | Dir=SHORT
2026-02-03 08:27:32,780 | SentinelBot | INFO | 🚫 ENTRY_BLOCKED | BAD_RR | NEARUSDTM R:R = 1:0.00 < 1:2
2026-02-03 08:27:32,780 | SentinelBot | INFO | 🔍 Scanning RNDRUSDTM...
2026-02-03 08:27:33,806 | SentinelBot | INFO | ✅ HTF CONFIRMED: H1 Trend aligns with SHORT
2026-02-03 08:27:33,811 | SentinelBot | INFO | 🚨 TRADE POTENTIAL: RNDRUSDTM | Rec: MICRO_TRADE
2026-02-03 08:27:33,811 | SentinelBot | INFO |    Reason: Good setup (0.87) but low confidence (0.52). Regime: RANGE. Trend score: -0.10, bias: SHORT
2026-02-03 08:27:33,811 | SentinelBot | INFO |    Stats: Qual=0.87 | Conf=0.52 | Dir=SHORT
2026-02-03 08:27:33,811 | SentinelBot | INFO | 🚫 ENTRY_BLOCKED | BAD_RR | RNDRUSDTM R:R = 1:0.00 < 1:2
2026-02-03 08:27:33,813 | SentinelBot | INFO | 🔍 Scanning INJUSDTM...
2026-02-03 08:27:34,854 | SentinelBot | INFO | ✅ HTF CONFIRMED: H1 Trend aligns with SHORT
2026-02-03 08:27:34,854 | SentinelBot | INFO | 🚨 TRADE POTENTIAL: INJUSDTM | Rec: MICRO_TRADE
2026-02-03 08:27:34,855 | SentinelBot | INFO |    Reason: Good setup (0.94) but low confidence (0.57). Regime: RANGE. Trend score: -0.20, bias: SHORT
2026-02-03 08:27:34,855 | SentinelBot | INFO |    Stats: Qual=0.94 | Conf=0.57 | Dir=SHORT
2026-02-03 08:27:34,855 | SentinelBot | INFO | 🚫 ENTRY_BLOCKED | BAD_RR | INJUSDTM R:R = 1:2.00 < 1:2
2026-02-03 08:27:34,856 | SentinelBot | INFO | 🔍 Scanning TIAUSDTM...
2026-02-03 08:27:35,840 | SentinelBot | INFO | ⚠️ HTF MISMATCH: TIAUSDTM Short vs Bull Trend. ALLOWED due to High Confidence (0.85)
2026-02-03 08:27:35,840 | SentinelBot | INFO | ✅ HTF CONFIRMED: H1 Trend aligns with SHORT
2026-02-03 08:27:35,840 | SentinelBot | INFO | 🚨 TRADE POTENTIAL: TIAUSDTM | Rec: ALLOW_TRADE
2026-02-03 08:27:35,840 | SentinelBot | INFO |    Reason: Strong setup (1.00) with confidence (0.85). Regime: MOMENTUM. Trend score: -0.45, bias: SHORT
2026-02-03 08:27:35,840 | SentinelBot | INFO |    Stats: Qual=1.00 | Conf=0.85 | Dir=SHORT
2026-02-03 08:27:35,840 | SentinelBot | INFO | 🚫 ENTRY_BLOCKED | BAD_RR | TIAUSDTM R:R = 1:2.00 < 1:2
2026-02-03 08:27:35,840 | SentinelBot | INFO | 🔍 Scanning IMXUSDTM...
2026-02-03 08:27:36,872 | SentinelBot | INFO | ✅ HTF CONFIRMED: H1 Trend aligns with SHORT
2026-02-03 08:27:36,873 | SentinelBot | INFO | 🚨 TRADE POTENTIAL: IMXUSDTM | Rec: ALLOW_TRADE
2026-02-03 08:27:36,873 | SentinelBot | INFO |    Reason: Strong setup (1.00) with confidence (0.94). Regime: MOMENTUM. Trend score: -0.55, bias: SHORT
2026-02-03 08:27:36,873 | SentinelBot | INFO |    Stats: Qual=1.00 | Conf=0.94 | Dir=SHORT
2026-02-03 08:27:36,873 | SentinelBot | INFO | 🚫 ENTRY_BLOCKED | BAD_RR | IMXUSDTM R:R = 1:0.00 < 1:2
2026-02-03 08:27:36,874 | SentinelBot | INFO | 🔍 Scanning LDOUSDTM...
2026-02-03 08:27:37,909 | SentinelBot | INFO | ✅ HTF CONFIRMED: H1 Trend aligns with SHORT
2026-02-03 08:27:37,909 | SentinelBot | INFO | 🚨 TRADE POTENTIAL: LDOUSDTM | Rec: MICRO_TRADE
2026-02-03 08:27:37,909 | SentinelBot | INFO |    Reason: Good setup (0.70) but low confidence (0.42). Regime: RANGE. Trend score: -0.30, bias: SHORT
2026-02-03 08:27:37,910 | SentinelBot | INFO |    Stats: Qual=0.70 | Conf=0.42 | Dir=SHORT
2026-02-03 08:27:37,911 | SentinelBot | INFO | 🚫 ENTRY_BLOCKED | BAD_RR | LDOUSDTM R:R = 1:2.00 < 1:2
2026-02-03 08:27:51,707 | SentinelBot | INFO | 💓 Loop alive | Cycle 500 | Watching 30 symbols
2026-02-03 08:28:06,265 | SentinelBot | INFO | 🔍 Scanning XBTUSDTM...
2026-02-03 08:28:07,412 | SentinelBot | INFO | 🛑 HTF MISMATCH: XBTUSDTM Signal SHORT vs Bull Trend. Blocked (Conf 0.56 < 0.75)
2026-02-03 08:28:07,412 | SentinelBot | INFO | 🔍 Scanning ETHUSDTM...
2026-02-03 08:28:08,306 | SentinelBot | INFO |    📊 ETHUSDTM: Rec=NO_TRADE (Qual=0.51)
2026-02-03 08:28:08,308 | SentinelBot | INFO | 🔍 Scanning SOLUSDTM...
2026-02-03 08:28:09,279 | SentinelBot | INFO | ✅ HTF CONFIRMED: H1 Trend aligns with SHORT
2026-02-03 08:28:09,281 | SentinelBot | INFO | 🚨 TRADE POTENTIAL: SOLUSDTM | Rec: MICRO_TRADE
2026-02-03 08:28:09,281 | SentinelBot | INFO |    Reason: Good setup (0.65) but low confidence (0.39). Regime: RANGE. Trend score: -0.10, bias: SHORT
2026-02-03 08:28:09,284 | SentinelBot | INFO |    Stats: Qual=0.65 | Conf=0.39 | Dir=SHORT
2026-02-03 08:28:09,285 | SentinelBot | INFO | ⏳ BIAS_DETECTED | SOLUSDTM SHORT | Waiting for Zone [104.030289 - 104.092630]
2026-02-03 08:28:09,286 | SentinelBot | INFO | 🔍 Scanning BNBUSDTM...
2026-02-03 08:28:10,401 | SentinelBot | INFO | ✅ HTF CONFIRMED: H1 Trend aligns with SHORT
2026-02-03 08:28:10,403 | SentinelBot | INFO | 🚨 TRADE POTENTIAL: BNBUSDTM | Rec: MICRO_TRADE
2026-02-03 08:28:10,403 | SentinelBot | INFO |    Reason: Good setup (0.61) but low confidence (0.37). Regime: RANGE. Trend score: -0.10, bias: SHORT
2026-02-03 08:28:10,403 | SentinelBot | INFO |    Stats: Qual=0.61 | Conf=0.37 | Dir=SHORT
2026-02-03 08:28:10,404 | SentinelBot | INFO | 🚫 ENTRY_BLOCKED | BAD_RR | BNBUSDTM R:R = 1:2.00 < 1:2
2026-02-03 08:28:10,404 | SentinelBot | INFO | 🔍 Scanning XRPUSDTM...
2026-02-03 08:28:11,445 | SentinelBot | INFO | ✅ HTF CONFIRMED: H1 Trend aligns with SHORT
2026-02-03 08:28:11,445 | SentinelBot | INFO | 🚨 TRADE POTENTIAL: XRPUSDTM | Rec: MICRO_TRADE
2026-02-03 08:28:11,446 | SentinelBot | INFO |    Reason: Good setup (0.65) but low confidence (0.39). Regime: RANGE. Trend score: -0.20, bias: SHORT
2026-02-03 08:28:11,446 | SentinelBot | INFO |    Stats: Qual=0.66 | Conf=0.39 | Dir=SHORT
2026-02-03 08:28:11,446 | SentinelBot | INFO | 🚫 ENTRY_BLOCKED | BAD_RR | XRPUSDTM R:R = 1:2.00 < 1:2
2026-02-03 08:28:11,447 | SentinelBot | INFO | 🔍 Scanning ADAUSDTM...
2026-02-03 08:28:14,328 | SentinelBot | INFO | 🛑 HTF MISMATCH: ADAUSDTM Signal SHORT vs Bull Trend. Blocked (Conf 0.52 < 0.75)
2026-02-03 08:28:14,329 | SentinelBot | INFO | 🔍 Scanning DOGEUSDTM...
2026-02-03 08:28:15,431 | SentinelBot | INFO | 🛑 HTF MISMATCH: DOGEUSDTM Signal SHORT vs Bull Trend. Blocked (Conf 0.43 < 0.75)
2026-02-03 08:28:15,432 | SentinelBot | INFO | 🔍 Scanning AVAXUSDTM...
2026-02-03 08:28:16,700 | SentinelBot | INFO | ✅ HTF CONFIRMED: H1 Trend aligns with SHORT
2026-02-03 08:28:16,701 | SentinelBot | INFO | 🚨 TRADE POTENTIAL: AVAXUSDTM | Rec: MICRO_TRADE
2026-02-03 08:28:16,701 | SentinelBot | INFO |    Reason: Good setup (0.96) but low confidence (0.58). Regime: RANGE. Trend score: -0.15, bias: SHORT
2026-02-03 08:28:16,701 | SentinelBot | INFO |    Stats: Qual=0.96 | Conf=0.58 | Dir=SHORT
2026-02-03 08:28:16,703 | SentinelBot | INFO | ⏳ BIAS_DETECTED | AVAXUSDTM SHORT | Waiting for Zone [10.110486 - 10.118323]
2026-02-03 08:28:16,704 | SentinelBot | INFO | 🔍 Scanning LINKUSDTM...
2026-02-03 08:28:17,604 | SentinelBot | INFO |    📊 LINKUSDTM: Rec=NO_TRADE (Qual=0.58)
2026-02-03 08:28:17,605 | SentinelBot | INFO | 🔍 Scanning DOTUSDTM...
2026-02-03 08:28:18,636 | SentinelBot | INFO | ✅ HTF CONFIRMED: H1 Trend aligns with SHORT
2026-02-03 08:28:18,637 | SentinelBot | INFO | 🚨 TRADE POTENTIAL: DOTUSDTM | Rec: ALLOW_TRADE
2026-02-03 08:28:18,637 | SentinelBot | INFO |    Reason: Strong setup (1.00) with confidence (0.60). Regime: RANGE. Trend score: -0.15, bias: SHORT
2026-02-03 08:28:18,638 | SentinelBot | INFO |    Stats: Qual=1.00 | Conf=0.60 | Dir=SHORT
2026-02-03 08:28:18,638 | SentinelBot | INFO | 🚫 ENTRY_BLOCKED | BAD_RR | DOTUSDTM R:R = 1:0.00 < 1:2
2026-02-03 08:28:18,639 | SentinelBot | INFO | 🔍 Scanning TRXUSDTM...
2026-02-03 08:28:19,084 | SentinelBot | INFO | 🚫 ENTRY_BLOCKED | NO_TRADE_ZONE | TRXUSDTM price=0.2835 inside range [0.2832 - 0.2836]
2026-02-03 08:28:19,084 | SentinelBot | INFO | 🔍 Scanning LTCUSDTM...
2026-02-03 08:28:20,145 | SentinelBot | INFO | ✅ HTF CONFIRMED: H1 Trend aligns with SHORT
2026-02-03 08:28:20,145 | SentinelBot | INFO | 🚨 TRADE POTENTIAL: LTCUSDTM | Rec: MICRO_TRADE
2026-02-03 08:28:20,145 | SentinelBot | INFO |    Reason: Good setup (0.73) but low confidence (0.44). Regime: RANGE. Trend score: 0.00, bias: SHORT
2026-02-03 08:28:20,145 | SentinelBot | INFO |    Stats: Qual=0.73 | Conf=0.44 | Dir=SHORT
2026-02-03 08:28:20,148 | SentinelBot | INFO | 🚫 ENTRY_BLOCKED | BAD_RR | LTCUSDTM R:R = 1:2.00 < 1:2
2026-02-03 08:28:20,148 | SentinelBot | INFO | 🔍 Scanning MATICUSDTM...
2026-02-03 08:28:21,339 | SentinelBot | INFO | 🛑 HTF MISMATCH: MATICUSDTM Signal LONG vs Bear Trend. Blocked (Conf 0.39 < 0.80)
2026-02-03 08:28:21,341 | SentinelBot | INFO | 🔍 Scanning SHIBUSDTM...
2026-02-03 08:28:22,178 | SentinelBot | INFO |    📊 SHIBUSDTM: Rec=NO_TRADE (Qual=0.31)
2026-02-03 08:28:22,178 | SentinelBot | INFO | 🔍 Scanning UNIUSDTM...
2026-02-03 08:28:23,206 | SentinelBot | INFO | ✅ HTF CONFIRMED: H1 Trend aligns with SHORT
2026-02-03 08:28:23,208 | SentinelBot | INFO | 🚨 TRADE POTENTIAL: UNIUSDTM | Rec: ALLOW_TRADE
2026-02-03 08:28:23,209 | SentinelBot | INFO |    Reason: Strong setup (1.00) with confidence (0.60). Regime: RANGE. Trend score: -0.10, bias: SHORT
2026-02-03 08:28:23,209 | SentinelBot | INFO |    Stats: Qual=1.00 | Conf=0.60 | Dir=SHORT
2026-02-03 08:28:23,210 | SentinelBot | INFO | ⏳ BIAS_DETECTED | UNIUSDTM SHORT | Waiting for Zone [3.906461 - 3.912110]
2026-02-03 08:28:23,210 | SentinelBot | INFO | 🔍 Scanning ATOMUSDTM...
2026-02-03 08:28:24,278 | SentinelBot | INFO | ✅ HTF CONFIRMED: H1 Trend aligns with SHORT
2026-02-03 08:28:24,282 | SentinelBot | INFO | 🚨 TRADE POTENTIAL: ATOMUSDTM | Rec: ALLOW_TRADE
2026-02-03 08:28:24,283 | SentinelBot | INFO |    Reason: Strong setup (1.00) with confidence (0.90). Regime: TREND_BEAR. Trend score: -0.40, bias: SHORT
2026-02-03 08:28:24,283 | SentinelBot | INFO |    Stats: Qual=1.00 | Conf=0.90 | Dir=SHORT
2026-02-03 08:28:24,283 | SentinelBot | INFO | 🚫 ENTRY_BLOCKED | BAD_RR | ATOMUSDTM R:R = 1:0.00 < 1:2
2026-02-03 08:28:24,284 | SentinelBot | INFO | 🔍 Scanning XLMUSDTM...
2026-02-03 08:28:27,294 | SentinelBot | INFO | ✅ HTF CONFIRMED: H1 Trend aligns with SHORT
2026-02-03 08:28:27,295 | SentinelBot | INFO | 🚨 TRADE POTENTIAL: XLMUSDTM | Rec: ALLOW_TRADE
2026-02-03 08:28:27,295 | SentinelBot | INFO |    Reason: Strong setup (1.00) with confidence (0.94). Regime: MOMENTUM. Trend score: -0.60, bias: SHORT
2026-02-03 08:28:27,296 | SentinelBot | INFO |    Stats: Qual=1.00 | Conf=0.94 | Dir=SHORT
2026-02-03 08:28:27,296 | SentinelBot | INFO | 🚫 ENTRY_BLOCKED | BAD_RR | XLMUSDTM R:R = 1:0.00 < 1:2
2026-02-03 08:28:27,297 | SentinelBot | INFO | 🔍 Scanning ETCUSDTM...
2026-02-03 08:28:28,304 | SentinelBot | INFO | ✅ HTF CONFIRMED: H1 Trend aligns with SHORT
2026-02-03 08:28:28,304 | SentinelBot | INFO | 🚨 TRADE POTENTIAL: ETCUSDTM | Rec: ALLOW_TRADE
2026-02-03 08:28:28,304 | SentinelBot | INFO |    Reason: Strong setup (1.00) with confidence (0.90). Regime: TREND_BEAR. Trend score: -0.35, bias: SHORT
2026-02-03 08:28:28,305 | SentinelBot | INFO |    Stats: Qual=1.00 | Conf=0.90 | Dir=SHORT
2026-02-03 08:28:28,305 | SentinelBot | INFO | 🚫 ENTRY_BLOCKED | BAD_RR | ETCUSDTM R:R = 1:2.00 < 1:2
2026-02-03 08:28:28,305 | SentinelBot | INFO | 🔍 Scanning FILUSDTM...
2026-02-03 08:28:29,469 | SentinelBot | INFO | ⚠️ HTF MISMATCH: FILUSDTM Short vs Bull Trend. ALLOWED due to High Confidence (0.90)
2026-02-03 08:28:29,469 | SentinelBot | INFO | ✅ HTF CONFIRMED: H1 Trend aligns with SHORT
2026-02-03 08:28:29,469 | SentinelBot | INFO | 🚨 TRADE POTENTIAL: FILUSDTM | Rec: ALLOW_TRADE
2026-02-03 08:28:29,469 | SentinelBot | INFO |    Reason: Strong setup (1.00) with confidence (0.90). Regime: TREND_BEAR. Trend score: -0.35, bias: SHORT
2026-02-03 08:28:29,471 | SentinelBot | INFO |    Stats: Qual=1.00 | Conf=0.90 | Dir=SHORT
2026-02-03 08:28:29,471 | SentinelBot | INFO | ⏳ BIAS_DETECTED | FILUSDTM SHORT | Waiting for Zone [1.078001 - 1.078123]
2026-02-03 08:28:29,472 | SentinelBot | INFO | 🔍 Scanning APTUSDTM...
2026-02-03 08:28:30,517 | SentinelBot | INFO | ✅ HTF CONFIRMED: H1 Trend aligns with SHORT
2026-02-03 08:28:30,517 | SentinelBot | INFO | 🚨 TRADE POTENTIAL: APTUSDTM | Rec: ALLOW_TRADE
2026-02-03 08:28:30,518 | SentinelBot | INFO |    Reason: Strong setup (1.00) with confidence (0.90). Regime: TREND_BEAR. Trend score: -0.40, bias: SHORT
2026-02-03 08:28:30,518 | SentinelBot | INFO |    Stats: Qual=1.00 | Conf=0.90 | Dir=SHORT
2026-02-03 08:28:30,518 | SentinelBot | INFO | 🚫 ENTRY_BLOCKED | BAD_RR | APTUSDTM R:R = 1:0.00 < 1:2
2026-02-03 08:28:30,519 | SentinelBot | INFO | 🔍 Scanning ARBUSDTM...
2026-02-03 08:28:31,586 | SentinelBot | INFO | ✅ HTF CONFIRMED: H1 Trend aligns with SHORT
2026-02-03 08:28:31,591 | SentinelBot | INFO | 🚨 TRADE POTENTIAL: ARBUSDTM | Rec: MICRO_TRADE
2026-02-03 08:28:31,591 | SentinelBot | INFO |    Reason: Good setup (0.70) but low confidence (0.42). Regime: RANGE. Trend score: -0.20, bias: SHORT
2026-02-03 08:28:31,591 | SentinelBot | INFO |    Stats: Qual=0.70 | Conf=0.42 | Dir=SHORT
2026-02-03 08:28:31,592 | SentinelBot | INFO | ⏳ BIAS_DETECTED | ARBUSDTM SHORT | Waiting for Zone [0.136664 - 0.136884]
2026-02-03 08:28:31,592 | SentinelBot | INFO | 🔍 Scanning OPUSDTM...
2026-02-03 08:28:32,767 | SentinelBot | INFO | ✅ HTF CONFIRMED: H1 Trend aligns with SHORT
2026-02-03 08:28:32,767 | SentinelBot | INFO | 🚨 TRADE POTENTIAL: OPUSDTM | Rec: MICRO_TRADE
2026-02-03 08:28:32,767 | SentinelBot | INFO |    Reason: Good setup (0.91) but low confidence (0.55). Regime: RANGE. Trend score: -0.25, bias: SHORT
2026-02-03 08:28:32,769 | SentinelBot | INFO |    Stats: Qual=0.91 | Conf=0.55 | Dir=SHORT
2026-02-03 08:28:32,769 | SentinelBot | INFO | ⏳ BIAS_DETECTED | OPUSDTM SHORT | Waiting for Zone [0.229117 - 0.229508]
2026-02-03 08:28:32,769 | SentinelBot | INFO | 🔍 Scanning SUIUSDTM...
2026-02-03 08:28:33,834 | SentinelBot | INFO | ✅ HTF CONFIRMED: H1 Trend aligns with SHORT
2026-02-03 08:28:33,837 | SentinelBot | INFO | 🚨 TRADE POTENTIAL: SUIUSDTM | Rec: ALLOW_TRADE
2026-02-03 08:28:33,838 | SentinelBot | INFO |    Reason: Strong setup (0.76) with confidence (0.68). Regime: TREND_BEAR. Trend score: -0.30, bias: SHORT
2026-02-03 08:28:33,838 | SentinelBot | INFO |    Stats: Qual=0.76 | Conf=0.68 | Dir=SHORT
2026-02-03 08:28:33,839 | SentinelBot | INFO | 🚫 ENTRY_BLOCKED | BAD_RR | SUIUSDTM R:R = 1:2.00 < 1:2
2026-02-03 08:28:33,839 | SentinelBot | INFO | 🔍 Scanning PEPEUSDTM...
2026-02-03 08:28:34,854 | SentinelBot | INFO | ✅ HTF CONFIRMED: H1 Trend aligns with SHORT
2026-02-03 08:28:34,855 | SentinelBot | INFO | 🚨 TRADE POTENTIAL: PEPEUSDTM | Rec: MICRO_TRADE
2026-02-03 08:28:34,855 | SentinelBot | INFO |    Reason: Good setup (0.83) but low confidence (0.50). Regime: RANGE. Trend score: -0.10, bias: SHORT
2026-02-03 08:28:34,857 | SentinelBot | INFO |    Stats: Qual=0.83 | Conf=0.50 | Dir=SHORT
2026-02-03 08:28:34,858 | SentinelBot | INFO | 🚫 ENTRY_BLOCKED | BAD_RR | PEPEUSDTM R:R = 1:0.00 < 1:2
2026-02-03 08:28:34,858 | SentinelBot | INFO | 🔍 Scanning NEARUSDTM...
2026-02-03 08:28:35,954 | SentinelBot | INFO | ✅ HTF CONFIRMED: H1 Trend aligns with SHORT
2026-02-03 08:28:35,954 | SentinelBot | INFO | 🚨 TRADE POTENTIAL: NEARUSDTM | Rec: ALLOW_TRADE
2026-02-03 08:28:35,954 | SentinelBot | INFO |    Reason: Strong setup (1.00) with confidence (0.60). Regime: RANGE. Trend score: -0.15, bias: SHORT
2026-02-03 08:28:35,954 | SentinelBot | INFO |    Stats: Qual=1.00 | Conf=0.60 | Dir=SHORT
2026-02-03 08:28:35,956 | SentinelBot | INFO | 🚫 ENTRY_BLOCKED | BAD_RR | NEARUSDTM R:R = 1:0.00 < 1:2
2026-02-03 08:28:35,957 | SentinelBot | INFO | 🔍 Scanning RNDRUSDTM...
2026-02-03 08:28:36,983 | SentinelBot | INFO | ✅ HTF CONFIRMED: H1 Trend aligns with SHORT
2026-02-03 08:28:36,983 | SentinelBot | INFO | 🚨 TRADE POTENTIAL: RNDRUSDTM | Rec: MICRO_TRADE
2026-02-03 08:28:36,984 | SentinelBot | INFO |    Reason: Good setup (0.87) but low confidence (0.52). Regime: RANGE. Trend score: -0.10, bias: SHORT
2026-02-03 08:28:36,984 | SentinelBot | INFO |    Stats: Qual=0.87 | Conf=0.52 | Dir=SHORT
2026-02-03 08:28:36,984 | SentinelBot | INFO | 🚫 ENTRY_BLOCKED | BAD_RR | RNDRUSDTM R:R = 1:0.00 < 1:2
2026-02-03 08:28:36,986 | SentinelBot | INFO | 🔍 Scanning INJUSDTM...
2026-02-03 08:28:38,340 | SentinelBot | INFO | ✅ HTF CONFIRMED: H1 Trend aligns with SHORT
2026-02-03 08:28:38,340 | SentinelBot | INFO | 🚨 TRADE POTENTIAL: INJUSDTM | Rec: MICRO_TRADE
2026-02-03 08:28:38,341 | SentinelBot | INFO |    Reason: Good setup (0.94) but low confidence (0.57). Regime: RANGE. Trend score: -0.20, bias: SHORT
2026-02-03 08:28:38,342 | SentinelBot | INFO |    Stats: Qual=0.94 | Conf=0.57 | Dir=SHORT
2026-02-03 08:28:38,342 | SentinelBot | INFO | 🚫 ENTRY_BLOCKED | BAD_RR | INJUSDTM R:R = 1:2.00 < 1:2
2026-02-03 08:28:38,342 | SentinelBot | INFO | 🔍 Scanning TIAUSDTM...
2026-02-03 08:28:40,954 | SentinelBot | INFO | ⚠️ HTF MISMATCH: TIAUSDTM Short vs Bull Trend. ALLOWED due to High Confidence (0.85)
2026-02-03 08:28:40,956 | SentinelBot | INFO | ✅ HTF CONFIRMED: H1 Trend aligns with SHORT
2026-02-03 08:28:40,956 | SentinelBot | INFO | 🚨 TRADE POTENTIAL: TIAUSDTM | Rec: ALLOW_TRADE
2026-02-03 08:28:40,957 | SentinelBot | INFO |    Reason: Strong setup (1.00) with confidence (0.85). Regime: MOMENTUM. Trend score: -0.45, bias: SHORT
2026-02-03 08:28:40,957 | SentinelBot | INFO |    Stats: Qual=1.00 | Conf=0.85 | Dir=SHORT
2026-02-03 08:28:40,958 | SentinelBot | INFO | 🚫 ENTRY_BLOCKED | BAD_RR | TIAUSDTM R:R = 1:2.00 < 1:2
2026-02-03 08:28:40,958 | SentinelBot | INFO | 🔍 Scanning IMXUSDTM...
2026-02-03 08:28:41,990 | SentinelBot | INFO | ✅ HTF CONFIRMED: H1 Trend aligns with SHORT
2026-02-03 08:28:41,990 | SentinelBot | INFO | 🚨 TRADE POTENTIAL: IMXUSDTM | Rec: ALLOW_TRADE
2026-02-03 08:28:41,990 | SentinelBot | INFO |    Reason: Strong setup (1.00) with confidence (0.94). Regime: MOMENTUM. Trend score: -0.55, bias: SHORT
2026-02-03 08:28:41,990 | SentinelBot | INFO |    Stats: Qual=1.00 | Conf=0.94 | Dir=SHORT
2026-02-03 08:28:41,990 | SentinelBot | INFO | 🚫 ENTRY_BLOCKED | BAD_RR | IMXUSDTM R:R = 1:0.00 < 1:2
2026-02-03 08:28:41,990 | SentinelBot | INFO | 🔍 Scanning LDOUSDTM...
2026-02-03 08:28:43,033 | SentinelBot | INFO | ✅ HTF CONFIRMED: H1 Trend aligns with SHORT
2026-02-03 08:28:43,035 | SentinelBot | INFO | 🚨 TRADE POTENTIAL: LDOUSDTM | Rec: MICRO_TRADE
2026-02-03 08:28:43,035 | SentinelBot | INFO |    Reason: Good setup (0.70) but low confidence (0.42). Regime: RANGE. Trend score: -0.30, bias: SHORT
2026-02-03 08:28:43,035 | SentinelBot | INFO |    Stats: Qual=0.70 | Conf=0.42 | Dir=SHORT
2026-02-03 08:28:43,035 | SentinelBot | INFO | 🚫 ENTRY_BLOCKED | BAD_RR | LDOUSDTM R:R = 1:2.00 < 1:2
2026-02-03 08:28:49,384 | SentinelBot | INFO | 💓 Loop alive | Cycle 510 | Watching 30 symbols
2026-02-03 08:29:07,162 | SentinelBot | INFO | 💓 Loop alive | Cycle 520 | Watching 30 symbols
2026-02-03 08:29:07,734 | SentinelBot | INFO | 🔍 Scanning XBTUSDTM...
2026-02-03 08:29:12,329 | SentinelBot | INFO | 🛑 HTF MISMATCH: XBTUSDTM Signal SHORT vs Bull Trend. Blocked (Conf 0.56 < 0.75)
2026-02-03 08:29:12,331 | SentinelBot | INFO | 🔍 Scanning ETHUSDTM...
2026-02-03 08:29:13,077 | SentinelBot | INFO |    📊 ETHUSDTM: Rec=NO_TRADE (Qual=0.51)
2026-02-03 08:29:13,078 | SentinelBot | INFO | 🔍 Scanning SOLUSDTM...
2026-02-03 08:29:16,946 | SentinelBot | INFO | ✅ HTF CONFIRMED: H1 Trend aligns with SHORT
2026-02-03 08:29:16,946 | SentinelBot | INFO | 🚨 TRADE POTENTIAL: SOLUSDTM | Rec: MICRO_TRADE
2026-02-03 08:29:16,946 | SentinelBot | INFO |    Reason: Good setup (0.65) but low confidence (0.39). Regime: RANGE. Trend score: -0.10, bias: SHORT
2026-02-03 08:29:16,946 | SentinelBot | INFO |    Stats: Qual=0.65 | Conf=0.39 | Dir=SHORT
2026-02-03 08:29:16,948 | SentinelBot | INFO | ⏳ BIAS_DETECTED | SOLUSDTM SHORT | Waiting for Zone [104.030289 - 104.092630]
2026-02-03 08:29:16,949 | SentinelBot | INFO | 🔍 Scanning BNBUSDTM...
2026-02-03 08:29:17,986 | SentinelBot | INFO | ✅ HTF CONFIRMED: H1 Trend aligns with SHORT
2026-02-03 08:29:17,987 | SentinelBot | INFO | 🚨 TRADE POTENTIAL: BNBUSDTM | Rec: MICRO_TRADE
2026-02-03 08:29:17,987 | SentinelBot | INFO |    Reason: Good setup (0.61) but low confidence (0.37). Regime: RANGE. Trend score: -0.10, bias: SHORT
2026-02-03 08:29:17,987 | SentinelBot | INFO |    Stats: Qual=0.61 | Conf=0.37 | Dir=SHORT
2026-02-03 08:29:17,988 | SentinelBot | INFO | 🚫 ENTRY_BLOCKED | BAD_RR | BNBUSDTM R:R = 1:2.00 < 1:2
2026-02-03 08:29:17,988 | SentinelBot | INFO | 🔍 Scanning XRPUSDTM...
2026-02-03 08:29:19,118 | SentinelBot | INFO | ✅ HTF CONFIRMED: H1 Trend aligns with SHORT
2026-02-03 08:29:19,118 | SentinelBot | INFO | 🚨 TRADE POTENTIAL: XRPUSDTM | Rec: MICRO_TRADE
2026-02-03 08:29:19,118 | SentinelBot | INFO |    Reason: Good setup (0.65) but low confidence (0.39). Regime: RANGE. Trend score: -0.20, bias: SHORT
2026-02-03 08:29:19,118 | SentinelBot | INFO |    Stats: Qual=0.66 | Conf=0.39 | Dir=SHORT
2026-02-03 08:29:19,119 | SentinelBot | INFO | 🚫 ENTRY_BLOCKED | BAD_RR | XRPUSDTM R:R = 1:2.00 < 1:2
2026-02-03 08:29:19,119 | SentinelBot | INFO | 🔍 Scanning ADAUSDTM...
2026-02-03 08:29:20,257 | SentinelBot | INFO | 🛑 HTF MISMATCH: ADAUSDTM Signal SHORT vs Bull Trend. Blocked (Conf 0.52 < 0.75)
2026-02-03 08:29:20,259 | SentinelBot | INFO | 🔍 Scanning DOGEUSDTM...
2026-02-03 08:29:21,369 | SentinelBot | INFO | 🛑 HTF MISMATCH: DOGEUSDTM Signal SHORT vs Bull Trend. Blocked (Conf 0.43 < 0.75)
2026-02-03 08:29:21,370 | SentinelBot | INFO | 🔍 Scanning AVAXUSDTM...
2026-02-03 08:29:22,450 | SentinelBot | INFO | ✅ HTF CONFIRMED: H1 Trend aligns with SHORT
2026-02-03 08:29:22,450 | SentinelBot | INFO | 🚨 TRADE POTENTIAL: AVAXUSDTM | Rec: MICRO_TRADE
2026-02-03 08:29:22,451 | SentinelBot | INFO |    Reason: Good setup (0.96) but low confidence (0.58). Regime: RANGE. Trend score: -0.15, bias: SHORT
2026-02-03 08:29:22,451 | SentinelBot | INFO |    Stats: Qual=0.96 | Conf=0.58 | Dir=SHORT
2026-02-03 08:29:22,451 | SentinelBot | INFO | ⏳ BIAS_DETECTED | AVAXUSDTM SHORT | Waiting for Zone [10.110486 - 10.118323]
2026-02-03 08:29:22,452 | SentinelBot | INFO | 🔍 Scanning LINKUSDTM...
2026-02-03 08:29:23,305 | SentinelBot | INFO |    📊 LINKUSDTM: Rec=NO_TRADE (Qual=0.58)
2026-02-03 08:29:23,305 | SentinelBot | INFO | 🔍 Scanning DOTUSDTM...
2026-02-03 08:29:24,289 | SentinelBot | INFO | ✅ HTF CONFIRMED: H1 Trend aligns with SHORT
2026-02-03 08:29:24,289 | SentinelBot | INFO | 🚨 TRADE POTENTIAL: DOTUSDTM | Rec: ALLOW_TRADE
2026-02-03 08:29:24,289 | SentinelBot | INFO |    Reason: Strong setup (1.00) with confidence (0.60). Regime: RANGE. Trend score: -0.15, bias: SHORT
2026-02-03 08:29:24,290 | SentinelBot | INFO |    Stats: Qual=1.00 | Conf=0.60 | Dir=SHORT
2026-02-03 08:29:24,290 | SentinelBot | INFO | 🚫 ENTRY_BLOCKED | BAD_RR | DOTUSDTM R:R = 1:0.00 < 1:2
2026-02-03 08:29:24,290 | SentinelBot | INFO | 🔍 Scanning TRXUSDTM...
2026-02-03 08:29:24,961 | SentinelBot | INFO | 🚫 ENTRY_BLOCKED | NO_TRADE_ZONE | TRXUSDTM price=0.2835 inside range [0.2832 - 0.2836]
2026-02-03 08:29:24,961 | SentinelBot | INFO | 🔍 Scanning LTCUSDTM...
2026-02-03 08:29:27,229 | SentinelBot | INFO | ✅ HTF CONFIRMED: H1 Trend aligns with SHORT
2026-02-03 08:29:27,230 | SentinelBot | INFO | 🚨 TRADE POTENTIAL: LTCUSDTM | Rec: MICRO_TRADE
2026-02-03 08:29:27,230 | SentinelBot | INFO |    Reason: Good setup (0.73) but low confidence (0.44). Regime: RANGE. Trend score: 0.00, bias: SHORT
2026-02-03 08:29:27,232 | SentinelBot | INFO |    Stats: Qual=0.73 | Conf=0.44 | Dir=SHORT
2026-02-03 08:29:27,232 | SentinelBot | INFO | 🚫 ENTRY_BLOCKED | BAD_RR | LTCUSDTM R:R = 1:2.00 < 1:2
2026-02-03 08:29:27,233 | SentinelBot | INFO | 🔍 Scanning MATICUSDTM...
2026-02-03 08:29:28,307 | SentinelBot | INFO | 🛑 HTF MISMATCH: MATICUSDTM Signal LONG vs Bear Trend. Blocked (Conf 0.39 < 0.80)
2026-02-03 08:29:28,308 | SentinelBot | INFO | 🔍 Scanning SHIBUSDTM...
2026-02-03 08:29:29,259 | SentinelBot | INFO |    📊 SHIBUSDTM: Rec=NO_TRADE (Qual=0.31)
2026-02-03 08:29:29,259 | SentinelBot | INFO | 🔍 Scanning UNIUSDTM...
2026-02-03 08:29:30,307 | SentinelBot | INFO | ✅ HTF CONFIRMED: H1 Trend aligns with SHORT
2026-02-03 08:29:30,308 | SentinelBot | INFO | 🚨 TRADE POTENTIAL: UNIUSDTM | Rec: ALLOW_TRADE
2026-02-03 08:29:30,308 | SentinelBot | INFO |    Reason: Strong setup (1.00) with confidence (0.60). Regime: RANGE. Trend score: -0.10, bias: SHORT
2026-02-03 08:29:30,308 | SentinelBot | INFO |    Stats: Qual=1.00 | Conf=0.60 | Dir=SHORT
2026-02-03 08:29:30,309 | SentinelBot | INFO | ⏳ BIAS_DETECTED | UNIUSDTM SHORT | Waiting for Zone [3.906461 - 3.912110]
2026-02-03 08:29:30,309 | SentinelBot | INFO | 🔍 Scanning ATOMUSDTM...
2026-02-03 08:29:31,343 | SentinelBot | INFO | ✅ HTF CONFIRMED: H1 Trend aligns with SHORT
2026-02-03 08:29:31,343 | SentinelBot | INFO | 🚨 TRADE POTENTIAL: ATOMUSDTM | Rec: ALLOW_TRADE
2026-02-03 08:29:31,343 | SentinelBot | INFO |    Reason: Strong setup (1.00) with confidence (0.90). Regime: TREND_BEAR. Trend score: -0.40, bias: SHORT
2026-02-03 08:29:31,343 | SentinelBot | INFO |    Stats: Qual=1.00 | Conf=0.90 | Dir=SHORT
2026-02-03 08:29:31,343 | SentinelBot | INFO | 🚫 ENTRY_BLOCKED | BAD_RR | ATOMUSDTM R:R = 1:0.00 < 1:2
2026-02-03 08:29:31,343 | SentinelBot | INFO | 🔍 Scanning XLMUSDTM...
2026-02-03 08:29:33,806 | SentinelBot | INFO | ✅ HTF CONFIRMED: H1 Trend aligns with SHORT
2026-02-03 08:29:33,807 | SentinelBot | INFO | 🚨 TRADE POTENTIAL: XLMUSDTM | Rec: ALLOW_TRADE
2026-02-03 08:29:33,807 | SentinelBot | INFO |    Reason: Strong setup (1.00) with confidence (0.94). Regime: MOMENTUM. Trend score: -0.60, bias: SHORT
2026-02-03 08:29:33,807 | SentinelBot | INFO |    Stats: Qual=1.00 | Conf=0.94 | Dir=SHORT
2026-02-03 08:29:33,808 | SentinelBot | INFO | 🚫 ENTRY_BLOCKED | BAD_RR | XLMUSDTM R:R = 1:0.00 < 1:2
2026-02-03 08:29:33,808 | SentinelBot | INFO | 🔍 Scanning ETCUSDTM...
2026-02-03 08:29:35,067 | SentinelBot | INFO | ✅ HTF CONFIRMED: H1 Trend aligns with SHORT
2026-02-03 08:29:35,067 | SentinelBot | INFO | 🚨 TRADE POTENTIAL: ETCUSDTM | Rec: ALLOW_TRADE
2026-02-03 08:29:35,067 | SentinelBot | INFO |    Reason: Strong setup (1.00) with confidence (0.90). Regime: TREND_BEAR. Trend score: -0.35, bias: SHORT
2026-02-03 08:29:35,071 | SentinelBot | INFO |    Stats: Qual=1.00 | Conf=0.90 | Dir=SHORT
2026-02-03 08:29:35,071 | SentinelBot | INFO | 🚫 ENTRY_BLOCKED | BAD_RR | ETCUSDTM R:R = 1:2.00 < 1:2
2026-02-03 08:29:35,072 | SentinelBot | INFO | 🔍 Scanning FILUSDTM...
2026-02-03 08:29:36,074 | SentinelBot | INFO | ⚠️ HTF MISMATCH: FILUSDTM Short vs Bull Trend. ALLOWED due to High Confidence (0.90)
2026-02-03 08:29:36,075 | SentinelBot | INFO | ✅ HTF CONFIRMED: H1 Trend aligns with SHORT
2026-02-03 08:29:36,075 | SentinelBot | INFO | 🚨 TRADE POTENTIAL: FILUSDTM | Rec: ALLOW_TRADE
2026-02-03 08:29:36,075 | SentinelBot | INFO |    Reason: Strong setup (1.00) with confidence (0.90). Regime: TREND_BEAR. Trend score: -0.35, bias: SHORT
2026-02-03 08:29:36,075 | SentinelBot | INFO |    Stats: Qual=1.00 | Conf=0.90 | Dir=SHORT
2026-02-03 08:29:36,077 | SentinelBot | INFO | ⏳ BIAS_DETECTED | FILUSDTM SHORT | Waiting for Zone [1.078001 - 1.078123]
2026-02-03 08:29:36,077 | SentinelBot | INFO | 🔍 Scanning APTUSDTM...
2026-02-03 08:29:37,145 | SentinelBot | INFO | ✅ HTF CONFIRMED: H1 Trend aligns with SHORT
2026-02-03 08:29:37,145 | SentinelBot | INFO | 🚨 TRADE POTENTIAL: APTUSDTM | Rec: ALLOW_TRADE
2026-02-03 08:29:37,145 | SentinelBot | INFO |    Reason: Strong setup (1.00) with confidence (0.90). Regime: TREND_BEAR. Trend score: -0.40, bias: SHORT
2026-02-03 08:29:37,145 | SentinelBot | INFO |    Stats: Qual=1.00 | Conf=0.90 | Dir=SHORT
2026-02-03 08:29:37,145 | SentinelBot | INFO | 🚫 ENTRY_BLOCKED | BAD_RR | APTUSDTM R:R = 1:0.00 < 1:2
2026-02-03 08:29:37,150 | SentinelBot | INFO | 🔍 Scanning ARBUSDTM...
2026-02-03 08:29:38,284 | SentinelBot | INFO | ✅ HTF CONFIRMED: H1 Trend aligns with SHORT
2026-02-03 08:29:38,285 | SentinelBot | INFO | 🚨 TRADE POTENTIAL: ARBUSDTM | Rec: MICRO_TRADE
2026-02-03 08:29:38,285 | SentinelBot | INFO |    Reason: Good setup (0.70) but low confidence (0.42). Regime: RANGE. Trend score: -0.20, bias: SHORT
2026-02-03 08:29:38,285 | SentinelBot | INFO |    Stats: Qual=0.70 | Conf=0.42 | Dir=SHORT
2026-02-03 08:29:38,285 | SentinelBot | INFO | ⏳ BIAS_DETECTED | ARBUSDTM SHORT | Waiting for Zone [0.136664 - 0.136884]
2026-02-03 08:29:38,285 | SentinelBot | INFO | 🔍 Scanning OPUSDTM...
2026-02-03 08:29:39,308 | SentinelBot | INFO | ✅ HTF CONFIRMED: H1 Trend aligns with SHORT
2026-02-03 08:29:39,309 | SentinelBot | INFO | 🚨 TRADE POTENTIAL: OPUSDTM | Rec: MICRO_TRADE
2026-02-03 08:29:39,309 | SentinelBot | INFO |    Reason: Good setup (0.91) but low confidence (0.55). Regime: RANGE. Trend score: -0.25, bias: SHORT
2026-02-03 08:29:39,309 | SentinelBot | INFO |    Stats: Qual=0.91 | Conf=0.55 | Dir=SHORT
2026-02-03 08:29:39,310 | SentinelBot | INFO | ⏳ BIAS_DETECTED | OPUSDTM SHORT | Waiting for Zone [0.229117 - 0.229508]
2026-02-03 08:29:39,311 | SentinelBot | INFO | 🔍 Scanning SUIUSDTM...
2026-02-03 08:29:40,437 | SentinelBot | INFO | ✅ HTF CONFIRMED: H1 Trend aligns with SHORT
2026-02-03 08:29:40,437 | SentinelBot | INFO | 🚨 TRADE POTENTIAL: SUIUSDTM | Rec: ALLOW_TRADE
2026-02-03 08:29:40,438 | SentinelBot | INFO |    Reason: Strong setup (0.76) with confidence (0.68). Regime: TREND_BEAR. Trend score: -0.30, bias: SHORT
2026-02-03 08:29:40,438 | SentinelBot | INFO |    Stats: Qual=0.76 | Conf=0.68 | Dir=SHORT
2026-02-03 08:29:40,438 | SentinelBot | INFO | 🚫 ENTRY_BLOCKED | BAD_RR | SUIUSDTM R:R = 1:2.00 < 1:2
2026-02-03 08:29:40,440 | SentinelBot | INFO | 🔍 Scanning PEPEUSDTM...
2026-02-03 08:29:41,440 | SentinelBot | INFO | ✅ HTF CONFIRMED: H1 Trend aligns with SHORT
2026-02-03 08:29:41,442 | SentinelBot | INFO | 🚨 TRADE POTENTIAL: PEPEUSDTM | Rec: MICRO_TRADE
2026-02-03 08:29:41,442 | SentinelBot | INFO |    Reason: Good setup (0.83) but low confidence (0.50). Regime: RANGE. Trend score: -0.10, bias: SHORT
2026-02-03 08:29:41,442 | SentinelBot | INFO |    Stats: Qual=0.83 | Conf=0.50 | Dir=SHORT
2026-02-03 08:29:41,443 | SentinelBot | INFO | 🚫 ENTRY_BLOCKED | BAD_RR | PEPEUSDTM R:R = 1:0.00 < 1:2
2026-02-03 08:29:41,443 | SentinelBot | INFO | 🔍 Scanning NEARUSDTM...
2026-02-03 08:29:42,464 | SentinelBot | INFO | ✅ HTF CONFIRMED: H1 Trend aligns with SHORT
2026-02-03 08:29:42,465 | SentinelBot | INFO | 🚨 TRADE POTENTIAL: NEARUSDTM | Rec: ALLOW_TRADE
2026-02-03 08:29:42,465 | SentinelBot | INFO |    Reason: Strong setup (1.00) with confidence (0.60). Regime: RANGE. Trend score: -0.15, bias: SHORT
2026-02-03 08:29:42,465 | SentinelBot | INFO |    Stats: Qual=1.00 | Conf=0.60 | Dir=SHORT
2026-02-03 08:29:42,465 | SentinelBot | INFO | 🚫 ENTRY_BLOCKED | BAD_RR | NEARUSDTM R:R = 1:0.00 < 1:2
2026-02-03 08:29:42,465 | SentinelBot | INFO | 🔍 Scanning RNDRUSDTM...
2026-02-03 08:29:44,438 | SentinelBot | INFO | ✅ HTF CONFIRMED: H1 Trend aligns with SHORT
2026-02-03 08:29:44,438 | SentinelBot | INFO | 🚨 TRADE POTENTIAL: RNDRUSDTM | Rec: MICRO_TRADE
2026-02-03 08:29:44,438 | SentinelBot | INFO |    Reason: Good setup (0.87) but low confidence (0.52). Regime: RANGE. Trend score: -0.10, bias: SHORT
2026-02-03 08:29:44,439 | SentinelBot | INFO |    Stats: Qual=0.87 | Conf=0.52 | Dir=SHORT
2026-02-03 08:29:44,439 | SentinelBot | INFO | 🚫 ENTRY_BLOCKED | BAD_RR | RNDRUSDTM R:R = 1:0.00 < 1:2
2026-02-03 08:29:44,440 | SentinelBot | INFO | 🔍 Scanning INJUSDTM...
2026-02-03 08:29:45,521 | SentinelBot | INFO | ✅ HTF CONFIRMED: H1 Trend aligns with SHORT
2026-02-03 08:29:45,523 | SentinelBot | INFO | 🚨 TRADE POTENTIAL: INJUSDTM | Rec: MICRO_TRADE
2026-02-03 08:29:45,523 | SentinelBot | INFO |    Reason: Good setup (0.94) but low confidence (0.57). Regime: RANGE. Trend score: -0.20, bias: SHORT
2026-02-03 08:29:45,523 | SentinelBot | INFO |    Stats: Qual=0.94 | Conf=0.57 | Dir=SHORT
2026-02-03 08:29:45,525 | SentinelBot | INFO | 🚫 ENTRY_BLOCKED | BAD_RR | INJUSDTM R:R = 1:2.00 < 1:2
2026-02-03 08:29:45,525 | SentinelBot | INFO | 🔍 Scanning TIAUSDTM...
2026-02-03 08:29:46,546 | SentinelBot | INFO | ⚠️ HTF MISMATCH: TIAUSDTM Short vs Bull Trend. ALLOWED due to High Confidence (0.85)
2026-02-03 08:29:46,546 | SentinelBot | INFO | ✅ HTF CONFIRMED: H1 Trend aligns with SHORT
2026-02-03 08:29:46,546 | SentinelBot | INFO | 🚨 TRADE POTENTIAL: TIAUSDTM | Rec: ALLOW_TRADE
2026-02-03 08:29:46,547 | SentinelBot | INFO |    Reason: Strong setup (1.00) with confidence (0.85). Regime: MOMENTUM. Trend score: -0.45, bias: SHORT
2026-02-03 08:29:46,547 | SentinelBot | INFO |    Stats: Qual=1.00 | Conf=0.85 | Dir=SHORT
2026-02-03 08:29:46,547 | SentinelBot | INFO | 🚫 ENTRY_BLOCKED | BAD_RR | TIAUSDTM R:R = 1:2.00 < 1:2
2026-02-03 08:29:46,548 | SentinelBot | INFO | 🔍 Scanning IMXUSDTM...
2026-02-03 08:29:47,559 | SentinelBot | INFO | ✅ HTF CONFIRMED: H1 Trend aligns with SHORT
2026-02-03 08:29:47,561 | SentinelBot | INFO | 🚨 TRADE POTENTIAL: IMXUSDTM | Rec: ALLOW_TRADE
2026-02-03 08:29:47,561 | SentinelBot | INFO |    Reason: Strong setup (1.00) with confidence (0.94). Regime: MOMENTUM. Trend score: -0.55, bias: SHORT
2026-02-03 08:29:47,561 | SentinelBot | INFO |    Stats: Qual=1.00 | Conf=0.94 | Dir=SHORT
2026-02-03 08:29:47,562 | SentinelBot | INFO | 🚫 ENTRY_BLOCKED | BAD_RR | IMXUSDTM R:R = 1:0.00 < 1:2
2026-02-03 08:29:47,562 | SentinelBot | INFO | 🔍 Scanning LDOUSDTM...
2026-02-03 08:29:48,666 | SentinelBot | INFO | ✅ HTF CONFIRMED: H1 Trend aligns with SHORT
2026-02-03 08:29:48,667 | SentinelBot | INFO | 🚨 TRADE POTENTIAL: LDOUSDTM | Rec: MICRO_TRADE
2026-02-03 08:29:48,667 | SentinelBot | INFO |    Reason: Good setup (0.70) but low confidence (0.42). Regime: RANGE. Trend score: -0.30, bias: SHORT
2026-02-03 08:29:48,667 | SentinelBot | INFO |    Stats: Qual=0.70 | Conf=0.42 | Dir=SHORT
2026-02-03 08:29:48,668 | SentinelBot | INFO | 🚫 ENTRY_BLOCKED | BAD_RR | LDOUSDTM R:R = 1:2.00 < 1:2
2026-02-03 08:30:10,468 | SentinelBot | INFO | 🔍 Scanning XBTUSDTM...
2026-02-03 08:30:11,509 | SentinelBot | INFO | ✅ HTF CONFIRMED: H1 Trend aligns with SHORT
2026-02-03 08:30:11,510 | SentinelBot | INFO | 🚨 TRADE POTENTIAL: XBTUSDTM | Rec: MICRO_TRADE
2026-02-03 08:30:11,510 | SentinelBot | INFO |    Reason: Good setup (0.75) but low confidence (0.45). Regime: RANGE. Trend score: -0.10, bias: SHORT
2026-02-03 08:30:11,511 | SentinelBot | INFO |    Stats: Qual=0.76 | Conf=0.45 | Dir=SHORT
2026-02-03 08:30:11,511 | SentinelBot | INFO | ⏳ BIAS_DETECTED | XBTUSDTM SHORT | Waiting for Zone [78600.078606 - 78624.748691]
2026-02-03 08:30:11,512 | SentinelBot | INFO | 🔍 Scanning ETHUSDTM...
2026-02-03 08:30:14,346 | SentinelBot | INFO |    📊 ETHUSDTM: Rec=NO_TRADE (Qual=0.50)
2026-02-03 08:30:14,348 | SentinelBot | INFO | 🔍 Scanning SOLUSDTM...
2026-02-03 08:30:15,349 | SentinelBot | INFO | ✅ HTF CONFIRMED: H1 Trend aligns with SHORT
2026-02-03 08:30:15,351 | SentinelBot | INFO | 🚨 TRADE POTENTIAL: SOLUSDTM | Rec: MICRO_TRADE
2026-02-03 08:30:15,351 | SentinelBot | INFO |    Reason: Good setup (0.70) but low confidence (0.42). Regime: RANGE. Trend score: -0.20, bias: SHORT
2026-02-03 08:30:15,351 | SentinelBot | INFO |    Stats: Qual=0.70 | Conf=0.42 | Dir=SHORT
2026-02-03 08:30:15,352 | SentinelBot | INFO | 🚫 ENTRY_BLOCKED | BAD_RR | SOLUSDTM R:R = 1:0.00 < 1:2
2026-02-03 08:30:15,353 | SentinelBot | INFO | 🔍 Scanning BNBUSDTM...
2026-02-03 08:30:16,348 | SentinelBot | INFO | ✅ HTF CONFIRMED: H1 Trend aligns with SHORT
2026-02-03 08:30:16,349 | SentinelBot | INFO | 🚨 TRADE POTENTIAL: BNBUSDTM | Rec: MICRO_TRADE
2026-02-03 08:30:16,349 | SentinelBot | INFO |    Reason: Good setup (0.61) but low confidence (0.37). Regime: RANGE. Trend score: -0.10, bias: SHORT
2026-02-03 08:30:16,350 | SentinelBot | INFO |    Stats: Qual=0.61 | Conf=0.37 | Dir=SHORT
2026-02-03 08:30:16,350 | SentinelBot | INFO | 🚫 ENTRY_BLOCKED | BAD_RR | BNBUSDTM R:R = 1:2.00 < 1:2
2026-02-03 08:30:16,351 | SentinelBot | INFO | 🔍 Scanning XRPUSDTM...
2026-02-03 08:30:17,345 | SentinelBot | INFO | ✅ HTF CONFIRMED: H1 Trend aligns with SHORT
2026-02-03 08:30:17,346 | SentinelBot | INFO | 🚨 TRADE POTENTIAL: XRPUSDTM | Rec: ALLOW_TRADE
2026-02-03 08:30:17,346 | SentinelBot | INFO |    Reason: Strong setup (0.79) with confidence (0.71). Regime: TREND_BEAR. Trend score: -0.30, bias: SHORT
2026-02-03 08:30:17,347 | SentinelBot | INFO |    Stats: Qual=0.79 | Conf=0.71 | Dir=SHORT
2026-02-03 08:30:17,347 | SentinelBot | INFO | 🚫 ENTRY_BLOCKED | BAD_RR | XRPUSDTM R:R = 1:0.00 < 1:2
2026-02-03 08:30:17,347 | SentinelBot | INFO | 🔍 Scanning ADAUSDTM...
2026-02-03 08:30:18,405 | SentinelBot | INFO | ✅ HTF CONFIRMED: H1 Trend aligns with SHORT
2026-02-03 08:30:18,405 | SentinelBot | INFO | 🚨 TRADE POTENTIAL: ADAUSDTM | Rec: MICRO_TRADE
2026-02-03 08:30:18,406 | SentinelBot | INFO |    Reason: Good setup (0.70) but low confidence (0.42). Regime: RANGE. Trend score: -0.20, bias: SHORT
2026-02-03 08:30:18,406 | SentinelBot | INFO |    Stats: Qual=0.70 | Conf=0.42 | Dir=SHORT
2026-02-03 08:30:18,406 | SentinelBot | INFO | 🚫 ENTRY_BLOCKED | BAD_RR | ADAUSDTM R:R = 1:0.00 < 1:2
2026-02-03 08:30:18,406 | SentinelBot | INFO | 🔍 Scanning DOGEUSDTM...
2026-02-03 08:30:19,517 | SentinelBot | INFO | ✅ HTF CONFIRMED: H1 Trend aligns with SHORT
2026-02-03 08:30:19,518 | SentinelBot | INFO | 🚨 TRADE POTENTIAL: DOGEUSDTM | Rec: ALLOW_TRADE
2026-02-03 08:30:19,518 | SentinelBot | INFO |    Reason: Strong setup (0.77) with confidence (0.62). Regime: BREAKOUT. Trend score: -0.20, bias: SHORT
2026-02-03 08:30:19,519 | SentinelBot | INFO |    Stats: Qual=0.77 | Conf=0.62 | Dir=SHORT
2026-02-03 08:30:19,519 | SentinelBot | INFO | 🚫 ENTRY_BLOCKED | BAD_RR | DOGEUSDTM R:R = 1:0.00 < 1:2
2026-02-03 08:30:19,520 | SentinelBot | INFO | 🔍 Scanning AVAXUSDTM...
2026-02-03 08:30:20,574 | SentinelBot | INFO | ✅ HTF CONFIRMED: H1 Trend aligns with SHORT
2026-02-03 08:30:20,574 | SentinelBot | INFO | 🚨 TRADE POTENTIAL: AVAXUSDTM | Rec: MICRO_TRADE
2026-02-03 08:30:20,575 | SentinelBot | INFO |    Reason: Good setup (0.73) but low confidence (0.44). Regime: RANGE. Trend score: -0.25, bias: SHORT
2026-02-03 08:30:20,575 | SentinelBot | INFO |    Stats: Qual=0.73 | Conf=0.44 | Dir=SHORT
2026-02-03 08:30:20,575 | SentinelBot | INFO | 🚫 ENTRY_BLOCKED | BAD_RR | AVAXUSDTM R:R = 1:0.00 < 1:2
2026-02-03 08:30:20,576 | SentinelBot | INFO | 🔍 Scanning LINKUSDTM...
2026-02-03 08:30:22,938 | SentinelBot | INFO | ✅ HTF CONFIRMED: H1 Trend aligns with SHORT
2026-02-03 08:30:22,939 | SentinelBot | INFO | 🚨 TRADE POTENTIAL: LINKUSDTM | Rec: ALLOW_TRADE
2026-02-03 08:30:22,940 | SentinelBot | INFO |    Reason: Strong setup (0.75) with confidence (0.60). Regime: BREAKOUT. Trend score: -0.15, bias: SHORT
2026-02-03 08:30:22,940 | SentinelBot | INFO |    Stats: Qual=0.75 | Conf=0.60 | Dir=SHORT
2026-02-03 08:30:22,940 | SentinelBot | INFO | 🚫 ENTRY_BLOCKED | BAD_RR | LINKUSDTM R:R = 1:0.00 < 1:2
2026-02-03 08:30:22,941 | SentinelBot | INFO | 🔍 Scanning DOTUSDTM...
2026-02-03 08:30:23,931 | SentinelBot | INFO | ✅ HTF CONFIRMED: H1 Trend aligns with SHORT
2026-02-03 08:30:23,931 | SentinelBot | INFO | 🚨 TRADE POTENTIAL: DOTUSDTM | Rec: ALLOW_TRADE
2026-02-03 08:30:23,931 | SentinelBot | INFO |    Reason: Strong setup (1.00) with confidence (0.90). Regime: TREND_BEAR. Trend score: -0.30, bias: SHORT
2026-02-03 08:30:23,931 | SentinelBot | INFO |    Stats: Qual=1.00 | Conf=0.90 | Dir=SHORT
2026-02-03 08:30:23,933 | SentinelBot | INFO | 🚫 ENTRY_BLOCKED | BAD_RR | DOTUSDTM R:R = 1:0.00 < 1:2
2026-02-03 08:30:23,933 | SentinelBot | INFO | 🔍 Scanning TRXUSDTM...
2026-02-03 08:30:24,359 | SentinelBot | INFO | 🚫 ENTRY_BLOCKED | NO_TRADE_ZONE | TRXUSDTM price=0.2835 inside range [0.2832 - 0.2836]
2026-02-03 08:30:24,361 | SentinelBot | INFO | 🔍 Scanning LTCUSDTM...
2026-02-03 08:30:25,406 | SentinelBot | INFO | ✅ HTF CONFIRMED: H1 Trend aligns with SHORT
2026-02-03 08:30:25,406 | SentinelBot | INFO | 🚨 TRADE POTENTIAL: LTCUSDTM | Rec: MICRO_TRADE
2026-02-03 08:30:25,408 | SentinelBot | INFO |    Reason: Good setup (0.64) but low confidence (0.39). Regime: RANGE. Trend score: -0.10, bias: SHORT
2026-02-03 08:30:25,408 | SentinelBot | INFO |    Stats: Qual=0.64 | Conf=0.39 | Dir=SHORT
2026-02-03 08:30:25,408 | SentinelBot | INFO | 🚫 ENTRY_BLOCKED | BAD_RR | LTCUSDTM R:R = 1:0.00 < 1:2
2026-02-03 08:30:25,408 | SentinelBot | INFO | 🔍 Scanning MATICUSDTM...
2026-02-03 08:30:32,653 | SentinelBot | INFO | 🛑 HTF MISMATCH: MATICUSDTM Signal LONG vs Bear Trend. Blocked (Conf 0.39 < 0.80)
2026-02-03 08:30:32,653 | SentinelBot | INFO | 🔍 Scanning SHIBUSDTM...
2026-02-03 08:30:33,718 | SentinelBot | INFO | ✅ HTF CONFIRMED: H1 Trend aligns with SHORT
2026-02-03 08:30:33,719 | SentinelBot | INFO | 🚨 TRADE POTENTIAL: SHIBUSDTM | Rec: MICRO_TRADE
2026-02-03 08:30:33,719 | SentinelBot | INFO |    Reason: Good setup (0.70) but low confidence (0.42). Regime: RANGE. Trend score: -0.20, bias: SHORT
2026-02-03 08:30:33,719 | SentinelBot | INFO |    Stats: Qual=0.70 | Conf=0.42 | Dir=SHORT
2026-02-03 08:30:33,719 | SentinelBot | INFO | 🚫 ENTRY_BLOCKED | BAD_RR | SHIBUSDTM R:R = 1:0.00 < 1:2
2026-02-03 08:30:33,721 | SentinelBot | INFO | 🔍 Scanning UNIUSDTM...
2026-02-03 08:30:34,811 | SentinelBot | INFO | ✅ HTF CONFIRMED: H1 Trend aligns with SHORT
2026-02-03 08:30:34,811 | SentinelBot | INFO | 🚨 TRADE POTENTIAL: UNIUSDTM | Rec: MICRO_TRADE
2026-02-03 08:30:34,811 | SentinelBot | INFO |    Reason: Good setup (0.74) but low confidence (0.44). Regime: RANGE. Trend score: -0.20, bias: SHORT
2026-02-03 08:30:34,811 | SentinelBot | INFO |    Stats: Qual=0.74 | Conf=0.44 | Dir=SHORT
2026-02-03 08:30:34,812 | SentinelBot | INFO | 🚫 ENTRY_BLOCKED | BAD_RR | UNIUSDTM R:R = 1:0.00 < 1:2
2026-02-03 08:30:34,812 | SentinelBot | INFO | 🔍 Scanning ATOMUSDTM...
2026-02-03 08:30:35,780 | SentinelBot | INFO | ✅ HTF CONFIRMED: H1 Trend aligns with SHORT
2026-02-03 08:30:35,780 | SentinelBot | INFO | 🚨 TRADE POTENTIAL: ATOMUSDTM | Rec: ALLOW_TRADE
2026-02-03 08:30:35,780 | SentinelBot | INFO |    Reason: Strong setup (0.70) with confidence (0.66). Regime: MOMENTUM. Trend score: -0.55, bias: SHORT
2026-02-03 08:30:35,780 | SentinelBot | INFO |    Stats: Qual=0.70 | Conf=0.66 | Dir=SHORT
2026-02-03 08:30:35,781 | SentinelBot | INFO | 🚫 ENTRY_BLOCKED | BAD_RR | ATOMUSDTM R:R = 1:0.00 < 1:2
2026-02-03 08:30:35,781 | SentinelBot | INFO | 🔍 Scanning XLMUSDTM...
2026-02-03 08:30:36,760 | SentinelBot | INFO | ✅ HTF CONFIRMED: H1 Trend aligns with SHORT
2026-02-03 08:30:36,761 | SentinelBot | INFO | 🚨 TRADE POTENTIAL: XLMUSDTM | Rec: ALLOW_TRADE
2026-02-03 08:30:36,762 | SentinelBot | INFO |    Reason: Strong setup (0.81) with confidence (0.76). Regime: MOMENTUM. Trend score: -0.80, bias: SHORT
2026-02-03 08:30:36,762 | SentinelBot | INFO |    Stats: Qual=0.81 | Conf=0.76 | Dir=SHORT
2026-02-03 08:30:36,762 | SentinelBot | INFO | 🚫 ENTRY_BLOCKED | BAD_RR | XLMUSDTM R:R = 1:0.00 < 1:2
2026-02-03 08:30:36,762 | SentinelBot | INFO | 🔍 Scanning ETCUSDTM...
2026-02-03 08:30:37,788 | SentinelBot | INFO | ✅ HTF CONFIRMED: H1 Trend aligns with SHORT
2026-02-03 08:30:37,788 | SentinelBot | INFO | 🚨 TRADE POTENTIAL: ETCUSDTM | Rec: ALLOW_TRADE
2026-02-03 08:30:37,789 | SentinelBot | INFO |    Reason: Strong setup (0.90) with confidence (0.72). Regime: BREAKOUT. Trend score: -0.45, bias: SHORT
2026-02-03 08:30:37,789 | SentinelBot | INFO |    Stats: Qual=0.90 | Conf=0.72 | Dir=SHORT
2026-02-03 08:30:37,789 | SentinelBot | INFO | 🚫 ENTRY_BLOCKED | BAD_RR | ETCUSDTM R:R = 1:0.00 < 1:2
2026-02-03 08:30:37,791 | SentinelBot | INFO | 🔍 Scanning FILUSDTM...
2026-02-03 08:30:38,747 | SentinelBot | INFO | ✅ HTF CONFIRMED: H1 Trend aligns with SHORT
2026-02-03 08:30:38,748 | SentinelBot | INFO | 🚨 TRADE POTENTIAL: FILUSDTM | Rec: ALLOW_TRADE
2026-02-03 08:30:38,748 | SentinelBot | INFO |    Reason: Strong setup (0.84) with confidence (0.71). Regime: MOMENTUM. Trend score: -0.45, bias: SHORT
2026-02-03 08:30:38,749 | SentinelBot | INFO |    Stats: Qual=0.83 | Conf=0.71 | Dir=SHORT
2026-02-03 08:30:38,749 | SentinelBot | INFO | 🚫 ENTRY_BLOCKED | BAD_RR | FILUSDTM R:R = 1:0.00 < 1:2
2026-02-03 08:30:38,750 | SentinelBot | INFO | 🔍 Scanning APTUSDTM...
2026-02-03 08:30:39,751 | SentinelBot | INFO | ✅ HTF CONFIRMED: H1 Trend aligns with SHORT
2026-02-03 08:30:39,753 | SentinelBot | INFO | 🚨 TRADE POTENTIAL: APTUSDTM | Rec: ALLOW_TRADE
2026-02-03 08:30:39,753 | SentinelBot | INFO |    Reason: Strong setup (1.00) with confidence (0.90). Regime: TREND_BEAR. Trend score: -0.40, bias: SHORT
2026-02-03 08:30:39,754 | SentinelBot | INFO |    Stats: Qual=1.00 | Conf=0.90 | Dir=SHORT
2026-02-03 08:30:39,754 | SentinelBot | INFO | 🚫 ENTRY_BLOCKED | BAD_RR | APTUSDTM R:R = 1:0.00 < 1:2
2026-02-03 08:30:39,755 | SentinelBot | INFO | 🔍 Scanning ARBUSDTM...
2026-02-03 08:30:40,808 | SentinelBot | INFO | ✅ HTF CONFIRMED: H1 Trend aligns with SHORT
2026-02-03 08:30:40,809 | SentinelBot | INFO | 🚨 TRADE POTENTIAL: ARBUSDTM | Rec: MICRO_TRADE
2026-02-03 08:30:40,809 | SentinelBot | INFO |    Reason: Good setup (0.78) but low confidence (0.47). Regime: RANGE. Trend score: -0.30, bias: SHORT
2026-02-03 08:30:40,809 | SentinelBot | INFO |    Stats: Qual=0.78 | Conf=0.47 | Dir=SHORT
2026-02-03 08:30:40,810 | SentinelBot | INFO | 🚫 ENTRY_BLOCKED | BAD_RR | ARBUSDTM R:R = 1:0.00 < 1:2
2026-02-03 08:30:40,810 | SentinelBot | INFO | 🔍 Scanning OPUSDTM...
2026-02-03 08:30:43,459 | SentinelBot | INFO | ✅ HTF CONFIRMED: H1 Trend aligns with SHORT
2026-02-03 08:30:43,460 | SentinelBot | INFO | 🚨 TRADE POTENTIAL: OPUSDTM | Rec: ALLOW_TRADE
2026-02-03 08:30:43,460 | SentinelBot | INFO |    Reason: Strong setup (0.77) with confidence (0.69). Regime: TREND_BEAR. Trend score: -0.35, bias: SHORT
2026-02-03 08:30:43,460 | SentinelBot | INFO |    Stats: Qual=0.77 | Conf=0.69 | Dir=SHORT
2026-02-03 08:30:43,460 | SentinelBot | INFO | 🚫 ENTRY_BLOCKED | BAD_RR | OPUSDTM R:R = 1:0.00 < 1:2
2026-02-03 08:30:43,462 | SentinelBot | INFO | 🔍 Scanning SUIUSDTM...
2026-02-03 08:30:44,441 | SentinelBot | INFO | ✅ HTF CONFIRMED: H1 Trend aligns with SHORT
2026-02-03 08:30:44,442 | SentinelBot | INFO | 🚨 TRADE POTENTIAL: SUIUSDTM | Rec: ALLOW_TRADE
2026-02-03 08:30:44,443 | SentinelBot | INFO |    Reason: Strong setup (0.84) with confidence (0.67). Regime: BREAKOUT. Trend score: -0.40, bias: SHORT
2026-02-03 08:30:44,443 | SentinelBot | INFO |    Stats: Qual=0.84 | Conf=0.67 | Dir=SHORT
2026-02-03 08:30:44,444 | SentinelBot | INFO | 🚫 ENTRY_BLOCKED | BAD_RR | SUIUSDTM R:R = 1:0.00 < 1:2
2026-02-03 08:30:44,444 | SentinelBot | INFO | 🔍 Scanning PEPEUSDTM...
2026-02-03 08:30:45,457 | SentinelBot | INFO | ✅ HTF CONFIRMED: H1 Trend aligns with SHORT
2026-02-03 08:30:45,458 | SentinelBot | INFO | 🚨 TRADE POTENTIAL: PEPEUSDTM | Rec: ALLOW_TRADE
2026-02-03 08:30:45,458 | SentinelBot | INFO |    Reason: Strong setup (0.73) with confidence (0.65). Regime: TREND_BEAR. Trend score: -0.30, bias: SHORT
2026-02-03 08:30:45,459 | SentinelBot | INFO |    Stats: Qual=0.73 | Conf=0.65 | Dir=SHORT
2026-02-03 08:30:45,459 | SentinelBot | INFO | 🚫 ENTRY_BLOCKED | BAD_RR | PEPEUSDTM R:R = 1:0.00 < 1:2
2026-02-03 08:30:45,461 | SentinelBot | INFO | 🔍 Scanning NEARUSDTM...
2026-02-03 08:30:46,511 | SentinelBot | INFO | ✅ HTF CONFIRMED: H1 Trend aligns with SHORT
2026-02-03 08:30:46,512 | SentinelBot | INFO | 🚨 TRADE POTENTIAL: NEARUSDTM | Rec: ALLOW_TRADE
2026-02-03 08:30:46,512 | SentinelBot | INFO |    Reason: Strong setup (0.78) with confidence (0.70). Regime: TREND_BEAR. Trend score: -0.35, bias: SHORT
2026-02-03 08:30:46,512 | SentinelBot | INFO |    Stats: Qual=0.78 | Conf=0.70 | Dir=SHORT
2026-02-03 08:30:46,513 | SentinelBot | INFO | 🚫 ENTRY_BLOCKED | BAD_RR | NEARUSDTM R:R = 1:0.00 < 1:2
2026-02-03 08:30:46,513 | SentinelBot | INFO | 🔍 Scanning RNDRUSDTM...
2026-02-03 08:30:47,701 | SentinelBot | INFO | ✅ HTF CONFIRMED: H1 Trend aligns with SHORT
2026-02-03 08:30:47,702 | SentinelBot | INFO | 🚨 TRADE POTENTIAL: RNDRUSDTM | Rec: MICRO_TRADE
2026-02-03 08:30:47,702 | SentinelBot | INFO |    Reason: Good setup (0.87) but low confidence (0.52). Regime: RANGE. Trend score: -0.10, bias: SHORT
2026-02-03 08:30:47,703 | SentinelBot | INFO |    Stats: Qual=0.87 | Conf=0.52 | Dir=SHORT
2026-02-03 08:30:47,703 | SentinelBot | INFO | 🚫 ENTRY_BLOCKED | BAD_RR | RNDRUSDTM R:R = 1:0.00 < 1:2
2026-02-03 08:30:47,704 | SentinelBot | INFO | 🔍 Scanning INJUSDTM...
2026-02-03 08:30:48,790 | SentinelBot | INFO | ✅ HTF CONFIRMED: H1 Trend aligns with SHORT
2026-02-03 08:30:48,790 | SentinelBot | INFO | 🚨 TRADE POTENTIAL: INJUSDTM | Rec: ALLOW_TRADE
2026-02-03 08:30:48,790 | SentinelBot | INFO |    Reason: Strong setup (0.82) with confidence (0.66). Regime: BREAKOUT. Trend score: -0.30, bias: SHORT
2026-02-03 08:30:48,792 | SentinelBot | INFO |    Stats: Qual=0.82 | Conf=0.66 | Dir=SHORT
2026-02-03 08:30:48,792 | SentinelBot | INFO | 🚫 ENTRY_BLOCKED | BAD_RR | INJUSDTM R:R = 1:0.00 < 1:2
2026-02-03 08:30:48,792 | SentinelBot | INFO | 🔍 Scanning TIAUSDTM...
2026-02-03 08:30:49,878 | SentinelBot | INFO | ✅ HTF CONFIRMED: H1 Trend aligns with SHORT
2026-02-03 08:30:49,878 | SentinelBot | INFO | 🚨 TRADE POTENTIAL: TIAUSDTM | Rec: ALLOW_TRADE
2026-02-03 08:30:49,878 | SentinelBot | INFO |    Reason: Strong setup (0.89) with confidence (0.78). Regime: BREAKOUT. Trend score: -0.55, bias: SHORT
2026-02-03 08:30:49,878 | SentinelBot | INFO |    Stats: Qual=0.89 | Conf=0.78 | Dir=SHORT
2026-02-03 08:30:49,880 | SentinelBot | INFO | 🚫 ENTRY_BLOCKED | BAD_RR | TIAUSDTM R:R = 1:0.00 < 1:2
2026-02-03 08:30:49,880 | SentinelBot | INFO | 🔍 Scanning IMXUSDTM...
2026-02-03 08:30:50,995 | SentinelBot | INFO | ✅ HTF CONFIRMED: H1 Trend aligns with SHORT
2026-02-03 08:30:50,996 | SentinelBot | INFO | 🚨 TRADE POTENTIAL: IMXUSDTM | Rec: ALLOW_TRADE
2026-02-03 08:30:50,996 | SentinelBot | INFO |    Reason: Strong setup (1.00) with confidence (0.94). Regime: MOMENTUM. Trend score: -0.55, bias: SHORT
2026-02-03 08:30:50,996 | SentinelBot | INFO |    Stats: Qual=1.00 | Conf=0.94 | Dir=SHORT
2026-02-03 08:30:50,997 | SentinelBot | INFO | 🚫 ENTRY_BLOCKED | BAD_RR | IMXUSDTM R:R = 1:0.00 < 1:2
2026-02-03 08:30:50,997 | SentinelBot | INFO | 🔍 Scanning LDOUSDTM...
2026-02-03 08:30:52,088 | SentinelBot | INFO | ✅ HTF CONFIRMED: H1 Trend aligns with SHORT
2026-02-03 08:30:52,089 | SentinelBot | INFO | 🚨 TRADE POTENTIAL: LDOUSDTM | Rec: ALLOW_TRADE
2026-02-03 08:30:52,089 | SentinelBot | INFO |    Reason: Strong setup (0.78) with confidence (0.70). Regime: TREND_BEAR. Trend score: -0.40, bias: SHORT
2026-02-03 08:30:52,090 | SentinelBot | INFO |    Stats: Qual=0.78 | Conf=0.70 | Dir=SHORT
2026-02-03 08:30:52,090 | SentinelBot | INFO | 🚫 ENTRY_BLOCKED | BAD_RR | LDOUSDTM R:R = 1:0.00 < 1:2
2026-02-03 08:30:55,644 | SentinelBot | INFO | 💓 Loop alive | Cycle 530 | Watching 30 symbols
2026-02-03 08:31:09,986 | SentinelBot | INFO | 🔍 Scanning XBTUSDTM...
2026-02-03 08:31:10,948 | SentinelBot | INFO | ✅ HTF CONFIRMED: H1 Trend aligns with SHORT
2026-02-03 08:31:10,948 | SentinelBot | INFO | 🚨 TRADE POTENTIAL: XBTUSDTM | Rec: MICRO_TRADE
2026-02-03 08:31:10,949 | SentinelBot | INFO |    Reason: Good setup (0.75) but low confidence (0.45). Regime: RANGE. Trend score: -0.10, bias: SHORT
2026-02-03 08:31:10,949 | SentinelBot | INFO |    Stats: Qual=0.76 | Conf=0.45 | Dir=SHORT
2026-02-03 08:31:10,950 | SentinelBot | INFO | ⏳ BIAS_DETECTED | XBTUSDTM SHORT | Waiting for Zone [78600.078606 - 78624.748691]
2026-02-03 08:31:10,951 | SentinelBot | INFO | 🔍 Scanning ETHUSDTM...
2026-02-03 08:31:13,798 | SentinelBot | INFO |    📊 ETHUSDTM: Rec=NO_TRADE (Qual=0.50)
2026-02-03 08:31:13,799 | SentinelBot | INFO | 🔍 Scanning SOLUSDTM...
2026-02-03 08:31:14,815 | SentinelBot | INFO | ✅ HTF CONFIRMED: H1 Trend aligns with SHORT
2026-02-03 08:31:14,815 | SentinelBot | INFO | 🚨 TRADE POTENTIAL: SOLUSDTM | Rec: MICRO_TRADE
2026-02-03 08:31:14,816 | SentinelBot | INFO |    Reason: Good setup (0.70) but low confidence (0.42). Regime: RANGE. Trend score: -0.20, bias: SHORT
2026-02-03 08:31:14,816 | SentinelBot | INFO |    Stats: Qual=0.70 | Conf=0.42 | Dir=SHORT
2026-02-03 08:31:14,817 | SentinelBot | INFO | 🚫 ENTRY_BLOCKED | BAD_RR | SOLUSDTM R:R = 1:0.00 < 1:2
2026-02-03 08:31:14,817 | SentinelBot | INFO | 🔍 Scanning BNBUSDTM...
2026-02-03 08:31:17,612 | SentinelBot | INFO | ✅ HTF CONFIRMED: H1 Trend aligns with SHORT
2026-02-03 08:31:17,614 | SentinelBot | INFO | 🚨 TRADE POTENTIAL: BNBUSDTM | Rec: MICRO_TRADE
2026-02-03 08:31:17,614 | SentinelBot | INFO |    Reason: Good setup (0.67) but low confidence (0.40). Regime: RANGE. Trend score: -0.20, bias: SHORT
2026-02-03 08:31:17,615 | SentinelBot | INFO |    Stats: Qual=0.67 | Conf=0.40 | Dir=SHORT
2026-02-03 08:31:17,615 | SentinelBot | INFO | 🚫 ENTRY_BLOCKED | BAD_RR | BNBUSDTM R:R = 1:2.00 < 1:2
2026-02-03 08:31:17,615 | SentinelBot | INFO | 🔍 Scanning XRPUSDTM...
2026-02-03 08:31:18,917 | SentinelBot | INFO | ✅ HTF CONFIRMED: H1 Trend aligns with SHORT
2026-02-03 08:31:18,918 | SentinelBot | INFO | 🚨 TRADE POTENTIAL: XRPUSDTM | Rec: ALLOW_TRADE
2026-02-03 08:31:18,918 | SentinelBot | INFO |    Reason: Strong setup (0.79) with confidence (0.71). Regime: TREND_BEAR. Trend score: -0.30, bias: SHORT
2026-02-03 08:31:18,918 | SentinelBot | INFO |    Stats: Qual=0.79 | Conf=0.71 | Dir=SHORT
2026-02-03 08:31:18,919 | SentinelBot | INFO | 🚫 ENTRY_BLOCKED | BAD_RR | XRPUSDTM R:R = 1:0.00 < 1:2
2026-02-03 08:31:18,919 | SentinelBot | INFO | 🔍 Scanning ADAUSDTM...
2026-02-03 08:31:23,132 | SentinelBot | INFO | ✅ HTF CONFIRMED: H1 Trend aligns with SHORT
2026-02-03 08:31:23,134 | SentinelBot | INFO | 🚨 TRADE POTENTIAL: ADAUSDTM | Rec: MICRO_TRADE
2026-02-03 08:31:23,134 | SentinelBot | INFO |    Reason: Good setup (0.70) but low confidence (0.42). Regime: RANGE. Trend score: -0.20, bias: SHORT
2026-02-03 08:31:23,134 | SentinelBot | INFO |    Stats: Qual=0.70 | Conf=0.42 | Dir=SHORT
2026-02-03 08:31:23,135 | SentinelBot | INFO | 🚫 ENTRY_BLOCKED | BAD_RR | ADAUSDTM R:R = 1:0.00 < 1:2
2026-02-03 08:31:23,135 | SentinelBot | INFO | 🔍 Scanning DOGEUSDTM...
2026-02-03 08:31:24,273 | SentinelBot | INFO | ✅ HTF CONFIRMED: H1 Trend aligns with SHORT
2026-02-03 08:31:24,274 | SentinelBot | INFO | 🚨 TRADE POTENTIAL: DOGEUSDTM | Rec: ALLOW_TRADE
2026-02-03 08:31:24,274 | SentinelBot | INFO |    Reason: Strong setup (0.77) with confidence (0.62). Regime: BREAKOUT. Trend score: -0.20, bias: SHORT
2026-02-03 08:31:24,274 | SentinelBot | INFO |    Stats: Qual=0.77 | Conf=0.62 | Dir=SHORT
2026-02-03 08:31:24,275 | SentinelBot | INFO | 🚫 ENTRY_BLOCKED | BAD_RR | DOGEUSDTM R:R = 1:0.00 < 1:2
2026-02-03 08:31:24,275 | SentinelBot | INFO | 🔍 Scanning AVAXUSDTM...
2026-02-03 08:31:25,337 | SentinelBot | INFO | ✅ HTF CONFIRMED: H1 Trend aligns with SHORT
2026-02-03 08:31:25,337 | SentinelBot | INFO | 🚨 TRADE POTENTIAL: AVAXUSDTM | Rec: MICRO_TRADE
2026-02-03 08:31:25,337 | SentinelBot | INFO |    Reason: Good setup (0.73) but low confidence (0.44). Regime: RANGE. Trend score: -0.25, bias: SHORT
2026-02-03 08:31:25,337 | SentinelBot | INFO |    Stats: Qual=0.73 | Conf=0.44 | Dir=SHORT
2026-02-03 08:31:25,337 | SentinelBot | INFO | 🚫 ENTRY_BLOCKED | BAD_RR | AVAXUSDTM R:R = 1:0.00 < 1:2
2026-02-03 08:31:25,337 | SentinelBot | INFO | 🔍 Scanning LINKUSDTM...
2026-02-03 08:31:26,403 | SentinelBot | INFO | ✅ HTF CONFIRMED: H1 Trend aligns with SHORT
2026-02-03 08:31:26,403 | SentinelBot | INFO | 🚨 TRADE POTENTIAL: LINKUSDTM | Rec: ALLOW_TRADE
2026-02-03 08:31:26,403 | SentinelBot | INFO |    Reason: Strong setup (0.75) with confidence (0.60). Regime: BREAKOUT. Trend score: -0.15, bias: SHORT
2026-02-03 08:31:26,403 | SentinelBot | INFO |    Stats: Qual=0.75 | Conf=0.60 | Dir=SHORT
2026-02-03 08:31:26,405 | SentinelBot | INFO | 🚫 ENTRY_BLOCKED | BAD_RR | LINKUSDTM R:R = 1:0.00 < 1:2
2026-02-03 08:31:26,405 | SentinelBot | INFO | 🔍 Scanning DOTUSDTM...
2026-02-03 08:31:27,415 | SentinelBot | INFO | ✅ HTF CONFIRMED: H1 Trend aligns with SHORT
2026-02-03 08:31:27,416 | SentinelBot | INFO | 🚨 TRADE POTENTIAL: DOTUSDTM | Rec: ALLOW_TRADE
2026-02-03 08:31:27,416 | SentinelBot | INFO |    Reason: Strong setup (1.00) with confidence (0.90). Regime: TREND_BEAR. Trend score: -0.30, bias: SHORT
2026-02-03 08:31:27,416 | SentinelBot | INFO |    Stats: Qual=1.00 | Conf=0.90 | Dir=SHORT
2026-02-03 08:31:27,416 | SentinelBot | INFO | 🚫 ENTRY_BLOCKED | BAD_RR | DOTUSDTM R:R = 1:0.00 < 1:2
2026-02-03 08:31:27,418 | SentinelBot | INFO | 🔍 Scanning TRXUSDTM...
2026-02-03 08:31:27,858 | SentinelBot | INFO | 🚫 ENTRY_BLOCKED | NO_TRADE_ZONE | TRXUSDTM price=0.2835 inside range [0.2832 - 0.2836]
2026-02-03 08:31:27,858 | SentinelBot | INFO | 🔍 Scanning LTCUSDTM...
2026-02-03 08:31:28,885 | SentinelBot | INFO | ✅ HTF CONFIRMED: H1 Trend aligns with SHORT
2026-02-03 08:31:28,886 | SentinelBot | INFO | 🚨 TRADE POTENTIAL: LTCUSDTM | Rec: MICRO_TRADE
2026-02-03 08:31:28,887 | SentinelBot | INFO |    Reason: Good setup (0.64) but low confidence (0.39). Regime: RANGE. Trend score: -0.10, bias: SHORT
2026-02-03 08:31:28,887 | SentinelBot | INFO |    Stats: Qual=0.64 | Conf=0.39 | Dir=SHORT
2026-02-03 08:31:28,888 | SentinelBot | INFO | 🚫 ENTRY_BLOCKED | BAD_RR | LTCUSDTM R:R = 1:0.00 < 1:2
2026-02-03 08:31:28,889 | SentinelBot | INFO | 🔍 Scanning MATICUSDTM...
2026-02-03 08:31:29,938 | SentinelBot | INFO | 🛑 HTF MISMATCH: MATICUSDTM Signal LONG vs Bear Trend. Blocked (Conf 0.39 < 0.80)
2026-02-03 08:31:29,938 | SentinelBot | INFO | 🔍 Scanning SHIBUSDTM...
2026-02-03 08:31:30,997 | SentinelBot | INFO | ✅ HTF CONFIRMED: H1 Trend aligns with SHORT
2026-02-03 08:31:30,998 | SentinelBot | INFO | 🚨 TRADE POTENTIAL: SHIBUSDTM | Rec: MICRO_TRADE
2026-02-03 08:31:30,998 | SentinelBot | INFO |    Reason: Good setup (0.70) but low confidence (0.42). Regime: RANGE. Trend score: -0.20, bias: SHORT
2026-02-03 08:31:30,998 | SentinelBot | INFO |    Stats: Qual=0.70 | Conf=0.42 | Dir=SHORT
2026-02-03 08:31:31,000 | SentinelBot | INFO | 🚫 ENTRY_BLOCKED | BAD_RR | SHIBUSDTM R:R = 1:0.00 < 1:2
2026-02-03 08:31:31,000 | SentinelBot | INFO | 🔍 Scanning UNIUSDTM...
2026-02-03 08:31:32,055 | SentinelBot | INFO | ✅ HTF CONFIRMED: H1 Trend aligns with SHORT
2026-02-03 08:31:32,056 | SentinelBot | INFO | 🚨 TRADE POTENTIAL: UNIUSDTM | Rec: MICRO_TRADE
2026-02-03 08:31:32,056 | SentinelBot | INFO |    Reason: Good setup (0.74) but low confidence (0.44). Regime: RANGE. Trend score: -0.20, bias: SHORT
2026-02-03 08:31:32,056 | SentinelBot | INFO |    Stats: Qual=0.74 | Conf=0.44 | Dir=SHORT
2026-02-03 08:31:32,057 | SentinelBot | INFO | 🚫 ENTRY_BLOCKED | BAD_RR | UNIUSDTM R:R = 1:0.00 < 1:2
2026-02-03 08:31:32,058 | SentinelBot | INFO | 🔍 Scanning ATOMUSDTM...
2026-02-03 08:31:33,085 | SentinelBot | INFO | ✅ HTF CONFIRMED: H1 Trend aligns with SHORT
2026-02-03 08:31:33,085 | SentinelBot | INFO | 🚨 TRADE POTENTIAL: ATOMUSDTM | Rec: ALLOW_TRADE
2026-02-03 08:31:33,086 | SentinelBot | INFO |    Reason: Strong setup (0.70) with confidence (0.66). Regime: MOMENTUM. Trend score: -0.55, bias: SHORT
2026-02-03 08:31:33,086 | SentinelBot | INFO |    Stats: Qual=0.70 | Conf=0.66 | Dir=SHORT
2026-02-03 08:31:33,087 | SentinelBot | INFO | 🚫 ENTRY_BLOCKED | BAD_RR | ATOMUSDTM R:R = 1:0.00 < 1:2
2026-02-03 08:31:33,087 | SentinelBot | INFO | 🔍 Scanning XLMUSDTM...
2026-02-03 08:31:34,069 | SentinelBot | INFO | ✅ HTF CONFIRMED: H1 Trend aligns with SHORT
2026-02-03 08:31:34,070 | SentinelBot | INFO | 🚨 TRADE POTENTIAL: XLMUSDTM | Rec: ALLOW_TRADE
2026-02-03 08:31:34,071 | SentinelBot | INFO |    Reason: Strong setup (0.81) with confidence (0.76). Regime: MOMENTUM. Trend score: -0.80, bias: SHORT
2026-02-03 08:31:34,071 | SentinelBot | INFO |    Stats: Qual=0.81 | Conf=0.76 | Dir=SHORT
2026-02-03 08:31:34,071 | SentinelBot | INFO | 🚫 ENTRY_BLOCKED | BAD_RR | XLMUSDTM R:R = 1:0.00 < 1:2
2026-02-03 08:31:34,071 | SentinelBot | INFO | 🔍 Scanning ETCUSDTM...
2026-02-03 08:31:35,096 | SentinelBot | INFO | ✅ HTF CONFIRMED: H1 Trend aligns with SHORT
2026-02-03 08:31:35,097 | SentinelBot | INFO | 🚨 TRADE POTENTIAL: ETCUSDTM | Rec: ALLOW_TRADE
2026-02-03 08:31:35,097 | SentinelBot | INFO |    Reason: Strong setup (0.90) with confidence (0.72). Regime: BREAKOUT. Trend score: -0.45, bias: SHORT
2026-02-03 08:31:35,097 | SentinelBot | INFO |    Stats: Qual=0.90 | Conf=0.72 | Dir=SHORT
2026-02-03 08:31:35,097 | SentinelBot | INFO | 🚫 ENTRY_BLOCKED | BAD_RR | ETCUSDTM R:R = 1:0.00 < 1:2
2026-02-03 08:31:35,097 | SentinelBot | INFO | 🔍 Scanning FILUSDTM...
2026-02-03 08:31:37,056 | SentinelBot | INFO | ✅ HTF CONFIRMED: H1 Trend aligns with SHORT
2026-02-03 08:31:37,056 | SentinelBot | INFO | 🚨 TRADE POTENTIAL: FILUSDTM | Rec: ALLOW_TRADE
2026-02-03 08:31:37,057 | SentinelBot | INFO |    Reason: Strong setup (0.84) with confidence (0.71). Regime: MOMENTUM. Trend score: -0.45, bias: SHORT
2026-02-03 08:31:37,057 | SentinelBot | INFO |    Stats: Qual=0.83 | Conf=0.71 | Dir=SHORT
2026-02-03 08:31:37,057 | SentinelBot | INFO | 🚫 ENTRY_BLOCKED | BAD_RR | FILUSDTM R:R = 1:0.00 < 1:2
2026-02-03 08:31:37,058 | SentinelBot | INFO | 🔍 Scanning APTUSDTM...
2026-02-03 08:31:38,067 | SentinelBot | INFO | ✅ HTF CONFIRMED: H1 Trend aligns with SHORT
2026-02-03 08:31:38,067 | SentinelBot | INFO | 🚨 TRADE POTENTIAL: APTUSDTM | Rec: ALLOW_TRADE
2026-02-03 08:31:38,067 | SentinelBot | INFO |    Reason: Strong setup (0.92) with confidence (0.78). Regime: MOMENTUM. Trend score: -0.50, bias: SHORT
2026-02-03 08:31:38,068 | SentinelBot | INFO |    Stats: Qual=0.92 | Conf=0.78 | Dir=SHORT
2026-02-03 08:31:38,068 | SentinelBot | INFO | 🚫 ENTRY_BLOCKED | BAD_RR | APTUSDTM R:R = 1:0.00 < 1:2
2026-02-03 08:31:38,069 | SentinelBot | INFO | 🔍 Scanning ARBUSDTM...
2026-02-03 08:31:39,053 | SentinelBot | INFO | ✅ HTF CONFIRMED: H1 Trend aligns with SHORT
2026-02-03 08:31:39,053 | SentinelBot | INFO | 🚨 TRADE POTENTIAL: ARBUSDTM | Rec: MICRO_TRADE
2026-02-03 08:31:39,054 | SentinelBot | INFO |    Reason: Good setup (0.78) but low confidence (0.47). Regime: RANGE. Trend score: -0.30, bias: SHORT
2026-02-03 08:31:39,054 | SentinelBot | INFO |    Stats: Qual=0.78 | Conf=0.47 | Dir=SHORT
2026-02-03 08:31:39,054 | SentinelBot | INFO | 🚫 ENTRY_BLOCKED | BAD_RR | ARBUSDTM R:R = 1:0.00 < 1:2
2026-02-03 08:31:39,056 | SentinelBot | INFO | 🔍 Scanning OPUSDTM...
2026-02-03 08:31:40,086 | SentinelBot | INFO | ✅ HTF CONFIRMED: H1 Trend aligns with SHORT
2026-02-03 08:31:40,087 | SentinelBot | INFO | 🚨 TRADE POTENTIAL: OPUSDTM | Rec: ALLOW_TRADE
2026-02-03 08:31:40,087 | SentinelBot | INFO |    Reason: Strong setup (0.77) with confidence (0.69). Regime: TREND_BEAR. Trend score: -0.35, bias: SHORT
2026-02-03 08:31:40,088 | SentinelBot | INFO |    Stats: Qual=0.77 | Conf=0.69 | Dir=SHORT
2026-02-03 08:31:40,088 | SentinelBot | INFO | 🚫 ENTRY_BLOCKED | BAD_RR | OPUSDTM R:R = 1:0.00 < 1:2
2026-02-03 08:31:40,089 | SentinelBot | INFO | 🔍 Scanning SUIUSDTM...
2026-02-03 08:31:41,094 | SentinelBot | INFO | ✅ HTF CONFIRMED: H1 Trend aligns with SHORT
2026-02-03 08:31:41,094 | SentinelBot | INFO | 🚨 TRADE POTENTIAL: SUIUSDTM | Rec: ALLOW_TRADE
2026-02-03 08:31:41,095 | SentinelBot | INFO |    Reason: Strong setup (0.84) with confidence (0.67). Regime: BREAKOUT. Trend score: -0.40, bias: SHORT
2026-02-03 08:31:41,095 | SentinelBot | INFO |    Stats: Qual=0.84 | Conf=0.67 | Dir=SHORT
2026-02-03 08:31:41,095 | SentinelBot | INFO | 🚫 ENTRY_BLOCKED | BAD_RR | SUIUSDTM R:R = 1:0.00 < 1:2
2026-02-03 08:31:41,095 | SentinelBot | INFO | 🔍 Scanning PEPEUSDTM...
2026-02-03 08:31:42,205 | SentinelBot | INFO | ✅ HTF CONFIRMED: H1 Trend aligns with SHORT
2026-02-03 08:31:42,205 | SentinelBot | INFO | 🚨 TRADE POTENTIAL: PEPEUSDTM | Rec: ALLOW_TRADE
2026-02-03 08:31:42,205 | SentinelBot | INFO |    Reason: Strong setup (0.73) with confidence (0.65). Regime: TREND_BEAR. Trend score: -0.30, bias: SHORT
2026-02-03 08:31:42,205 | SentinelBot | INFO |    Stats: Qual=0.73 | Conf=0.65 | Dir=SHORT
2026-02-03 08:31:42,205 | SentinelBot | INFO | 🚫 ENTRY_BLOCKED | BAD_RR | PEPEUSDTM R:R = 1:0.00 < 1:2
2026-02-03 08:31:42,205 | SentinelBot | INFO | 🔍 Scanning NEARUSDTM...
2026-02-03 08:31:43,368 | SentinelBot | INFO | ✅ HTF CONFIRMED: H1 Trend aligns with SHORT
2026-02-03 08:31:43,368 | SentinelBot | INFO | 🚨 TRADE POTENTIAL: NEARUSDTM | Rec: ALLOW_TRADE
2026-02-03 08:31:43,368 | SentinelBot | INFO |    Reason: Strong setup (0.78) with confidence (0.70). Regime: TREND_BEAR. Trend score: -0.35, bias: SHORT
2026-02-03 08:31:43,369 | SentinelBot | INFO |    Stats: Qual=0.78 | Conf=0.70 | Dir=SHORT
2026-02-03 08:31:43,369 | SentinelBot | INFO | 🚫 ENTRY_BLOCKED | BAD_RR | NEARUSDTM R:R = 1:0.00 < 1:2
2026-02-03 08:31:43,371 | SentinelBot | INFO | 🔍 Scanning RNDRUSDTM...
2026-02-03 08:31:44,394 | SentinelBot | INFO | ✅ HTF CONFIRMED: H1 Trend aligns with SHORT
2026-02-03 08:31:44,394 | SentinelBot | INFO | 🚨 TRADE POTENTIAL: RNDRUSDTM | Rec: MICRO_TRADE
2026-02-03 08:31:44,395 | SentinelBot | INFO |    Reason: Good setup (0.87) but low confidence (0.52). Regime: RANGE. Trend score: -0.10, bias: SHORT
2026-02-03 08:31:44,395 | SentinelBot | INFO |    Stats: Qual=0.87 | Conf=0.52 | Dir=SHORT
2026-02-03 08:31:44,397 | SentinelBot | INFO | 🚫 ENTRY_BLOCKED | BAD_RR | RNDRUSDTM R:R = 1:0.00 < 1:2
2026-02-03 08:31:44,397 | SentinelBot | INFO | 🔍 Scanning INJUSDTM...
2026-02-03 08:31:45,449 | SentinelBot | INFO | ✅ HTF CONFIRMED: H1 Trend aligns with SHORT
2026-02-03 08:31:45,449 | SentinelBot | INFO | 🚨 TRADE POTENTIAL: INJUSDTM | Rec: ALLOW_TRADE
2026-02-03 08:31:45,450 | SentinelBot | INFO |    Reason: Strong setup (0.82) with confidence (0.66). Regime: BREAKOUT. Trend score: -0.30, bias: SHORT
2026-02-03 08:31:45,450 | SentinelBot | INFO |    Stats: Qual=0.82 | Conf=0.66 | Dir=SHORT
2026-02-03 08:31:45,450 | SentinelBot | INFO | 🚫 ENTRY_BLOCKED | BAD_RR | INJUSDTM R:R = 1:0.00 < 1:2
2026-02-03 08:31:45,451 | SentinelBot | INFO | 🔍 Scanning TIAUSDTM...
2026-02-03 08:31:46,500 | SentinelBot | INFO | ✅ HTF CONFIRMED: H1 Trend aligns with SHORT
2026-02-03 08:31:46,500 | SentinelBot | INFO | 🚨 TRADE POTENTIAL: TIAUSDTM | Rec: ALLOW_TRADE
2026-02-03 08:31:46,500 | SentinelBot | INFO |    Reason: Strong setup (0.89) with confidence (0.78). Regime: BREAKOUT. Trend score: -0.55, bias: SHORT
2026-02-03 08:31:46,501 | SentinelBot | INFO |    Stats: Qual=0.89 | Conf=0.78 | Dir=SHORT
2026-02-03 08:31:46,501 | SentinelBot | INFO | 🚫 ENTRY_BLOCKED | BAD_RR | TIAUSDTM R:R = 1:0.00 < 1:2
2026-02-03 08:31:46,503 | SentinelBot | INFO | 🔍 Scanning IMXUSDTM...
2026-02-03 08:31:47,565 | SentinelBot | INFO | ✅ HTF CONFIRMED: H1 Trend aligns with SHORT
2026-02-03 08:31:47,566 | SentinelBot | INFO | 🚨 TRADE POTENTIAL: IMXUSDTM | Rec: ALLOW_TRADE
2026-02-03 08:31:47,566 | SentinelBot | INFO |    Reason: Strong setup (1.00) with confidence (0.94). Regime: MOMENTUM. Trend score: -0.55, bias: SHORT
2026-02-03 08:31:47,567 | SentinelBot | INFO |    Stats: Qual=1.00 | Conf=0.94 | Dir=SHORT
2026-02-03 08:31:47,567 | SentinelBot | INFO | 🚫 ENTRY_BLOCKED | BAD_RR | IMXUSDTM R:R = 1:0.00 < 1:2
2026-02-03 08:31:47,567 | SentinelBot | INFO | 🔍 Scanning LDOUSDTM...
2026-02-03 08:31:48,659 | SentinelBot | INFO | ✅ HTF CONFIRMED: H1 Trend aligns with SHORT
2026-02-03 08:31:48,661 | SentinelBot | INFO | 🚨 TRADE POTENTIAL: LDOUSDTM | Rec: ALLOW_TRADE
2026-02-03 08:31:48,661 | SentinelBot | INFO |    Reason: Strong setup (0.78) with confidence (0.70). Regime: TREND_BEAR. Trend score: -0.40, bias: SHORT
2026-02-03 08:31:48,662 | SentinelBot | INFO |    Stats: Qual=0.78 | Conf=0.70 | Dir=SHORT
2026-02-03 08:31:48,662 | SentinelBot | INFO | 🚫 ENTRY_BLOCKED | BAD_RR | LDOUSDTM R:R = 1:0.00 < 1:2
2026-02-03 08:31:55,115 | SentinelBot | INFO | 💓 Loop alive | Cycle 540 | Watching 30 symbols
2026-02-03 08:32:09,456 | SentinelBot | INFO | 🔍 Scanning XBTUSDTM...
2026-02-03 08:32:10,487 | SentinelBot | INFO | ✅ HTF CONFIRMED: H1 Trend aligns with SHORT
2026-02-03 08:32:10,487 | SentinelBot | INFO | 🚨 TRADE POTENTIAL: XBTUSDTM | Rec: MICRO_TRADE
2026-02-03 08:32:10,488 | SentinelBot | INFO |    Reason: Good setup (0.75) but low confidence (0.45). Regime: RANGE. Trend score: -0.10, bias: SHORT
2026-02-03 08:32:10,488 | SentinelBot | INFO |    Stats: Qual=0.76 | Conf=0.45 | Dir=SHORT
2026-02-03 08:32:10,489 | SentinelBot | INFO | ⏳ BIAS_DETECTED | XBTUSDTM SHORT | Waiting for Zone [78600.078606 - 78624.748691]
2026-02-03 08:32:10,489 | SentinelBot | INFO | 🔍 Scanning ETHUSDTM...
2026-02-03 08:32:11,293 | SentinelBot | INFO |    📊 ETHUSDTM: Rec=NO_TRADE (Qual=0.50)
2026-02-03 08:32:11,294 | SentinelBot | INFO | 🔍 Scanning SOLUSDTM...
2026-02-03 08:32:12,354 | SentinelBot | INFO | ✅ HTF CONFIRMED: H1 Trend aligns with SHORT
2026-02-03 08:32:12,354 | SentinelBot | INFO | 🚨 TRADE POTENTIAL: SOLUSDTM | Rec: MICRO_TRADE
2026-02-03 08:32:12,354 | SentinelBot | INFO |    Reason: Good setup (0.70) but low confidence (0.42). Regime: RANGE. Trend score: -0.20, bias: SHORT
2026-02-03 08:32:12,355 | SentinelBot | INFO |    Stats: Qual=0.70 | Conf=0.42 | Dir=SHORT
2026-02-03 08:32:12,356 | SentinelBot | INFO | 🚫 ENTRY_BLOCKED | BAD_RR | SOLUSDTM R:R = 1:0.00 < 1:2
2026-02-03 08:32:12,356 | SentinelBot | INFO | 🔍 Scanning BNBUSDTM...
2026-02-03 08:32:13,410 | SentinelBot | INFO | ✅ HTF CONFIRMED: H1 Trend aligns with SHORT
2026-02-03 08:32:13,410 | SentinelBot | INFO | 🚨 TRADE POTENTIAL: BNBUSDTM | Rec: MICRO_TRADE
2026-02-03 08:32:13,411 | SentinelBot | INFO |    Reason: Good setup (0.67) but low confidence (0.40). Regime: RANGE. Trend score: -0.20, bias: SHORT
2026-02-03 08:32:13,411 | SentinelBot | INFO |    Stats: Qual=0.67 | Conf=0.40 | Dir=SHORT
2026-02-03 08:32:13,411 | SentinelBot | INFO | 🚫 ENTRY_BLOCKED | BAD_RR | BNBUSDTM R:R = 1:2.00 < 1:2
2026-02-03 08:32:13,411 | SentinelBot | INFO | 🔍 Scanning XRPUSDTM...
2026-02-03 08:32:14,440 | SentinelBot | INFO | ✅ HTF CONFIRMED: H1 Trend aligns with SHORT
2026-02-03 08:32:14,440 | SentinelBot | INFO | 🚨 TRADE POTENTIAL: XRPUSDTM | Rec: ALLOW_TRADE
2026-02-03 08:32:14,440 | SentinelBot | INFO |    Reason: Strong setup (0.79) with confidence (0.71). Regime: TREND_BEAR. Trend score: -0.30, bias: SHORT
2026-02-03 08:32:14,441 | SentinelBot | INFO |    Stats: Qual=0.79 | Conf=0.71 | Dir=SHORT
2026-02-03 08:32:14,441 | SentinelBot | INFO | 🚫 ENTRY_BLOCKED | BAD_RR | XRPUSDTM R:R = 1:0.00 < 1:2
2026-02-03 08:32:14,442 | SentinelBot | INFO | 🔍 Scanning ADAUSDTM...
2026-02-03 08:32:15,511 | SentinelBot | INFO | ✅ HTF CONFIRMED: H1 Trend aligns with SHORT
2026-02-03 08:32:15,511 | SentinelBot | INFO | 🚨 TRADE POTENTIAL: ADAUSDTM | Rec: MICRO_TRADE
2026-02-03 08:32:15,511 | SentinelBot | INFO |    Reason: Good setup (0.70) but low confidence (0.42). Regime: RANGE. Trend score: -0.20, bias: SHORT
2026-02-03 08:32:15,511 | SentinelBot | INFO |    Stats: Qual=0.70 | Conf=0.42 | Dir=SHORT
2026-02-03 08:32:15,512 | SentinelBot | INFO | 🚫 ENTRY_BLOCKED | BAD_RR | ADAUSDTM R:R = 1:0.00 < 1:2
2026-02-03 08:32:15,512 | SentinelBot | INFO | 🔍 Scanning DOGEUSDTM...
2026-02-03 08:32:16,529 | SentinelBot | INFO | ✅ HTF CONFIRMED: H1 Trend aligns with SHORT
2026-02-03 08:32:16,529 | SentinelBot | INFO | 🚨 TRADE POTENTIAL: DOGEUSDTM | Rec: ALLOW_TRADE
2026-02-03 08:32:16,530 | SentinelBot | INFO |    Reason: Strong setup (0.77) with confidence (0.62). Regime: BREAKOUT. Trend score: -0.20, bias: SHORT
2026-02-03 08:32:16,530 | SentinelBot | INFO |    Stats: Qual=0.77 | Conf=0.62 | Dir=SHORT
2026-02-03 08:32:16,530 | SentinelBot | INFO | 🚫 ENTRY_BLOCKED | BAD_RR | DOGEUSDTM R:R = 1:0.00 < 1:2
2026-02-03 08:32:16,531 | SentinelBot | INFO | 🔍 Scanning AVAXUSDTM...
2026-02-03 08:32:17,586 | SentinelBot | INFO | ✅ HTF CONFIRMED: H1 Trend aligns with SHORT
2026-02-03 08:32:17,587 | SentinelBot | INFO | 🚨 TRADE POTENTIAL: AVAXUSDTM | Rec: MICRO_TRADE
2026-02-03 08:32:17,587 | SentinelBot | INFO |    Reason: Good setup (0.73) but low confidence (0.44). Regime: RANGE. Trend score: -0.25, bias: SHORT
2026-02-03 08:32:17,587 | SentinelBot | INFO |    Stats: Qual=0.73 | Conf=0.44 | Dir=SHORT
2026-02-03 08:32:17,589 | SentinelBot | INFO | 🚫 ENTRY_BLOCKED | BAD_RR | AVAXUSDTM R:R = 1:0.00 < 1:2
2026-02-03 08:32:17,589 | SentinelBot | INFO | 🔍 Scanning LINKUSDTM...
2026-02-03 08:32:18,615 | SentinelBot | INFO | ✅ HTF CONFIRMED: H1 Trend aligns with SHORT
2026-02-03 08:32:18,615 | SentinelBot | INFO | 🚨 TRADE POTENTIAL: LINKUSDTM | Rec: ALLOW_TRADE
2026-02-03 08:32:18,615 | SentinelBot | INFO |    Reason: Strong setup (0.75) with confidence (0.60). Regime: BREAKOUT. Trend score: -0.15, bias: SHORT
2026-02-03 08:32:18,615 | SentinelBot | INFO |    Stats: Qual=0.75 | Conf=0.60 | Dir=SHORT
2026-02-03 08:32:18,616 | SentinelBot | INFO | 🚫 ENTRY_BLOCKED | BAD_RR | LINKUSDTM R:R = 1:0.00 < 1:2
2026-02-03 08:32:18,616 | SentinelBot | INFO | 🔍 Scanning DOTUSDTM...
2026-02-03 08:32:19,707 | SentinelBot | INFO | ✅ HTF CONFIRMED: H1 Trend aligns with SHORT
2026-02-03 08:32:19,709 | SentinelBot | INFO | 🚨 TRADE POTENTIAL: DOTUSDTM | Rec: ALLOW_TRADE
2026-02-03 08:32:19,709 | SentinelBot | INFO |    Reason: Strong setup (1.00) with confidence (0.90). Regime: TREND_BEAR. Trend score: -0.30, bias: SHORT
2026-02-03 08:32:19,709 | SentinelBot | INFO |    Stats: Qual=1.00 | Conf=0.90 | Dir=SHORT
2026-02-03 08:32:19,710 | SentinelBot | INFO | 🚫 ENTRY_BLOCKED | BAD_RR | DOTUSDTM R:R = 1:0.00 < 1:2
2026-02-03 08:32:19,710 | SentinelBot | INFO | 🔍 Scanning TRXUSDTM...
2026-02-03 08:32:20,233 | SentinelBot | INFO | 🚫 ENTRY_BLOCKED | NO_TRADE_ZONE | TRXUSDTM price=0.2835 inside range [0.2832 - 0.2836]
2026-02-03 08:32:20,234 | SentinelBot | INFO | 🔍 Scanning LTCUSDTM...
2026-02-03 08:32:21,386 | SentinelBot | INFO | ✅ HTF CONFIRMED: H1 Trend aligns with SHORT
2026-02-03 08:32:21,388 | SentinelBot | INFO | 🚨 TRADE POTENTIAL: LTCUSDTM | Rec: MICRO_TRADE
2026-02-03 08:32:21,388 | SentinelBot | INFO |    Reason: Good setup (0.64) but low confidence (0.39). Regime: RANGE. Trend score: -0.10, bias: SHORT
2026-02-03 08:32:21,388 | SentinelBot | INFO |    Stats: Qual=0.64 | Conf=0.39 | Dir=SHORT
2026-02-03 08:32:21,390 | SentinelBot | INFO | 🚫 ENTRY_BLOCKED | BAD_RR | LTCUSDTM R:R = 1:0.00 < 1:2
2026-02-03 08:32:21,390 | SentinelBot | INFO | 🔍 Scanning MATICUSDTM...
2026-02-03 08:32:22,929 | SentinelBot | INFO | 🛑 HTF MISMATCH: MATICUSDTM Signal LONG vs Bear Trend. Blocked (Conf 0.39 < 0.80)
2026-02-03 08:32:22,931 | SentinelBot | INFO | 🔍 Scanning SHIBUSDTM...
2026-02-03 08:32:24,001 | SentinelBot | INFO | ✅ HTF CONFIRMED: H1 Trend aligns with SHORT
2026-02-03 08:32:24,003 | SentinelBot | INFO | 🚨 TRADE POTENTIAL: SHIBUSDTM | Rec: MICRO_TRADE
2026-02-03 08:32:24,003 | SentinelBot | INFO |    Reason: Good setup (0.70) but low confidence (0.42). Regime: RANGE. Trend score: -0.20, bias: SHORT
2026-02-03 08:32:24,003 | SentinelBot | INFO |    Stats: Qual=0.70 | Conf=0.42 | Dir=SHORT
2026-02-03 08:32:24,003 | SentinelBot | INFO | 🚫 ENTRY_BLOCKED | BAD_RR | SHIBUSDTM R:R = 1:0.00 < 1:2
2026-02-03 08:32:24,005 | SentinelBot | INFO | 🔍 Scanning UNIUSDTM...
2026-02-03 08:32:25,053 | SentinelBot | INFO | ✅ HTF CONFIRMED: H1 Trend aligns with SHORT
2026-02-03 08:32:25,053 | SentinelBot | INFO | 🚨 TRADE POTENTIAL: UNIUSDTM | Rec: MICRO_TRADE
2026-02-03 08:32:25,053 | SentinelBot | INFO |    Reason: Good setup (0.74) but low confidence (0.44). Regime: RANGE. Trend score: -0.20, bias: SHORT
2026-02-03 08:32:25,054 | SentinelBot | INFO |    Stats: Qual=0.74 | Conf=0.44 | Dir=SHORT
2026-02-03 08:32:25,054 | SentinelBot | INFO | 🚫 ENTRY_BLOCKED | BAD_RR | UNIUSDTM R:R = 1:0.00 < 1:2
2026-02-03 08:32:25,055 | SentinelBot | INFO | 🔍 Scanning ATOMUSDTM...
2026-02-03 08:32:26,167 | SentinelBot | INFO | ✅ HTF CONFIRMED: H1 Trend aligns with SHORT
2026-02-03 08:32:26,167 | SentinelBot | INFO | 🚨 TRADE POTENTIAL: ATOMUSDTM | Rec: ALLOW_TRADE
2026-02-03 08:32:26,168 | SentinelBot | INFO |    Reason: Strong setup (0.70) with confidence (0.66). Regime: MOMENTUM. Trend score: -0.55, bias: SHORT
2026-02-03 08:32:26,168 | SentinelBot | INFO |    Stats: Qual=0.70 | Conf=0.66 | Dir=SHORT
2026-02-03 08:32:26,169 | SentinelBot | INFO | 🚫 ENTRY_BLOCKED | BAD_RR | ATOMUSDTM R:R = 1:0.00 < 1:2
2026-02-03 08:32:26,169 | SentinelBot | INFO | 🔍 Scanning XLMUSDTM...
2026-02-03 08:32:27,442 | SentinelBot | INFO | ✅ HTF CONFIRMED: H1 Trend aligns with SHORT
2026-02-03 08:32:27,442 | SentinelBot | INFO | 🚨 TRADE POTENTIAL: XLMUSDTM | Rec: ALLOW_TRADE
2026-02-03 08:32:27,442 | SentinelBot | INFO |    Reason: Strong setup (0.81) with confidence (0.76). Regime: MOMENTUM. Trend score: -0.80, bias: SHORT
2026-02-03 08:32:27,443 | SentinelBot | INFO |    Stats: Qual=0.81 | Conf=0.76 | Dir=SHORT
2026-02-03 08:32:27,443 | SentinelBot | INFO | 🚫 ENTRY_BLOCKED | BAD_RR | XLMUSDTM R:R = 1:0.00 < 1:2
2026-02-03 08:32:27,443 | SentinelBot | INFO | 🔍 Scanning ETCUSDTM...
2026-02-03 08:32:28,639 | SentinelBot | INFO | ✅ HTF CONFIRMED: H1 Trend aligns with SHORT
2026-02-03 08:32:28,639 | SentinelBot | INFO | 🚨 TRADE POTENTIAL: ETCUSDTM | Rec: ALLOW_TRADE
2026-02-03 08:32:28,639 | SentinelBot | INFO |    Reason: Strong setup (0.90) with confidence (0.72). Regime: BREAKOUT. Trend score: -0.45, bias: SHORT
2026-02-03 08:32:28,640 | SentinelBot | INFO |    Stats: Qual=0.90 | Conf=0.72 | Dir=SHORT
2026-02-03 08:32:28,640 | SentinelBot | INFO | 🚫 ENTRY_BLOCKED | BAD_RR | ETCUSDTM R:R = 1:0.00 < 1:2
2026-02-03 08:32:28,641 | SentinelBot | INFO | 🔍 Scanning FILUSDTM...
2026-02-03 08:32:29,656 | SentinelBot | INFO | ✅ HTF CONFIRMED: H1 Trend aligns with SHORT
2026-02-03 08:32:29,658 | SentinelBot | INFO | 🚨 TRADE POTENTIAL: FILUSDTM | Rec: ALLOW_TRADE
2026-02-03 08:32:29,658 | SentinelBot | INFO |    Reason: Strong setup (0.84) with confidence (0.71). Regime: MOMENTUM. Trend score: -0.45, bias: SHORT
2026-02-03 08:32:29,658 | SentinelBot | INFO |    Stats: Qual=0.83 | Conf=0.71 | Dir=SHORT
2026-02-03 08:32:29,658 | SentinelBot | INFO | 🚫 ENTRY_BLOCKED | BAD_RR | FILUSDTM R:R = 1:0.00 < 1:2
2026-02-03 08:32:29,659 | SentinelBot | INFO | 🔍 Scanning APTUSDTM...
2026-02-03 08:32:30,717 | SentinelBot | INFO | ✅ HTF CONFIRMED: H1 Trend aligns with SHORT
2026-02-03 08:32:30,717 | SentinelBot | INFO | 🚨 TRADE POTENTIAL: APTUSDTM | Rec: ALLOW_TRADE
2026-02-03 08:32:30,717 | SentinelBot | INFO |    Reason: Strong setup (0.92) with confidence (0.78). Regime: MOMENTUM. Trend score: -0.50, bias: SHORT
2026-02-03 08:32:30,717 | SentinelBot | INFO |    Stats: Qual=0.92 | Conf=0.78 | Dir=SHORT
2026-02-03 08:32:30,717 | SentinelBot | INFO | 🚫 ENTRY_BLOCKED | BAD_RR | APTUSDTM R:R = 1:0.00 < 1:2
2026-02-03 08:32:30,721 | SentinelBot | INFO | 🔍 Scanning ARBUSDTM...
2026-02-03 08:32:31,994 | SentinelBot | INFO | ✅ HTF CONFIRMED: H1 Trend aligns with SHORT
2026-02-03 08:32:31,994 | SentinelBot | INFO | 🚨 TRADE POTENTIAL: ARBUSDTM | Rec: MICRO_TRADE
2026-02-03 08:32:31,994 | SentinelBot | INFO |    Reason: Good setup (0.78) but low confidence (0.47). Regime: RANGE. Trend score: -0.30, bias: SHORT
2026-02-03 08:32:31,994 | SentinelBot | INFO |    Stats: Qual=0.78 | Conf=0.47 | Dir=SHORT
2026-02-03 08:32:31,994 | SentinelBot | INFO | 🚫 ENTRY_BLOCKED | BAD_RR | ARBUSDTM R:R = 1:0.00 < 1:2
2026-02-03 08:32:31,997 | SentinelBot | INFO | 🔍 Scanning OPUSDTM...
2026-02-03 08:32:33,033 | SentinelBot | INFO | ✅ HTF CONFIRMED: H1 Trend aligns with SHORT
2026-02-03 08:32:33,033 | SentinelBot | INFO | 🚨 TRADE POTENTIAL: OPUSDTM | Rec: ALLOW_TRADE
2026-02-03 08:32:33,033 | SentinelBot | INFO |    Reason: Strong setup (0.77) with confidence (0.69). Regime: TREND_BEAR. Trend score: -0.35, bias: SHORT
2026-02-03 08:32:33,033 | SentinelBot | INFO |    Stats: Qual=0.77 | Conf=0.69 | Dir=SHORT
2026-02-03 08:32:33,033 | SentinelBot | INFO | 🚫 ENTRY_BLOCKED | BAD_RR | OPUSDTM R:R = 1:0.00 < 1:2
2026-02-03 08:32:33,033 | SentinelBot | INFO | 🔍 Scanning SUIUSDTM...
2026-02-03 08:32:34,008 | SentinelBot | INFO | ✅ HTF CONFIRMED: H1 Trend aligns with SHORT
2026-02-03 08:32:34,008 | SentinelBot | INFO | 🚨 TRADE POTENTIAL: SUIUSDTM | Rec: ALLOW_TRADE
2026-02-03 08:32:34,010 | SentinelBot | INFO |    Reason: Strong setup (0.84) with confidence (0.67). Regime: BREAKOUT. Trend score: -0.40, bias: SHORT
2026-02-03 08:32:34,011 | SentinelBot | INFO |    Stats: Qual=0.84 | Conf=0.67 | Dir=SHORT
2026-02-03 08:32:34,011 | SentinelBot | INFO | 🚫 ENTRY_BLOCKED | BAD_RR | SUIUSDTM R:R = 1:0.00 < 1:2
2026-02-03 08:32:34,011 | SentinelBot | INFO | 🔍 Scanning PEPEUSDTM...
2026-02-03 08:32:35,017 | SentinelBot | INFO | ✅ HTF CONFIRMED: H1 Trend aligns with SHORT
2026-02-03 08:32:35,018 | SentinelBot | INFO | 🚨 TRADE POTENTIAL: PEPEUSDTM | Rec: ALLOW_TRADE
2026-02-03 08:32:35,018 | SentinelBot | INFO |    Reason: Strong setup (0.73) with confidence (0.65). Regime: TREND_BEAR. Trend score: -0.30, bias: SHORT
2026-02-03 08:32:35,019 | SentinelBot | INFO |    Stats: Qual=0.73 | Conf=0.65 | Dir=SHORT
2026-02-03 08:32:35,019 | SentinelBot | INFO | 🚫 ENTRY_BLOCKED | BAD_RR | PEPEUSDTM R:R = 1:0.00 < 1:2
2026-02-03 08:32:35,020 | SentinelBot | INFO | 🔍 Scanning NEARUSDTM...
2026-02-03 08:32:36,072 | SentinelBot | INFO | ✅ HTF CONFIRMED: H1 Trend aligns with SHORT
2026-02-03 08:32:36,072 | SentinelBot | INFO | 🚨 TRADE POTENTIAL: NEARUSDTM | Rec: ALLOW_TRADE
2026-02-03 08:32:36,072 | SentinelBot | INFO |    Reason: Strong setup (0.78) with confidence (0.70). Regime: TREND_BEAR. Trend score: -0.35, bias: SHORT
2026-02-03 08:32:36,074 | SentinelBot | INFO |    Stats: Qual=0.78 | Conf=0.70 | Dir=SHORT
2026-02-03 08:32:36,074 | SentinelBot | INFO | 🚫 ENTRY_BLOCKED | BAD_RR | NEARUSDTM R:R = 1:0.00 < 1:2
2026-02-03 08:32:36,075 | SentinelBot | INFO | 🔍 Scanning RNDRUSDTM...
2026-02-03 08:32:37,086 | SentinelBot | INFO | ✅ HTF CONFIRMED: H1 Trend aligns with SHORT
2026-02-03 08:32:37,087 | SentinelBot | INFO | 🚨 TRADE POTENTIAL: RNDRUSDTM | Rec: MICRO_TRADE
2026-02-03 08:32:37,087 | SentinelBot | INFO |    Reason: Good setup (0.87) but low confidence (0.52). Regime: RANGE. Trend score: -0.10, bias: SHORT
2026-02-03 08:32:37,087 | SentinelBot | INFO |    Stats: Qual=0.87 | Conf=0.52 | Dir=SHORT
2026-02-03 08:32:37,088 | SentinelBot | INFO | 🚫 ENTRY_BLOCKED | BAD_RR | RNDRUSDTM R:R = 1:0.00 < 1:2
2026-02-03 08:32:37,089 | SentinelBot | INFO | 🔍 Scanning INJUSDTM...
2026-02-03 08:32:38,172 | SentinelBot | INFO | ✅ HTF CONFIRMED: H1 Trend aligns with SHORT
2026-02-03 08:32:38,173 | SentinelBot | INFO | 🚨 TRADE POTENTIAL: INJUSDTM | Rec: ALLOW_TRADE
2026-02-03 08:32:38,174 | SentinelBot | INFO |    Reason: Strong setup (0.82) with confidence (0.66). Regime: BREAKOUT. Trend score: -0.30, bias: SHORT
2026-02-03 08:32:38,174 | SentinelBot | INFO |    Stats: Qual=0.82 | Conf=0.66 | Dir=SHORT
2026-02-03 08:32:38,174 | SentinelBot | INFO | 🚫 ENTRY_BLOCKED | BAD_RR | INJUSDTM R:R = 1:0.00 < 1:2
2026-02-03 08:32:38,175 | SentinelBot | INFO | 🔍 Scanning TIAUSDTM...
2026-02-03 08:32:39,274 | SentinelBot | INFO | ✅ HTF CONFIRMED: H1 Trend aligns with SHORT
2026-02-03 08:32:39,278 | SentinelBot | INFO | 🚨 TRADE POTENTIAL: TIAUSDTM | Rec: ALLOW_TRADE
2026-02-03 08:32:39,278 | SentinelBot | INFO |    Reason: Strong setup (0.89) with confidence (0.78). Regime: BREAKOUT. Trend score: -0.55, bias: SHORT
2026-02-03 08:32:39,278 | SentinelBot | INFO |    Stats: Qual=0.89 | Conf=0.78 | Dir=SHORT
2026-02-03 08:32:39,278 | SentinelBot | INFO | 🚫 ENTRY_BLOCKED | BAD_RR | TIAUSDTM R:R = 1:0.00 < 1:2
2026-02-03 08:32:39,280 | SentinelBot | INFO | 🔍 Scanning IMXUSDTM...
2026-02-03 08:32:40,481 | SentinelBot | INFO | ✅ HTF CONFIRMED: H1 Trend aligns with SHORT
2026-02-03 08:32:40,481 | SentinelBot | INFO | 🚨 TRADE POTENTIAL: IMXUSDTM | Rec: ALLOW_TRADE
2026-02-03 08:32:40,481 | SentinelBot | INFO |    Reason: Strong setup (1.00) with confidence (0.94). Regime: MOMENTUM. Trend score: -0.55, bias: SHORT
2026-02-03 08:32:40,481 | SentinelBot | INFO |    Stats: Qual=1.00 | Conf=0.94 | Dir=SHORT
2026-02-03 08:32:40,481 | SentinelBot | INFO | 🚫 ENTRY_BLOCKED | BAD_RR | IMXUSDTM R:R = 1:0.00 < 1:2
2026-02-03 08:32:40,481 | SentinelBot | INFO | 🔍 Scanning LDOUSDTM...
2026-02-03 08:32:41,651 | SentinelBot | INFO | ✅ HTF CONFIRMED: H1 Trend aligns with SHORT
2026-02-03 08:32:41,652 | SentinelBot | INFO | 🚨 TRADE POTENTIAL: LDOUSDTM | Rec: ALLOW_TRADE
2026-02-03 08:32:41,653 | SentinelBot | INFO |    Reason: Strong setup (0.78) with confidence (0.70). Regime: TREND_BEAR. Trend score: -0.40, bias: SHORT
2026-02-03 08:32:41,653 | SentinelBot | INFO |    Stats: Qual=0.78 | Conf=0.70 | Dir=SHORT
2026-02-03 08:32:41,653 | SentinelBot | INFO | 🚫 ENTRY_BLOCKED | BAD_RR | LDOUSDTM R:R = 1:0.00 < 1:2
2026-02-03 08:32:45,162 | SentinelBot | INFO | 💓 Loop alive | Cycle 550 | Watching 30 symbols
2026-02-03 08:33:00,545 | SentinelBot | INFO | 💓 Loop alive | Cycle 560 | Watching 30 symbols
2026-02-03 08:33:09,425 | SentinelBot | INFO | 🔍 Scanning XBTUSDTM...
2026-02-03 08:33:10,456 | SentinelBot | INFO | ✅ HTF CONFIRMED: H1 Trend aligns with SHORT
2026-02-03 08:33:10,457 | SentinelBot | INFO | 🚨 TRADE POTENTIAL: XBTUSDTM | Rec: MICRO_TRADE
2026-02-03 08:33:10,457 | SentinelBot | INFO |    Reason: Good setup (0.75) but low confidence (0.45). Regime: RANGE. Trend score: -0.10, bias: SHORT
2026-02-03 08:33:10,458 | SentinelBot | INFO |    Stats: Qual=0.76 | Conf=0.45 | Dir=SHORT
2026-02-03 08:33:10,459 | SentinelBot | INFO | ⏳ BIAS_DETECTED | XBTUSDTM SHORT | Waiting for Zone [78600.078606 - 78624.748691]
2026-02-03 08:33:10,459 | SentinelBot | INFO | 🔍 Scanning ETHUSDTM...
2026-02-03 08:33:11,258 | SentinelBot | INFO |    📊 ETHUSDTM: Rec=NO_TRADE (Qual=0.50)
2026-02-03 08:33:11,258 | SentinelBot | INFO | 🔍 Scanning SOLUSDTM...
2026-02-03 08:33:12,322 | SentinelBot | INFO | ✅ HTF CONFIRMED: H1 Trend aligns with SHORT
2026-02-03 08:33:12,322 | SentinelBot | INFO | 🚨 TRADE POTENTIAL: SOLUSDTM | Rec: MICRO_TRADE
2026-02-03 08:33:12,322 | SentinelBot | INFO |    Reason: Good setup (0.70) but low confidence (0.42). Regime: RANGE. Trend score: -0.20, bias: SHORT
2026-02-03 08:33:12,324 | SentinelBot | INFO |    Stats: Qual=0.70 | Conf=0.42 | Dir=SHORT
2026-02-03 08:33:12,324 | SentinelBot | INFO | 🚫 ENTRY_BLOCKED | BAD_RR | SOLUSDTM R:R = 1:0.00 < 1:2
2026-02-03 08:33:12,324 | SentinelBot | INFO | 🔍 Scanning BNBUSDTM...
2026-02-03 08:33:13,429 | SentinelBot | INFO | ✅ HTF CONFIRMED: H1 Trend aligns with SHORT
2026-02-03 08:33:13,431 | SentinelBot | INFO | 🚨 TRADE POTENTIAL: BNBUSDTM | Rec: MICRO_TRADE
2026-02-03 08:33:13,431 | SentinelBot | INFO |    Reason: Good setup (0.67) but low confidence (0.40). Regime: RANGE. Trend score: -0.20, bias: SHORT
2026-02-03 08:33:13,431 | SentinelBot | INFO |    Stats: Qual=0.67 | Conf=0.40 | Dir=SHORT
2026-02-03 08:33:13,431 | SentinelBot | INFO | 🚫 ENTRY_BLOCKED | BAD_RR | BNBUSDTM R:R = 1:2.00 < 1:2
2026-02-03 08:33:13,431 | SentinelBot | INFO | 🔍 Scanning XRPUSDTM...
2026-02-03 08:33:14,481 | SentinelBot | INFO | ✅ HTF CONFIRMED: H1 Trend aligns with SHORT
2026-02-03 08:33:14,481 | SentinelBot | INFO | 🚨 TRADE POTENTIAL: XRPUSDTM | Rec: ALLOW_TRADE
2026-02-03 08:33:14,481 | SentinelBot | INFO |    Reason: Strong setup (0.79) with confidence (0.71). Regime: TREND_BEAR. Trend score: -0.30, bias: SHORT
2026-02-03 08:33:14,481 | SentinelBot | INFO |    Stats: Qual=0.79 | Conf=0.71 | Dir=SHORT
2026-02-03 08:33:14,481 | SentinelBot | INFO | 🚫 ENTRY_BLOCKED | BAD_RR | XRPUSDTM R:R = 1:0.00 < 1:2
2026-02-03 08:33:14,481 | SentinelBot | INFO | 🔍 Scanning ADAUSDTM...
2026-02-03 08:33:15,486 | SentinelBot | INFO | ✅ HTF CONFIRMED: H1 Trend aligns with SHORT
2026-02-03 08:33:15,486 | SentinelBot | INFO | 🚨 TRADE POTENTIAL: ADAUSDTM | Rec: MICRO_TRADE
2026-02-03 08:33:15,487 | SentinelBot | INFO |    Reason: Good setup (0.70) but low confidence (0.42). Regime: RANGE. Trend score: -0.20, bias: SHORT
2026-02-03 08:33:15,487 | SentinelBot | INFO |    Stats: Qual=0.70 | Conf=0.42 | Dir=SHORT
2026-02-03 08:33:15,488 | SentinelBot | INFO | 🚫 ENTRY_BLOCKED | BAD_RR | ADAUSDTM R:R = 1:0.00 < 1:2
2026-02-03 08:33:15,489 | SentinelBot | INFO | 🔍 Scanning DOGEUSDTM...
2026-02-03 08:33:16,601 | SentinelBot | INFO | ✅ HTF CONFIRMED: H1 Trend aligns with SHORT
2026-02-03 08:33:16,601 | SentinelBot | INFO | 🚨 TRADE POTENTIAL: DOGEUSDTM | Rec: ALLOW_TRADE
2026-02-03 08:33:16,602 | SentinelBot | INFO |    Reason: Strong setup (0.77) with confidence (0.62). Regime: BREAKOUT. Trend score: -0.20, bias: SHORT
2026-02-03 08:33:16,602 | SentinelBot | INFO |    Stats: Qual=0.77 | Conf=0.62 | Dir=SHORT
2026-02-03 08:33:16,603 | SentinelBot | INFO | 🚫 ENTRY_BLOCKED | BAD_RR | DOGEUSDTM R:R = 1:0.00 < 1:2
2026-02-03 08:33:16,603 | SentinelBot | INFO | 🔍 Scanning AVAXUSDTM...
2026-02-03 08:33:17,678 | SentinelBot | INFO | ✅ HTF CONFIRMED: H1 Trend aligns with SHORT
2026-02-03 08:33:17,678 | SentinelBot | INFO | 🚨 TRADE POTENTIAL: AVAXUSDTM | Rec: MICRO_TRADE
2026-02-03 08:33:17,678 | SentinelBot | INFO |    Reason: Good setup (0.73) but low confidence (0.44). Regime: RANGE. Trend score: -0.25, bias: SHORT
2026-02-03 08:33:17,678 | SentinelBot | INFO |    Stats: Qual=0.73 | Conf=0.44 | Dir=SHORT
2026-02-03 08:33:17,678 | SentinelBot | INFO | 🚫 ENTRY_BLOCKED | BAD_RR | AVAXUSDTM R:R = 1:0.00 < 1:2
2026-02-03 08:33:17,680 | SentinelBot | INFO | 🔍 Scanning LINKUSDTM...
2026-02-03 08:33:18,796 | SentinelBot | INFO | ✅ HTF CONFIRMED: H1 Trend aligns with SHORT
2026-02-03 08:33:18,796 | SentinelBot | INFO | 🚨 TRADE POTENTIAL: LINKUSDTM | Rec: ALLOW_TRADE
2026-02-03 08:33:18,796 | SentinelBot | INFO |    Reason: Strong setup (0.75) with confidence (0.60). Regime: BREAKOUT. Trend score: -0.15, bias: SHORT
2026-02-03 08:33:18,798 | SentinelBot | INFO |    Stats: Qual=0.75 | Conf=0.60 | Dir=SHORT
2026-02-03 08:33:18,798 | SentinelBot | INFO | 🚫 ENTRY_BLOCKED | BAD_RR | LINKUSDTM R:R = 1:0.00 < 1:2
2026-02-03 08:33:18,798 | SentinelBot | INFO | 🔍 Scanning DOTUSDTM...
2026-02-03 08:33:19,866 | SentinelBot | INFO | ✅ HTF CONFIRMED: H1 Trend aligns with SHORT
2026-02-03 08:33:19,866 | SentinelBot | INFO | 🚨 TRADE POTENTIAL: DOTUSDTM | Rec: ALLOW_TRADE
2026-02-03 08:33:19,867 | SentinelBot | INFO |    Reason: Strong setup (1.00) with confidence (0.90). Regime: TREND_BEAR. Trend score: -0.30, bias: SHORT
2026-02-03 08:33:19,867 | SentinelBot | INFO |    Stats: Qual=1.00 | Conf=0.90 | Dir=SHORT
2026-02-03 08:33:19,868 | SentinelBot | INFO | 🚫 ENTRY_BLOCKED | BAD_RR | DOTUSDTM R:R = 1:0.00 < 1:2
2026-02-03 08:33:19,869 | SentinelBot | INFO | 🔍 Scanning TRXUSDTM...
2026-02-03 08:33:20,306 | SentinelBot | INFO | 🚫 ENTRY_BLOCKED | NO_TRADE_ZONE | TRXUSDTM price=0.2835 inside range [0.2832 - 0.2836]
2026-02-03 08:33:20,310 | SentinelBot | INFO | 🔍 Scanning LTCUSDTM...
2026-02-03 08:33:21,460 | SentinelBot | INFO | ✅ HTF CONFIRMED: H1 Trend aligns with SHORT
2026-02-03 08:33:21,461 | SentinelBot | INFO | 🚨 TRADE POTENTIAL: LTCUSDTM | Rec: MICRO_TRADE
2026-02-03 08:33:21,461 | SentinelBot | INFO |    Reason: Good setup (0.64) but low confidence (0.39). Regime: RANGE. Trend score: -0.10, bias: SHORT
2026-02-03 08:33:21,461 | SentinelBot | INFO |    Stats: Qual=0.64 | Conf=0.39 | Dir=SHORT
2026-02-03 08:33:21,461 | SentinelBot | INFO | 🚫 ENTRY_BLOCKED | BAD_RR | LTCUSDTM R:R = 1:0.00 < 1:2
2026-02-03 08:33:21,461 | SentinelBot | INFO | 🔍 Scanning MATICUSDTM...
2026-02-03 08:33:22,552 | SentinelBot | INFO | 🛑 HTF MISMATCH: MATICUSDTM Signal LONG vs Bear Trend. Blocked (Conf 0.39 < 0.80)
2026-02-03 08:33:22,553 | SentinelBot | INFO | 🔍 Scanning SHIBUSDTM...
2026-02-03 08:33:23,653 | SentinelBot | INFO | ✅ HTF CONFIRMED: H1 Trend aligns with SHORT
2026-02-03 08:33:23,653 | SentinelBot | INFO | 🚨 TRADE POTENTIAL: SHIBUSDTM | Rec: MICRO_TRADE
2026-02-03 08:33:23,654 | SentinelBot | INFO |    Reason: Good setup (0.70) but low confidence (0.42). Regime: RANGE. Trend score: -0.20, bias: SHORT
2026-02-03 08:33:23,654 | SentinelBot | INFO |    Stats: Qual=0.70 | Conf=0.42 | Dir=SHORT
2026-02-03 08:33:23,654 | SentinelBot | INFO | 🚫 ENTRY_BLOCKED | BAD_RR | SHIBUSDTM R:R = 1:0.00 < 1:2
2026-02-03 08:33:23,655 | SentinelBot | INFO | 🔍 Scanning UNIUSDTM...
2026-02-03 08:33:24,704 | SentinelBot | INFO | ✅ HTF CONFIRMED: H1 Trend aligns with SHORT
2026-02-03 08:33:24,704 | SentinelBot | INFO | 🚨 TRADE POTENTIAL: UNIUSDTM | Rec: MICRO_TRADE
2026-02-03 08:33:24,704 | SentinelBot | INFO |    Reason: Good setup (0.74) but low confidence (0.44). Regime: RANGE. Trend score: -0.20, bias: SHORT
2026-02-03 08:33:24,704 | SentinelBot | INFO |    Stats: Qual=0.74 | Conf=0.44 | Dir=SHORT
2026-02-03 08:33:24,708 | SentinelBot | INFO | 🚫 ENTRY_BLOCKED | BAD_RR | UNIUSDTM R:R = 1:0.00 < 1:2
2026-02-03 08:33:24,708 | SentinelBot | INFO | 🔍 Scanning ATOMUSDTM...
2026-02-03 08:33:25,757 | SentinelBot | INFO | ✅ HTF CONFIRMED: H1 Trend aligns with SHORT
2026-02-03 08:33:25,758 | SentinelBot | INFO | 🚨 TRADE POTENTIAL: ATOMUSDTM | Rec: ALLOW_TRADE
2026-02-03 08:33:25,758 | SentinelBot | INFO |    Reason: Strong setup (0.70) with confidence (0.66). Regime: MOMENTUM. Trend score: -0.55, bias: SHORT
2026-02-03 08:33:25,759 | SentinelBot | INFO |    Stats: Qual=0.70 | Conf=0.66 | Dir=SHORT
2026-02-03 08:33:25,759 | SentinelBot | INFO | 🚫 ENTRY_BLOCKED | BAD_RR | ATOMUSDTM R:R = 1:0.00 < 1:2
2026-02-03 08:33:25,760 | SentinelBot | INFO | 🔍 Scanning XLMUSDTM...
2026-02-03 08:33:26,785 | SentinelBot | INFO | ✅ HTF CONFIRMED: H1 Trend aligns with SHORT
2026-02-03 08:33:26,786 | SentinelBot | INFO | 🚨 TRADE POTENTIAL: XLMUSDTM | Rec: ALLOW_TRADE
2026-02-03 08:33:26,786 | SentinelBot | INFO |    Reason: Strong setup (0.81) with confidence (0.76). Regime: MOMENTUM. Trend score: -0.80, bias: SHORT
2026-02-03 08:33:26,786 | SentinelBot | INFO |    Stats: Qual=0.81 | Conf=0.76 | Dir=SHORT
2026-02-03 08:33:26,787 | SentinelBot | INFO | 🚫 ENTRY_BLOCKED | BAD_RR | XLMUSDTM R:R = 1:0.00 < 1:2
2026-02-03 08:33:26,787 | SentinelBot | INFO | 🔍 Scanning ETCUSDTM...
2026-02-03 08:33:27,807 | SentinelBot | INFO | ✅ HTF CONFIRMED: H1 Trend aligns with SHORT
2026-02-03 08:33:27,807 | SentinelBot | INFO | 🚨 TRADE POTENTIAL: ETCUSDTM | Rec: ALLOW_TRADE
2026-02-03 08:33:27,809 | SentinelBot | INFO |    Reason: Strong setup (0.90) with confidence (0.72). Regime: BREAKOUT. Trend score: -0.45, bias: SHORT
2026-02-03 08:33:27,809 | SentinelBot | INFO |    Stats: Qual=0.90 | Conf=0.72 | Dir=SHORT
2026-02-03 08:33:27,810 | SentinelBot | INFO | 🚫 ENTRY_BLOCKED | BAD_RR | ETCUSDTM R:R = 1:0.00 < 1:2
2026-02-03 08:33:27,810 | SentinelBot | INFO | 🔍 Scanning FILUSDTM...
2026-02-03 08:33:28,872 | SentinelBot | INFO | ✅ HTF CONFIRMED: H1 Trend aligns with SHORT
2026-02-03 08:33:28,872 | SentinelBot | INFO | 🚨 TRADE POTENTIAL: FILUSDTM | Rec: ALLOW_TRADE
2026-02-03 08:33:28,875 | SentinelBot | INFO |    Reason: Strong setup (0.84) with confidence (0.71). Regime: MOMENTUM. Trend score: -0.45, bias: SHORT
2026-02-03 08:33:28,875 | SentinelBot | INFO |    Stats: Qual=0.83 | Conf=0.71 | Dir=SHORT
2026-02-03 08:33:28,875 | SentinelBot | INFO | 🚫 ENTRY_BLOCKED | BAD_RR | FILUSDTM R:R = 1:0.00 < 1:2
2026-02-03 08:33:28,876 | SentinelBot | INFO | 🔍 Scanning APTUSDTM...
2026-02-03 08:33:29,940 | SentinelBot | INFO | ✅ HTF CONFIRMED: H1 Trend aligns with SHORT
2026-02-03 08:33:29,940 | SentinelBot | INFO | 🚨 TRADE POTENTIAL: APTUSDTM | Rec: ALLOW_TRADE
2026-02-03 08:33:29,941 | SentinelBot | INFO |    Reason: Strong setup (0.92) with confidence (0.78). Regime: MOMENTUM. Trend score: -0.50, bias: SHORT
2026-02-03 08:33:29,941 | SentinelBot | INFO |    Stats: Qual=0.92 | Conf=0.78 | Dir=SHORT
2026-02-03 08:33:29,941 | SentinelBot | INFO | 🚫 ENTRY_BLOCKED | BAD_RR | APTUSDTM R:R = 1:0.00 < 1:2
2026-02-03 08:33:29,943 | SentinelBot | INFO | 🔍 Scanning ARBUSDTM...
2026-02-03 08:33:30,998 | SentinelBot | INFO | ✅ HTF CONFIRMED: H1 Trend aligns with SHORT
2026-02-03 08:33:30,999 | SentinelBot | INFO | 🚨 TRADE POTENTIAL: ARBUSDTM | Rec: MICRO_TRADE
2026-02-03 08:33:30,999 | SentinelBot | INFO |    Reason: Good setup (0.78) but low confidence (0.47). Regime: RANGE. Trend score: -0.30, bias: SHORT
2026-02-03 08:33:30,999 | SentinelBot | INFO |    Stats: Qual=0.78 | Conf=0.47 | Dir=SHORT
2026-02-03 08:33:31,000 | SentinelBot | INFO | 🚫 ENTRY_BLOCKED | BAD_RR | ARBUSDTM R:R = 1:0.00 < 1:2
2026-02-03 08:33:31,000 | SentinelBot | INFO | 🔍 Scanning OPUSDTM...
2026-02-03 08:33:32,090 | SentinelBot | INFO | ✅ HTF CONFIRMED: H1 Trend aligns with SHORT
2026-02-03 08:33:32,090 | SentinelBot | INFO | 🚨 TRADE POTENTIAL: OPUSDTM | Rec: ALLOW_TRADE
2026-02-03 08:33:32,090 | SentinelBot | INFO |    Reason: Strong setup (0.77) with confidence (0.69). Regime: TREND_BEAR. Trend score: -0.35, bias: SHORT
2026-02-03 08:33:32,091 | SentinelBot | INFO |    Stats: Qual=0.77 | Conf=0.69 | Dir=SHORT
2026-02-03 08:33:32,091 | SentinelBot | INFO | 🚫 ENTRY_BLOCKED | BAD_RR | OPUSDTM R:R = 1:0.00 < 1:2
2026-02-03 08:33:32,091 | SentinelBot | INFO | 🔍 Scanning SUIUSDTM...
2026-02-03 08:33:33,098 | SentinelBot | INFO | ✅ HTF CONFIRMED: H1 Trend aligns with SHORT
2026-02-03 08:33:33,099 | SentinelBot | INFO | 🚨 TRADE POTENTIAL: SUIUSDTM | Rec: ALLOW_TRADE
2026-02-03 08:33:33,099 | SentinelBot | INFO |    Reason: Strong setup (0.84) with confidence (0.67). Regime: BREAKOUT. Trend score: -0.40, bias: SHORT
2026-02-03 08:33:33,100 | SentinelBot | INFO |    Stats: Qual=0.84 | Conf=0.67 | Dir=SHORT
2026-02-03 08:33:33,100 | SentinelBot | INFO | 🚫 ENTRY_BLOCKED | BAD_RR | SUIUSDTM R:R = 1:0.00 < 1:2
2026-02-03 08:33:33,100 | SentinelBot | INFO | 🔍 Scanning PEPEUSDTM...
2026-02-03 08:33:34,120 | SentinelBot | INFO | ✅ HTF CONFIRMED: H1 Trend aligns with SHORT
2026-02-03 08:33:34,121 | SentinelBot | INFO | 🚨 TRADE POTENTIAL: PEPEUSDTM | Rec: ALLOW_TRADE
2026-02-03 08:33:34,121 | SentinelBot | INFO |    Reason: Strong setup (0.73) with confidence (0.65). Regime: TREND_BEAR. Trend score: -0.30, bias: SHORT
2026-02-03 08:33:34,121 | SentinelBot | INFO |    Stats: Qual=0.73 | Conf=0.65 | Dir=SHORT
2026-02-03 08:33:34,121 | SentinelBot | INFO | 🚫 ENTRY_BLOCKED | BAD_RR | PEPEUSDTM R:R = 1:0.00 < 1:2
2026-02-03 08:33:34,122 | SentinelBot | INFO | 🔍 Scanning NEARUSDTM...
2026-02-03 08:33:35,155 | SentinelBot | INFO | ✅ HTF CONFIRMED: H1 Trend aligns with SHORT
2026-02-03 08:33:35,156 | SentinelBot | INFO | 🚨 TRADE POTENTIAL: NEARUSDTM | Rec: ALLOW_TRADE
2026-02-03 08:33:35,156 | SentinelBot | INFO |    Reason: Strong setup (0.78) with confidence (0.70). Regime: TREND_BEAR. Trend score: -0.35, bias: SHORT
2026-02-03 08:33:35,156 | SentinelBot | INFO |    Stats: Qual=0.78 | Conf=0.70 | Dir=SHORT
2026-02-03 08:33:35,157 | SentinelBot | INFO | 🚫 ENTRY_BLOCKED | BAD_RR | NEARUSDTM R:R = 1:0.00 < 1:2
2026-02-03 08:33:35,157 | SentinelBot | INFO | 🔍 Scanning RNDRUSDTM...
2026-02-03 08:33:36,138 | SentinelBot | INFO | ✅ HTF CONFIRMED: H1 Trend aligns with SHORT
2026-02-03 08:33:36,138 | SentinelBot | INFO | 🚨 TRADE POTENTIAL: RNDRUSDTM | Rec: MICRO_TRADE
2026-02-03 08:33:36,139 | SentinelBot | INFO |    Reason: Good setup (0.87) but low confidence (0.52). Regime: RANGE. Trend score: -0.10, bias: SHORT
2026-02-03 08:33:36,139 | SentinelBot | INFO |    Stats: Qual=0.87 | Conf=0.52 | Dir=SHORT
2026-02-03 08:33:36,139 | SentinelBot | INFO | 🚫 ENTRY_BLOCKED | BAD_RR | RNDRUSDTM R:R = 1:0.00 < 1:2
2026-02-03 08:33:36,140 | SentinelBot | INFO | 🔍 Scanning INJUSDTM...
2026-02-03 08:33:37,265 | SentinelBot | INFO | ✅ HTF CONFIRMED: H1 Trend aligns with SHORT
2026-02-03 08:33:37,265 | SentinelBot | INFO | 🚨 TRADE POTENTIAL: INJUSDTM | Rec: ALLOW_TRADE
2026-02-03 08:33:37,265 | SentinelBot | INFO |    Reason: Strong setup (0.82) with confidence (0.66). Regime: BREAKOUT. Trend score: -0.30, bias: SHORT
2026-02-03 08:33:37,265 | SentinelBot | INFO |    Stats: Qual=0.82 | Conf=0.66 | Dir=SHORT
2026-02-03 08:33:37,266 | SentinelBot | INFO | 🚫 ENTRY_BLOCKED | BAD_RR | INJUSDTM R:R = 1:0.00 < 1:2
2026-02-03 08:33:37,267 | SentinelBot | INFO | 🔍 Scanning TIAUSDTM...
2026-02-03 08:33:38,318 | SentinelBot | INFO | ✅ HTF CONFIRMED: H1 Trend aligns with SHORT
2026-02-03 08:33:38,318 | SentinelBot | INFO | 🚨 TRADE POTENTIAL: TIAUSDTM | Rec: ALLOW_TRADE
2026-02-03 08:33:38,318 | SentinelBot | INFO |    Reason: Strong setup (0.89) with confidence (0.78). Regime: BREAKOUT. Trend score: -0.55, bias: SHORT
2026-02-03 08:33:38,320 | SentinelBot | INFO |    Stats: Qual=0.89 | Conf=0.78 | Dir=SHORT
2026-02-03 08:33:38,320 | SentinelBot | INFO | 🚫 ENTRY_BLOCKED | BAD_RR | TIAUSDTM R:R = 1:0.00 < 1:2
2026-02-03 08:33:38,320 | SentinelBot | INFO | 🔍 Scanning IMXUSDTM...
2026-02-03 08:33:39,343 | SentinelBot | INFO | ✅ HTF CONFIRMED: H1 Trend aligns with SHORT
2026-02-03 08:33:39,343 | SentinelBot | INFO | 🚨 TRADE POTENTIAL: IMXUSDTM | Rec: ALLOW_TRADE
2026-02-03 08:33:39,344 | SentinelBot | INFO |    Reason: Strong setup (1.00) with confidence (0.94). Regime: MOMENTUM. Trend score: -0.55, bias: SHORT
2026-02-03 08:33:39,344 | SentinelBot | INFO |    Stats: Qual=1.00 | Conf=0.94 | Dir=SHORT
2026-02-03 08:33:39,344 | SentinelBot | INFO | 🚫 ENTRY_BLOCKED | BAD_RR | IMXUSDTM R:R = 1:0.00 < 1:2
2026-02-03 08:33:39,345 | SentinelBot | INFO | 🔍 Scanning LDOUSDTM...
2026-02-03 08:33:40,561 | SentinelBot | INFO | ✅ HTF CONFIRMED: H1 Trend aligns with SHORT
2026-02-03 08:33:40,561 | SentinelBot | INFO | 🚨 TRADE POTENTIAL: LDOUSDTM | Rec: ALLOW_TRADE
2026-02-03 08:33:40,561 | SentinelBot | INFO |    Reason: Strong setup (0.78) with confidence (0.70). Regime: TREND_BEAR. Trend score: -0.40, bias: SHORT
2026-02-03 08:33:40,561 | SentinelBot | INFO |    Stats: Qual=0.78 | Conf=0.70 | Dir=SHORT
2026-02-03 08:33:40,563 | SentinelBot | INFO | 🚫 ENTRY_BLOCKED | BAD_RR | LDOUSDTM R:R = 1:0.00 < 1:2
2026-02-03 08:33:50,347 | SentinelBot | INFO | 💓 Loop alive | Cycle 570 | Watching 30 symbols
2026-02-03 08:34:06,462 | SentinelBot | INFO | 💓 Loop alive | Cycle 580 | Watching 30 symbols
2026-02-03 08:34:09,996 | SentinelBot | INFO | 🔍 Scanning XBTUSDTM...
2026-02-03 08:34:11,160 | SentinelBot | INFO | ✅ HTF CONFIRMED: H1 Trend aligns with SHORT
2026-02-03 08:34:11,161 | SentinelBot | INFO | 🚨 TRADE POTENTIAL: XBTUSDTM | Rec: MICRO_TRADE
2026-02-03 08:34:11,161 | SentinelBot | INFO |    Reason: Good setup (0.75) but low confidence (0.45). Regime: RANGE. Trend score: -0.10, bias: SHORT
2026-02-03 08:34:11,162 | SentinelBot | INFO |    Stats: Qual=0.76 | Conf=0.45 | Dir=SHORT
2026-02-03 08:34:11,162 | SentinelBot | INFO | ⏳ BIAS_DETECTED | XBTUSDTM SHORT | Waiting for Zone [78600.078606 - 78624.748691]
2026-02-03 08:34:11,164 | SentinelBot | INFO | 🔍 Scanning ETHUSDTM...
2026-02-03 08:34:12,025 | SentinelBot | INFO |    📊 ETHUSDTM: Rec=NO_TRADE (Qual=0.50)
2026-02-03 08:34:12,025 | SentinelBot | INFO | 🔍 Scanning SOLUSDTM...
2026-02-03 08:34:13,134 | SentinelBot | INFO | ✅ HTF CONFIRMED: H1 Trend aligns with SHORT
2026-02-03 08:34:13,136 | SentinelBot | INFO | 🚨 TRADE POTENTIAL: SOLUSDTM | Rec: MICRO_TRADE
2026-02-03 08:34:13,136 | SentinelBot | INFO |    Reason: Good setup (0.70) but low confidence (0.42). Regime: RANGE. Trend score: -0.20, bias: SHORT
2026-02-03 08:34:13,136 | SentinelBot | INFO |    Stats: Qual=0.70 | Conf=0.42 | Dir=SHORT
2026-02-03 08:34:13,136 | SentinelBot | INFO | 🚫 ENTRY_BLOCKED | BAD_RR | SOLUSDTM R:R = 1:0.00 < 1:2
2026-02-03 08:34:13,138 | SentinelBot | INFO | 🔍 Scanning BNBUSDTM...
2026-02-03 08:34:14,156 | SentinelBot | INFO | ✅ HTF CONFIRMED: H1 Trend aligns with SHORT
2026-02-03 08:34:14,161 | SentinelBot | INFO | 🚨 TRADE POTENTIAL: BNBUSDTM | Rec: MICRO_TRADE
2026-02-03 08:34:14,161 | SentinelBot | INFO |    Reason: Good setup (0.67) but low confidence (0.40). Regime: RANGE. Trend score: -0.20, bias: SHORT
2026-02-03 08:34:14,161 | SentinelBot | INFO |    Stats: Qual=0.67 | Conf=0.40 | Dir=SHORT
2026-02-03 08:34:14,162 | SentinelBot | INFO | 🚫 ENTRY_BLOCKED | BAD_RR | BNBUSDTM R:R = 1:2.00 < 1:2
2026-02-03 08:34:14,162 | SentinelBot | INFO | 🔍 Scanning XRPUSDTM...
2026-02-03 08:34:15,207 | SentinelBot | INFO | ✅ HTF CONFIRMED: H1 Trend aligns with SHORT
2026-02-03 08:34:15,209 | SentinelBot | INFO | 🚨 TRADE POTENTIAL: XRPUSDTM | Rec: ALLOW_TRADE
2026-02-03 08:34:15,209 | SentinelBot | INFO |    Reason: Strong setup (0.79) with confidence (0.71). Regime: TREND_BEAR. Trend score: -0.30, bias: SHORT
2026-02-03 08:34:15,209 | SentinelBot | INFO |    Stats: Qual=0.79 | Conf=0.71 | Dir=SHORT
2026-02-03 08:34:15,210 | SentinelBot | INFO | 🚫 ENTRY_BLOCKED | BAD_RR | XRPUSDTM R:R = 1:0.00 < 1:2
2026-02-03 08:34:15,210 | SentinelBot | INFO | 🔍 Scanning ADAUSDTM...
2026-02-03 08:34:16,243 | SentinelBot | INFO | ✅ HTF CONFIRMED: H1 Trend aligns with SHORT
2026-02-03 08:34:16,243 | SentinelBot | INFO | 🚨 TRADE POTENTIAL: ADAUSDTM | Rec: MICRO_TRADE
2026-02-03 08:34:16,243 | SentinelBot | INFO |    Reason: Good setup (0.70) but low confidence (0.42). Regime: RANGE. Trend score: -0.20, bias: SHORT
2026-02-03 08:34:16,244 | SentinelBot | INFO |    Stats: Qual=0.70 | Conf=0.42 | Dir=SHORT
2026-02-03 08:34:16,244 | SentinelBot | INFO | 🚫 ENTRY_BLOCKED | BAD_RR | ADAUSDTM R:R = 1:0.00 < 1:2
2026-02-03 08:34:16,245 | SentinelBot | INFO | 🔍 Scanning DOGEUSDTM...
2026-02-03 08:34:17,353 | SentinelBot | INFO | ✅ HTF CONFIRMED: H1 Trend aligns with SHORT
2026-02-03 08:34:17,353 | SentinelBot | INFO | 🚨 TRADE POTENTIAL: DOGEUSDTM | Rec: ALLOW_TRADE
2026-02-03 08:34:17,353 | SentinelBot | INFO |    Reason: Strong setup (0.77) with confidence (0.62). Regime: BREAKOUT. Trend score: -0.20, bias: SHORT
2026-02-03 08:34:17,355 | SentinelBot | INFO |    Stats: Qual=0.77 | Conf=0.62 | Dir=SHORT
2026-02-03 08:34:17,355 | SentinelBot | INFO | 🚫 ENTRY_BLOCKED | BAD_RR | DOGEUSDTM R:R = 1:0.00 < 1:2
2026-02-03 08:34:17,355 | SentinelBot | INFO | 🔍 Scanning AVAXUSDTM...
2026-02-03 08:34:18,421 | SentinelBot | INFO | ✅ HTF CONFIRMED: H1 Trend aligns with SHORT
2026-02-03 08:34:18,426 | SentinelBot | INFO | 🚨 TRADE POTENTIAL: AVAXUSDTM | Rec: MICRO_TRADE
2026-02-03 08:34:18,426 | SentinelBot | INFO |    Reason: Good setup (0.73) but low confidence (0.44). Regime: RANGE. Trend score: -0.25, bias: SHORT
2026-02-03 08:34:18,427 | SentinelBot | INFO |    Stats: Qual=0.73 | Conf=0.44 | Dir=SHORT
2026-02-03 08:34:18,427 | SentinelBot | INFO | 🚫 ENTRY_BLOCKED | BAD_RR | AVAXUSDTM R:R = 1:0.00 < 1:2
2026-02-03 08:34:18,429 | SentinelBot | INFO | 🔍 Scanning LINKUSDTM...
2026-02-03 08:34:19,480 | SentinelBot | INFO | ✅ HTF CONFIRMED: H1 Trend aligns with SHORT
2026-02-03 08:34:19,481 | SentinelBot | INFO | 🚨 TRADE POTENTIAL: LINKUSDTM | Rec: ALLOW_TRADE
2026-02-03 08:34:19,481 | SentinelBot | INFO |    Reason: Strong setup (0.75) with confidence (0.60). Regime: BREAKOUT. Trend score: -0.15, bias: SHORT
2026-02-03 08:34:19,482 | SentinelBot | INFO |    Stats: Qual=0.75 | Conf=0.60 | Dir=SHORT
2026-02-03 08:34:19,482 | SentinelBot | INFO | 🚫 ENTRY_BLOCKED | BAD_RR | LINKUSDTM R:R = 1:0.00 < 1:2
2026-02-03 08:34:19,483 | SentinelBot | INFO | 🔍 Scanning DOTUSDTM...
2026-02-03 08:34:20,548 | SentinelBot | INFO | ✅ HTF CONFIRMED: H1 Trend aligns with SHORT
2026-02-03 08:34:20,549 | SentinelBot | INFO | 🚨 TRADE POTENTIAL: DOTUSDTM | Rec: ALLOW_TRADE
2026-02-03 08:34:20,550 | SentinelBot | INFO |    Reason: Strong setup (1.00) with confidence (0.90). Regime: TREND_BEAR. Trend score: -0.30, bias: SHORT
2026-02-03 08:34:20,550 | SentinelBot | INFO |    Stats: Qual=1.00 | Conf=0.90 | Dir=SHORT
2026-02-03 08:34:20,550 | SentinelBot | INFO | 🚫 ENTRY_BLOCKED | BAD_RR | DOTUSDTM R:R = 1:0.00 < 1:2
2026-02-03 08:34:20,552 | SentinelBot | INFO | 🔍 Scanning TRXUSDTM...
2026-02-03 08:34:21,003 | SentinelBot | INFO | 🚫 ENTRY_BLOCKED | NO_TRADE_ZONE | TRXUSDTM price=0.2835 inside range [0.2832 - 0.2836]
2026-02-03 08:34:21,004 | SentinelBot | INFO | 🔍 Scanning LTCUSDTM...
2026-02-03 08:34:22,096 | SentinelBot | INFO | ✅ HTF CONFIRMED: H1 Trend aligns with SHORT
2026-02-03 08:34:22,096 | SentinelBot | INFO | 🚨 TRADE POTENTIAL: LTCUSDTM | Rec: MICRO_TRADE
2026-02-03 08:34:22,097 | SentinelBot | INFO |    Reason: Good setup (0.64) but low confidence (0.39). Regime: RANGE. Trend score: -0.10, bias: SHORT
2026-02-03 08:34:22,097 | SentinelBot | INFO |    Stats: Qual=0.64 | Conf=0.39 | Dir=SHORT
2026-02-03 08:34:22,097 | SentinelBot | INFO | 🚫 ENTRY_BLOCKED | BAD_RR | LTCUSDTM R:R = 1:0.00 < 1:2
2026-02-03 08:34:22,099 | SentinelBot | INFO | 🔍 Scanning MATICUSDTM...
2026-02-03 08:34:23,669 | SentinelBot | INFO | 🛑 HTF MISMATCH: MATICUSDTM Signal LONG vs Bear Trend. Blocked (Conf 0.39 < 0.80)
2026-02-03 08:34:23,671 | SentinelBot | INFO | 🔍 Scanning SHIBUSDTM...
2026-02-03 08:34:24,661 | SentinelBot | INFO | ✅ HTF CONFIRMED: H1 Trend aligns with SHORT
2026-02-03 08:34:24,661 | SentinelBot | INFO | 🚨 TRADE POTENTIAL: SHIBUSDTM | Rec: MICRO_TRADE
2026-02-03 08:34:24,662 | SentinelBot | INFO |    Reason: Good setup (0.70) but low confidence (0.42). Regime: RANGE. Trend score: -0.20, bias: SHORT
2026-02-03 08:34:24,662 | SentinelBot | INFO |    Stats: Qual=0.70 | Conf=0.42 | Dir=SHORT
2026-02-03 08:34:24,662 | SentinelBot | INFO | 🚫 ENTRY_BLOCKED | BAD_RR | SHIBUSDTM R:R = 1:0.00 < 1:2
2026-02-03 08:34:24,663 | SentinelBot | INFO | 🔍 Scanning UNIUSDTM...
2026-02-03 08:34:25,753 | SentinelBot | INFO | ✅ HTF CONFIRMED: H1 Trend aligns with SHORT
2026-02-03 08:34:25,753 | SentinelBot | INFO | 🚨 TRADE POTENTIAL: UNIUSDTM | Rec: MICRO_TRADE
2026-02-03 08:34:25,754 | SentinelBot | INFO |    Reason: Good setup (0.74) but low confidence (0.44). Regime: RANGE. Trend score: -0.20, bias: SHORT
2026-02-03 08:34:25,754 | SentinelBot | INFO |    Stats: Qual=0.74 | Conf=0.44 | Dir=SHORT
2026-02-03 08:34:25,754 | SentinelBot | INFO | 🚫 ENTRY_BLOCKED | BAD_RR | UNIUSDTM R:R = 1:0.00 < 1:2
2026-02-03 08:34:25,755 | SentinelBot | INFO | 🔍 Scanning ATOMUSDTM...
2026-02-03 08:34:26,842 | SentinelBot | INFO | ✅ HTF CONFIRMED: H1 Trend aligns with SHORT
2026-02-03 08:34:26,843 | SentinelBot | INFO | 🚨 TRADE POTENTIAL: ATOMUSDTM | Rec: ALLOW_TRADE
2026-02-03 08:34:26,843 | SentinelBot | INFO |    Reason: Strong setup (0.70) with confidence (0.66). Regime: MOMENTUM. Trend score: -0.55, bias: SHORT
2026-02-03 08:34:26,844 | SentinelBot | INFO |    Stats: Qual=0.70 | Conf=0.66 | Dir=SHORT
2026-02-03 08:34:26,845 | SentinelBot | INFO | 🚫 ENTRY_BLOCKED | BAD_RR | ATOMUSDTM R:R = 1:0.00 < 1:2
2026-02-03 08:34:26,845 | SentinelBot | INFO | 🔍 Scanning XLMUSDTM...
2026-02-03 08:34:27,857 | SentinelBot | INFO | ✅ HTF CONFIRMED: H1 Trend aligns with SHORT
2026-02-03 08:34:27,857 | SentinelBot | INFO | 🚨 TRADE POTENTIAL: XLMUSDTM | Rec: ALLOW_TRADE
2026-02-03 08:34:27,858 | SentinelBot | INFO |    Reason: Strong setup (0.81) with confidence (0.76). Regime: MOMENTUM. Trend score: -0.80, bias: SHORT
2026-02-03 08:34:27,858 | SentinelBot | INFO |    Stats: Qual=0.81 | Conf=0.76 | Dir=SHORT
2026-02-03 08:34:27,859 | SentinelBot | INFO | 🚫 ENTRY_BLOCKED | BAD_RR | XLMUSDTM R:R = 1:0.00 < 1:2
2026-02-03 08:34:27,859 | SentinelBot | INFO | 🔍 Scanning ETCUSDTM...
2026-02-03 08:34:28,800 | SentinelBot | INFO | ✅ HTF CONFIRMED: H1 Trend aligns with SHORT
2026-02-03 08:34:28,802 | SentinelBot | INFO | 🚨 TRADE POTENTIAL: ETCUSDTM | Rec: ALLOW_TRADE
2026-02-03 08:34:28,802 | SentinelBot | INFO |    Reason: Strong setup (0.90) with confidence (0.72). Regime: BREAKOUT. Trend score: -0.45, bias: SHORT
2026-02-03 08:34:28,802 | SentinelBot | INFO |    Stats: Qual=0.90 | Conf=0.72 | Dir=SHORT
2026-02-03 08:34:28,803 | SentinelBot | INFO | 🚫 ENTRY_BLOCKED | BAD_RR | ETCUSDTM R:R = 1:0.00 < 1:2
2026-02-03 08:34:28,803 | SentinelBot | INFO | 🔍 Scanning FILUSDTM...
2026-02-03 08:34:29,831 | SentinelBot | INFO | ✅ HTF CONFIRMED: H1 Trend aligns with SHORT
2026-02-03 08:34:29,831 | SentinelBot | INFO | 🚨 TRADE POTENTIAL: FILUSDTM | Rec: ALLOW_TRADE
2026-02-03 08:34:29,832 | SentinelBot | INFO |    Reason: Strong setup (0.84) with confidence (0.71). Regime: MOMENTUM. Trend score: -0.45, bias: SHORT
2026-02-03 08:34:29,832 | SentinelBot | INFO |    Stats: Qual=0.83 | Conf=0.71 | Dir=SHORT
2026-02-03 08:34:29,832 | SentinelBot | INFO | 🚫 ENTRY_BLOCKED | BAD_RR | FILUSDTM R:R = 1:0.00 < 1:2
2026-02-03 08:34:29,833 | SentinelBot | INFO | 🔍 Scanning APTUSDTM...
2026-02-03 08:34:30,908 | SentinelBot | INFO | ✅ HTF CONFIRMED: H1 Trend aligns with SHORT
2026-02-03 08:34:30,908 | SentinelBot | INFO | 🚨 TRADE POTENTIAL: APTUSDTM | Rec: ALLOW_TRADE
2026-02-03 08:34:30,908 | SentinelBot | INFO |    Reason: Strong setup (0.92) with confidence (0.78). Regime: MOMENTUM. Trend score: -0.50, bias: SHORT
2026-02-03 08:34:30,909 | SentinelBot | INFO |    Stats: Qual=0.92 | Conf=0.78 | Dir=SHORT
2026-02-03 08:34:30,909 | SentinelBot | INFO | 🚫 ENTRY_BLOCKED | BAD_RR | APTUSDTM R:R = 1:0.00 < 1:2
2026-02-03 08:34:30,909 | SentinelBot | INFO | 🔍 Scanning ARBUSDTM...
2026-02-03 08:34:31,955 | SentinelBot | INFO | ✅ HTF CONFIRMED: H1 Trend aligns with SHORT
2026-02-03 08:34:31,956 | SentinelBot | INFO | 🚨 TRADE POTENTIAL: ARBUSDTM | Rec: MICRO_TRADE
2026-02-03 08:34:31,956 | SentinelBot | INFO |    Reason: Good setup (0.78) but low confidence (0.47). Regime: RANGE. Trend score: -0.30, bias: SHORT
2026-02-03 08:34:31,956 | SentinelBot | INFO |    Stats: Qual=0.78 | Conf=0.47 | Dir=SHORT
2026-02-03 08:34:31,957 | SentinelBot | INFO | 🚫 ENTRY_BLOCKED | BAD_RR | ARBUSDTM R:R = 1:0.00 < 1:2
2026-02-03 08:34:31,957 | SentinelBot | INFO | 🔍 Scanning OPUSDTM...
2026-02-03 08:34:32,949 | SentinelBot | INFO | ✅ HTF CONFIRMED: H1 Trend aligns with SHORT
2026-02-03 08:34:32,949 | SentinelBot | INFO | 🚨 TRADE POTENTIAL: OPUSDTM | Rec: ALLOW_TRADE
2026-02-03 08:34:32,949 | SentinelBot | INFO |    Reason: Strong setup (0.77) with confidence (0.69). Regime: TREND_BEAR. Trend score: -0.35, bias: SHORT
2026-02-03 08:34:32,949 | SentinelBot | INFO |    Stats: Qual=0.77 | Conf=0.69 | Dir=SHORT
2026-02-03 08:34:32,949 | SentinelBot | INFO | 🚫 ENTRY_BLOCKED | BAD_RR | OPUSDTM R:R = 1:0.00 < 1:2
2026-02-03 08:34:32,949 | SentinelBot | INFO | 🔍 Scanning SUIUSDTM...
2026-02-03 08:34:33,994 | SentinelBot | INFO | ✅ HTF CONFIRMED: H1 Trend aligns with SHORT
2026-02-03 08:34:33,994 | SentinelBot | INFO | 🚨 TRADE POTENTIAL: SUIUSDTM | Rec: ALLOW_TRADE
2026-02-03 08:34:33,994 | SentinelBot | INFO |    Reason: Strong setup (0.84) with confidence (0.67). Regime: BREAKOUT. Trend score: -0.40, bias: SHORT
2026-02-03 08:34:33,994 | SentinelBot | INFO |    Stats: Qual=0.84 | Conf=0.67 | Dir=SHORT
2026-02-03 08:34:33,994 | SentinelBot | INFO | 🚫 ENTRY_BLOCKED | BAD_RR | SUIUSDTM R:R = 1:0.00 < 1:2
2026-02-03 08:34:34,002 | SentinelBot | INFO | 🔍 Scanning PEPEUSDTM...
2026-02-03 08:34:34,987 | SentinelBot | INFO | ✅ HTF CONFIRMED: H1 Trend aligns with SHORT
2026-02-03 08:34:34,987 | SentinelBot | INFO | 🚨 TRADE POTENTIAL: PEPEUSDTM | Rec: ALLOW_TRADE
2026-02-03 08:34:34,987 | SentinelBot | INFO |    Reason: Strong setup (0.73) with confidence (0.65). Regime: TREND_BEAR. Trend score: -0.30, bias: SHORT
2026-02-03 08:34:34,987 | SentinelBot | INFO |    Stats: Qual=0.73 | Conf=0.65 | Dir=SHORT
2026-02-03 08:34:34,987 | SentinelBot | INFO | 🚫 ENTRY_BLOCKED | BAD_RR | PEPEUSDTM R:R = 1:0.00 < 1:2
2026-02-03 08:34:34,987 | SentinelBot | INFO | 🔍 Scanning NEARUSDTM...
2026-02-03 08:34:36,034 | SentinelBot | INFO | ✅ HTF CONFIRMED: H1 Trend aligns with SHORT
2026-02-03 08:34:36,035 | SentinelBot | INFO | 🚨 TRADE POTENTIAL: NEARUSDTM | Rec: ALLOW_TRADE
2026-02-03 08:34:36,035 | SentinelBot | INFO |    Reason: Strong setup (0.78) with confidence (0.70). Regime: TREND_BEAR. Trend score: -0.35, bias: SHORT
2026-02-03 08:34:36,036 | SentinelBot | INFO |    Stats: Qual=0.78 | Conf=0.70 | Dir=SHORT
2026-02-03 08:34:36,036 | SentinelBot | INFO | 🚫 ENTRY_BLOCKED | BAD_RR | NEARUSDTM R:R = 1:0.00 < 1:2
2026-02-03 08:34:36,037 | SentinelBot | INFO | 🔍 Scanning RNDRUSDTM...
2026-02-03 08:34:36,981 | SentinelBot | INFO | ✅ HTF CONFIRMED: H1 Trend aligns with SHORT
2026-02-03 08:34:36,981 | SentinelBot | INFO | 🚨 TRADE POTENTIAL: RNDRUSDTM | Rec: MICRO_TRADE
2026-02-03 08:34:36,981 | SentinelBot | INFO |    Reason: Good setup (0.87) but low confidence (0.52). Regime: RANGE. Trend score: -0.10, bias: SHORT
2026-02-03 08:34:36,981 | SentinelBot | INFO |    Stats: Qual=0.87 | Conf=0.52 | Dir=SHORT
2026-02-03 08:34:36,981 | SentinelBot | INFO | 🚫 ENTRY_BLOCKED | BAD_RR | RNDRUSDTM R:R = 1:0.00 < 1:2
2026-02-03 08:34:36,981 | SentinelBot | INFO | 🔍 Scanning INJUSDTM...
2026-02-03 08:34:38,038 | SentinelBot | INFO | ✅ HTF CONFIRMED: H1 Trend aligns with SHORT
2026-02-03 08:34:38,043 | SentinelBot | INFO | 🚨 TRADE POTENTIAL: INJUSDTM | Rec: ALLOW_TRADE
2026-02-03 08:34:38,044 | SentinelBot | INFO |    Reason: Strong setup (0.82) with confidence (0.66). Regime: BREAKOUT. Trend score: -0.30, bias: SHORT
2026-02-03 08:34:38,044 | SentinelBot | INFO |    Stats: Qual=0.82 | Conf=0.66 | Dir=SHORT
2026-02-03 08:34:38,045 | SentinelBot | INFO | 🚫 ENTRY_BLOCKED | BAD_RR | INJUSDTM R:R = 1:0.00 < 1:2
2026-02-03 08:34:38,045 | SentinelBot | INFO | 🔍 Scanning TIAUSDTM...
2026-02-03 08:34:39,053 | SentinelBot | INFO | ✅ HTF CONFIRMED: H1 Trend aligns with SHORT
2026-02-03 08:34:39,053 | SentinelBot | INFO | 🚨 TRADE POTENTIAL: TIAUSDTM | Rec: ALLOW_TRADE
2026-02-03 08:34:39,054 | SentinelBot | INFO |    Reason: Strong setup (0.89) with confidence (0.78). Regime: BREAKOUT. Trend score: -0.55, bias: SHORT
2026-02-03 08:34:39,054 | SentinelBot | INFO |    Stats: Qual=0.89 | Conf=0.78 | Dir=SHORT
2026-02-03 08:34:39,054 | SentinelBot | INFO | 🚫 ENTRY_BLOCKED | BAD_RR | TIAUSDTM R:R = 1:0.00 < 1:2
2026-02-03 08:34:39,055 | SentinelBot | INFO | 🔍 Scanning IMXUSDTM...
2026-02-03 08:34:40,053 | SentinelBot | INFO | ✅ HTF CONFIRMED: H1 Trend aligns with SHORT
2026-02-03 08:34:40,054 | SentinelBot | INFO | 🚨 TRADE POTENTIAL: IMXUSDTM | Rec: ALLOW_TRADE
2026-02-03 08:34:40,054 | SentinelBot | INFO |    Reason: Strong setup (1.00) with confidence (0.94). Regime: MOMENTUM. Trend score: -0.70, bias: SHORT
2026-02-03 08:34:40,054 | SentinelBot | INFO |    Stats: Qual=1.00 | Conf=0.94 | Dir=SHORT
2026-02-03 08:34:40,055 | SentinelBot | INFO | 🚫 ENTRY_BLOCKED | BAD_RR | IMXUSDTM R:R = 1:0.00 < 1:2
2026-02-03 08:34:40,055 | SentinelBot | INFO | 🔍 Scanning LDOUSDTM...
2026-02-03 08:34:41,051 | SentinelBot | INFO | ✅ HTF CONFIRMED: H1 Trend aligns with SHORT
2026-02-03 08:34:41,052 | SentinelBot | INFO | 🚨 TRADE POTENTIAL: LDOUSDTM | Rec: ALLOW_TRADE
2026-02-03 08:34:41,052 | SentinelBot | INFO |    Reason: Strong setup (0.78) with confidence (0.70). Regime: TREND_BEAR. Trend score: -0.40, bias: SHORT
2026-02-03 08:34:41,053 | SentinelBot | INFO |    Stats: Qual=0.78 | Conf=0.70 | Dir=SHORT
2026-02-03 08:34:41,053 | SentinelBot | INFO | 🚫 ENTRY_BLOCKED | BAD_RR | LDOUSDTM R:R = 1:0.00 < 1:2
2026-02-03 08:34:55,121 | SentinelBot | INFO | 💓 Loop alive | Cycle 590 | Watching 30 symbols
2026-02-03 08:35:10,627 | SentinelBot | INFO | 💓 Loop alive | Cycle 600 | Watching 30 symbols
2026-02-03 08:35:11,209 | SentinelBot | INFO | 🔍 Scanning XBTUSDTM...
2026-02-03 08:35:12,257 | SentinelBot | INFO | ✅ HTF CONFIRMED: H1 Trend aligns with SHORT
2026-02-03 08:35:12,257 | SentinelBot | INFO | 🚨 TRADE POTENTIAL: XBTUSDTM | Rec: MICRO_TRADE
2026-02-03 08:35:12,257 | SentinelBot | INFO |    Reason: Good setup (0.75) but low confidence (0.45). Regime: RANGE. Trend score: -0.10, bias: SHORT
2026-02-03 08:35:12,260 | SentinelBot | INFO |    Stats: Qual=0.76 | Conf=0.45 | Dir=SHORT
2026-02-03 08:35:12,260 | SentinelBot | INFO | ⏳ BIAS_DETECTED | XBTUSDTM SHORT | Waiting for Zone [78600.078606 - 78624.748691]
2026-02-03 08:35:12,261 | SentinelBot | INFO | 🔍 Scanning ETHUSDTM...
2026-02-03 08:35:13,068 | SentinelBot | INFO |    📊 ETHUSDTM: Rec=NO_TRADE (Qual=0.50)
2026-02-03 08:35:13,068 | SentinelBot | INFO | 🔍 Scanning SOLUSDTM...
2026-02-03 08:35:14,191 | SentinelBot | INFO | ✅ HTF CONFIRMED: H1 Trend aligns with SHORT
2026-02-03 08:35:14,192 | SentinelBot | INFO | 🚨 TRADE POTENTIAL: SOLUSDTM | Rec: MICRO_TRADE
2026-02-03 08:35:14,192 | SentinelBot | INFO |    Reason: Good setup (0.70) but low confidence (0.42). Regime: RANGE. Trend score: -0.20, bias: SHORT
2026-02-03 08:35:14,192 | SentinelBot | INFO |    Stats: Qual=0.70 | Conf=0.42 | Dir=SHORT
2026-02-03 08:35:14,194 | SentinelBot | INFO | 🚫 ENTRY_BLOCKED | BAD_RR | SOLUSDTM R:R = 1:0.00 < 1:2
2026-02-03 08:35:14,194 | SentinelBot | INFO | 🔍 Scanning BNBUSDTM...
2026-02-03 08:35:15,312 | SentinelBot | INFO | ✅ HTF CONFIRMED: H1 Trend aligns with SHORT
2026-02-03 08:35:15,314 | SentinelBot | INFO | 🚨 TRADE POTENTIAL: BNBUSDTM | Rec: MICRO_TRADE
2026-02-03 08:35:15,314 | SentinelBot | INFO |    Reason: Good setup (0.67) but low confidence (0.40). Regime: RANGE. Trend score: -0.20, bias: SHORT
2026-02-03 08:35:15,314 | SentinelBot | INFO |    Stats: Qual=0.67 | Conf=0.40 | Dir=SHORT
2026-02-03 08:35:15,315 | SentinelBot | INFO | 🚫 ENTRY_BLOCKED | BAD_RR | BNBUSDTM R:R = 1:2.00 < 1:2
2026-02-03 08:35:15,315 | SentinelBot | INFO | 🔍 Scanning XRPUSDTM...
2026-02-03 08:35:16,366 | SentinelBot | INFO | ✅ HTF CONFIRMED: H1 Trend aligns with SHORT
2026-02-03 08:35:16,368 | SentinelBot | INFO | 🚨 TRADE POTENTIAL: XRPUSDTM | Rec: ALLOW_TRADE
2026-02-03 08:35:16,368 | SentinelBot | INFO |    Reason: Strong setup (0.79) with confidence (0.71). Regime: TREND_BEAR. Trend score: -0.30, bias: SHORT
2026-02-03 08:35:16,368 | SentinelBot | INFO |    Stats: Qual=0.79 | Conf=0.71 | Dir=SHORT
2026-02-03 08:35:16,368 | SentinelBot | INFO | 🚫 ENTRY_BLOCKED | BAD_RR | XRPUSDTM R:R = 1:0.00 < 1:2
2026-02-03 08:35:16,368 | SentinelBot | INFO | 🔍 Scanning ADAUSDTM...
2026-02-03 08:35:17,415 | SentinelBot | INFO | ✅ HTF CONFIRMED: H1 Trend aligns with SHORT
2026-02-03 08:35:17,415 | SentinelBot | INFO | 🚨 TRADE POTENTIAL: ADAUSDTM | Rec: MICRO_TRADE
2026-02-03 08:35:17,416 | SentinelBot | INFO |    Reason: Good setup (0.70) but low confidence (0.42). Regime: RANGE. Trend score: -0.20, bias: SHORT
2026-02-03 08:35:17,416 | SentinelBot | INFO |    Stats: Qual=0.70 | Conf=0.42 | Dir=SHORT
2026-02-03 08:35:17,417 | SentinelBot | INFO | 🚫 ENTRY_BLOCKED | BAD_RR | ADAUSDTM R:R = 1:0.00 < 1:2
2026-02-03 08:35:17,417 | SentinelBot | INFO | 🔍 Scanning DOGEUSDTM...
2026-02-03 08:35:18,383 | SentinelBot | INFO | ✅ HTF CONFIRMED: H1 Trend aligns with SHORT
2026-02-03 08:35:18,383 | SentinelBot | INFO | 🚨 TRADE POTENTIAL: DOGEUSDTM | Rec: ALLOW_TRADE
2026-02-03 08:35:18,383 | SentinelBot | INFO |    Reason: Strong setup (0.77) with confidence (0.62). Regime: BREAKOUT. Trend score: -0.20, bias: SHORT
2026-02-03 08:35:18,384 | SentinelBot | INFO |    Stats: Qual=0.77 | Conf=0.62 | Dir=SHORT
2026-02-03 08:35:18,384 | SentinelBot | INFO | 🚫 ENTRY_BLOCKED | BAD_RR | DOGEUSDTM R:R = 1:0.00 < 1:2
2026-02-03 08:35:18,385 | SentinelBot | INFO | 🔍 Scanning AVAXUSDTM...
2026-02-03 08:35:19,495 | SentinelBot | INFO | ✅ HTF CONFIRMED: H1 Trend aligns with SHORT
2026-02-03 08:35:19,495 | SentinelBot | INFO | 🚨 TRADE POTENTIAL: AVAXUSDTM | Rec: MICRO_TRADE
2026-02-03 08:35:19,495 | SentinelBot | INFO |    Reason: Good setup (0.73) but low confidence (0.44). Regime: RANGE. Trend score: -0.25, bias: SHORT
2026-02-03 08:35:19,497 | SentinelBot | INFO |    Stats: Qual=0.73 | Conf=0.44 | Dir=SHORT
2026-02-03 08:35:19,498 | SentinelBot | INFO | 🚫 ENTRY_BLOCKED | BAD_RR | AVAXUSDTM R:R = 1:0.00 < 1:2
2026-02-03 08:35:19,498 | SentinelBot | INFO | 🔍 Scanning LINKUSDTM...
2026-02-03 08:35:20,589 | SentinelBot | INFO | ✅ HTF CONFIRMED: H1 Trend aligns with SHORT
2026-02-03 08:35:20,589 | SentinelBot | INFO | 🚨 TRADE POTENTIAL: LINKUSDTM | Rec: ALLOW_TRADE
2026-02-03 08:35:20,590 | SentinelBot | INFO |    Reason: Strong setup (0.75) with confidence (0.60). Regime: BREAKOUT. Trend score: -0.15, bias: SHORT
2026-02-03 08:35:20,591 | SentinelBot | INFO |    Stats: Qual=0.75 | Conf=0.60 | Dir=SHORT
2026-02-03 08:35:20,591 | SentinelBot | INFO | 🚫 ENTRY_BLOCKED | BAD_RR | LINKUSDTM R:R = 1:0.00 < 1:2
2026-02-03 08:35:20,592 | SentinelBot | INFO | 🔍 Scanning DOTUSDTM...
2026-02-03 08:35:21,784 | SentinelBot | INFO | ✅ HTF CONFIRMED: H1 Trend aligns with SHORT
2026-02-03 08:35:21,786 | SentinelBot | INFO | 🚨 TRADE POTENTIAL: DOTUSDTM | Rec: ALLOW_TRADE
2026-02-03 08:35:21,786 | SentinelBot | INFO |    Reason: Strong setup (1.00) with confidence (0.90). Regime: TREND_BEAR. Trend score: -0.30, bias: SHORT
2026-02-03 08:35:21,787 | SentinelBot | INFO |    Stats: Qual=1.00 | Conf=0.90 | Dir=SHORT
2026-02-03 08:35:21,787 | SentinelBot | INFO | 🚫 ENTRY_BLOCKED | BAD_RR | DOTUSDTM R:R = 1:0.00 < 1:2
2026-02-03 08:35:21,787 | SentinelBot | INFO | 🔍 Scanning TRXUSDTM...
2026-02-03 08:35:22,244 | SentinelBot | INFO | 🚫 ENTRY_BLOCKED | NO_TRADE_ZONE | TRXUSDTM price=0.2835 inside range [0.2832 - 0.2836]
2026-02-03 08:35:22,247 | SentinelBot | INFO | 🔍 Scanning LTCUSDTM...
2026-02-03 08:35:23,512 | SentinelBot | INFO | ✅ HTF CONFIRMED: H1 Trend aligns with SHORT
2026-02-03 08:35:23,514 | SentinelBot | INFO | 🚨 TRADE POTENTIAL: LTCUSDTM | Rec: MICRO_TRADE
2026-02-03 08:35:23,515 | SentinelBot | INFO |    Reason: Good setup (0.64) but low confidence (0.39). Regime: RANGE. Trend score: -0.10, bias: SHORT
2026-02-03 08:35:23,515 | SentinelBot | INFO |    Stats: Qual=0.64 | Conf=0.39 | Dir=SHORT
2026-02-03 08:35:23,515 | SentinelBot | INFO | 🚫 ENTRY_BLOCKED | BAD_RR | LTCUSDTM R:R = 1:0.00 < 1:2
2026-02-03 08:35:23,516 | SentinelBot | INFO | 🔍 Scanning MATICUSDTM...
2026-02-03 08:35:24,644 | SentinelBot | INFO | 🛑 HTF MISMATCH: MATICUSDTM Signal LONG vs Bear Trend. Blocked (Conf 0.39 < 0.80)
2026-02-03 08:35:24,646 | SentinelBot | INFO | 🔍 Scanning SHIBUSDTM...
2026-02-03 08:35:25,704 | SentinelBot | INFO | ✅ HTF CONFIRMED: H1 Trend aligns with SHORT
2026-02-03 08:35:25,705 | SentinelBot | INFO | 🚨 TRADE POTENTIAL: SHIBUSDTM | Rec: MICRO_TRADE
2026-02-03 08:35:25,705 | SentinelBot | INFO |    Reason: Good setup (0.70) but low confidence (0.42). Regime: RANGE. Trend score: -0.20, bias: SHORT
2026-02-03 08:35:25,705 | SentinelBot | INFO |    Stats: Qual=0.70 | Conf=0.42 | Dir=SHORT
2026-02-03 08:35:25,706 | SentinelBot | INFO | 🚫 ENTRY_BLOCKED | BAD_RR | SHIBUSDTM R:R = 1:0.00 < 1:2
2026-02-03 08:35:25,706 | SentinelBot | INFO | 🔍 Scanning UNIUSDTM...
2026-02-03 08:35:26,789 | SentinelBot | INFO | ✅ HTF CONFIRMED: H1 Trend aligns with SHORT
2026-02-03 08:35:26,789 | SentinelBot | INFO | 🚨 TRADE POTENTIAL: UNIUSDTM | Rec: MICRO_TRADE
2026-02-03 08:35:26,790 | SentinelBot | INFO |    Reason: Good setup (0.74) but low confidence (0.44). Regime: RANGE. Trend score: -0.20, bias: SHORT
2026-02-03 08:35:26,790 | SentinelBot | INFO |    Stats: Qual=0.74 | Conf=0.44 | Dir=SHORT
2026-02-03 08:35:26,790 | SentinelBot | INFO | 🚫 ENTRY_BLOCKED | BAD_RR | UNIUSDTM R:R = 1:0.00 < 1:2
2026-02-03 08:35:26,792 | SentinelBot | INFO | 🔍 Scanning ATOMUSDTM...
2026-02-03 08:35:27,823 | SentinelBot | INFO | ✅ HTF CONFIRMED: H1 Trend aligns with SHORT
2026-02-03 08:35:27,824 | SentinelBot | INFO | 🚨 TRADE POTENTIAL: ATOMUSDTM | Rec: ALLOW_TRADE
2026-02-03 08:35:27,824 | SentinelBot | INFO |    Reason: Strong setup (0.70) with confidence (0.66). Regime: MOMENTUM. Trend score: -0.55, bias: SHORT
2026-02-03 08:35:27,824 | SentinelBot | INFO |    Stats: Qual=0.70 | Conf=0.66 | Dir=SHORT
2026-02-03 08:35:27,826 | SentinelBot | INFO | 🚫 ENTRY_BLOCKED | BAD_RR | ATOMUSDTM R:R = 1:0.00 < 1:2
2026-02-03 08:35:27,826 | SentinelBot | INFO | 🔍 Scanning XLMUSDTM...
2026-02-03 08:35:28,841 | SentinelBot | INFO | ✅ HTF CONFIRMED: H1 Trend aligns with SHORT
2026-02-03 08:35:28,842 | SentinelBot | INFO | 🚨 TRADE POTENTIAL: XLMUSDTM | Rec: ALLOW_TRADE
2026-02-03 08:35:28,842 | SentinelBot | INFO |    Reason: Strong setup (0.81) with confidence (0.76). Regime: MOMENTUM. Trend score: -0.80, bias: SHORT
2026-02-03 08:35:28,842 | SentinelBot | INFO |    Stats: Qual=0.81 | Conf=0.76 | Dir=SHORT
2026-02-03 08:35:28,843 | SentinelBot | INFO | 🚫 ENTRY_BLOCKED | BAD_RR | XLMUSDTM R:R = 1:0.00 < 1:2
2026-02-03 08:35:28,843 | SentinelBot | INFO | 🔍 Scanning ETCUSDTM...
2026-02-03 08:35:29,846 | SentinelBot | INFO | ✅ HTF CONFIRMED: H1 Trend aligns with SHORT
2026-02-03 08:35:29,847 | SentinelBot | INFO | 🚨 TRADE POTENTIAL: ETCUSDTM | Rec: ALLOW_TRADE
2026-02-03 08:35:29,847 | SentinelBot | INFO |    Reason: Strong setup (0.90) with confidence (0.72). Regime: BREAKOUT. Trend score: -0.45, bias: SHORT
2026-02-03 08:35:29,847 | SentinelBot | INFO |    Stats: Qual=0.90 | Conf=0.72 | Dir=SHORT
2026-02-03 08:35:29,849 | SentinelBot | INFO | 🚫 ENTRY_BLOCKED | BAD_RR | ETCUSDTM R:R = 1:0.00 < 1:2
2026-02-03 08:35:29,849 | SentinelBot | INFO | 🔍 Scanning FILUSDTM...
2026-02-03 08:35:30,861 | SentinelBot | INFO | ✅ HTF CONFIRMED: H1 Trend aligns with SHORT
2026-02-03 08:35:30,863 | SentinelBot | INFO | 🚨 TRADE POTENTIAL: FILUSDTM | Rec: ALLOW_TRADE
2026-02-03 08:35:30,863 | SentinelBot | INFO |    Reason: Strong setup (0.84) with confidence (0.71). Regime: MOMENTUM. Trend score: -0.45, bias: SHORT
2026-02-03 08:35:30,864 | SentinelBot | INFO |    Stats: Qual=0.83 | Conf=0.71 | Dir=SHORT
2026-02-03 08:35:30,864 | SentinelBot | INFO | 🚫 ENTRY_BLOCKED | BAD_RR | FILUSDTM R:R = 1:0.00 < 1:2
2026-02-03 08:35:30,865 | SentinelBot | INFO | 🔍 Scanning APTUSDTM...
2026-02-03 08:35:31,901 | SentinelBot | INFO | ✅ HTF CONFIRMED: H1 Trend aligns with SHORT
2026-02-03 08:35:31,901 | SentinelBot | INFO | 🚨 TRADE POTENTIAL: APTUSDTM | Rec: ALLOW_TRADE
2026-02-03 08:35:31,901 | SentinelBot | INFO |    Reason: Strong setup (0.92) with confidence (0.78). Regime: MOMENTUM. Trend score: -0.50, bias: SHORT
2026-02-03 08:35:31,901 | SentinelBot | INFO |    Stats: Qual=0.92 | Conf=0.78 | Dir=SHORT
2026-02-03 08:35:31,903 | SentinelBot | INFO | 🚫 ENTRY_BLOCKED | BAD_RR | APTUSDTM R:R = 1:0.00 < 1:2
2026-02-03 08:35:31,903 | SentinelBot | INFO | 🔍 Scanning ARBUSDTM...
2026-02-03 08:35:33,056 | SentinelBot | INFO | ✅ HTF CONFIRMED: H1 Trend aligns with SHORT
2026-02-03 08:35:33,057 | SentinelBot | INFO | 🚨 TRADE POTENTIAL: ARBUSDTM | Rec: MICRO_TRADE
2026-02-03 08:35:33,057 | SentinelBot | INFO |    Reason: Good setup (0.78) but low confidence (0.47). Regime: RANGE. Trend score: -0.30, bias: SHORT
2026-02-03 08:35:33,057 | SentinelBot | INFO |    Stats: Qual=0.78 | Conf=0.47 | Dir=SHORT
2026-02-03 08:35:33,058 | SentinelBot | INFO | 🚫 ENTRY_BLOCKED | BAD_RR | ARBUSDTM R:R = 1:0.00 < 1:2
2026-02-03 08:35:33,058 | SentinelBot | INFO | 🔍 Scanning OPUSDTM...
2026-02-03 08:35:34,154 | SentinelBot | INFO | ✅ HTF CONFIRMED: H1 Trend aligns with SHORT
2026-02-03 08:35:34,155 | SentinelBot | INFO | 🚨 TRADE POTENTIAL: OPUSDTM | Rec: ALLOW_TRADE
2026-02-03 08:35:34,155 | SentinelBot | INFO |    Reason: Strong setup (0.77) with confidence (0.69). Regime: TREND_BEAR. Trend score: -0.35, bias: SHORT
2026-02-03 08:35:34,155 | SentinelBot | INFO |    Stats: Qual=0.77 | Conf=0.69 | Dir=SHORT
2026-02-03 08:35:34,156 | SentinelBot | INFO | 🚫 ENTRY_BLOCKED | BAD_RR | OPUSDTM R:R = 1:0.00 < 1:2
2026-02-03 08:35:34,156 | SentinelBot | INFO | 🔍 Scanning SUIUSDTM...
2026-02-03 08:35:35,188 | SentinelBot | INFO | ✅ HTF CONFIRMED: H1 Trend aligns with SHORT
2026-02-03 08:35:35,189 | SentinelBot | INFO | 🚨 TRADE POTENTIAL: SUIUSDTM | Rec: ALLOW_TRADE
2026-02-03 08:35:35,189 | SentinelBot | INFO |    Reason: Strong setup (0.84) with confidence (0.67). Regime: BREAKOUT. Trend score: -0.40, bias: SHORT
2026-02-03 08:35:35,189 | SentinelBot | INFO |    Stats: Qual=0.84 | Conf=0.67 | Dir=SHORT
2026-02-03 08:35:35,190 | SentinelBot | INFO | 🚫 ENTRY_BLOCKED | BAD_RR | SUIUSDTM R:R = 1:0.00 < 1:2
2026-02-03 08:35:35,191 | SentinelBot | INFO | 🔍 Scanning PEPEUSDTM...
2026-02-03 08:35:36,177 | SentinelBot | INFO | ✅ HTF CONFIRMED: H1 Trend aligns with SHORT
2026-02-03 08:35:36,178 | SentinelBot | INFO | 🚨 TRADE POTENTIAL: PEPEUSDTM | Rec: ALLOW_TRADE
2026-02-03 08:35:36,178 | SentinelBot | INFO |    Reason: Strong setup (0.73) with confidence (0.65). Regime: TREND_BEAR. Trend score: -0.30, bias: SHORT
2026-02-03 08:35:36,179 | SentinelBot | INFO |    Stats: Qual=0.73 | Conf=0.65 | Dir=SHORT
2026-02-03 08:35:36,179 | SentinelBot | INFO | 🚫 ENTRY_BLOCKED | BAD_RR | PEPEUSDTM R:R = 1:0.00 < 1:2
2026-02-03 08:35:36,180 | SentinelBot | INFO | 🔍 Scanning NEARUSDTM...
2026-02-03 08:35:37,240 | SentinelBot | INFO | ✅ HTF CONFIRMED: H1 Trend aligns with SHORT
2026-02-03 08:35:37,244 | SentinelBot | INFO | 🚨 TRADE POTENTIAL: NEARUSDTM | Rec: ALLOW_TRADE
2026-02-03 08:35:37,244 | SentinelBot | INFO |    Reason: Strong setup (0.78) with confidence (0.70). Regime: TREND_BEAR. Trend score: -0.35, bias: SHORT
2026-02-03 08:35:37,244 | SentinelBot | INFO |    Stats: Qual=0.78 | Conf=0.70 | Dir=SHORT
2026-02-03 08:35:37,244 | SentinelBot | INFO | 🚫 ENTRY_BLOCKED | BAD_RR | NEARUSDTM R:R = 1:0.00 < 1:2
2026-02-03 08:35:37,245 | SentinelBot | INFO | 🔍 Scanning RNDRUSDTM...
2026-02-03 08:35:38,304 | SentinelBot | INFO | ✅ HTF CONFIRMED: H1 Trend aligns with SHORT
2026-02-03 08:35:38,304 | SentinelBot | INFO | 🚨 TRADE POTENTIAL: RNDRUSDTM | Rec: MICRO_TRADE
2026-02-03 08:35:38,304 | SentinelBot | INFO |    Reason: Good setup (0.87) but low confidence (0.52). Regime: RANGE. Trend score: -0.10, bias: SHORT
2026-02-03 08:35:38,304 | SentinelBot | INFO |    Stats: Qual=0.87 | Conf=0.52 | Dir=SHORT
2026-02-03 08:35:38,304 | SentinelBot | INFO | 🚫 ENTRY_BLOCKED | BAD_RR | RNDRUSDTM R:R = 1:0.00 < 1:2
2026-02-03 08:35:38,304 | SentinelBot | INFO | 🔍 Scanning INJUSDTM...
2026-02-03 08:35:39,367 | SentinelBot | INFO | ✅ HTF CONFIRMED: H1 Trend aligns with SHORT
2026-02-03 08:35:39,367 | SentinelBot | INFO | 🚨 TRADE POTENTIAL: INJUSDTM | Rec: ALLOW_TRADE
2026-02-03 08:35:39,367 | SentinelBot | INFO |    Reason: Strong setup (0.82) with confidence (0.66). Regime: BREAKOUT. Trend score: -0.30, bias: SHORT
2026-02-03 08:35:39,369 | SentinelBot | INFO |    Stats: Qual=0.82 | Conf=0.66 | Dir=SHORT
2026-02-03 08:35:39,369 | SentinelBot | INFO | 🚫 ENTRY_BLOCKED | BAD_RR | INJUSDTM R:R = 1:0.00 < 1:2
2026-02-03 08:35:39,369 | SentinelBot | INFO | 🔍 Scanning TIAUSDTM...
2026-02-03 08:35:40,580 | SentinelBot | INFO | ✅ HTF CONFIRMED: H1 Trend aligns with SHORT
2026-02-03 08:35:40,580 | SentinelBot | INFO | 🚨 TRADE POTENTIAL: TIAUSDTM | Rec: ALLOW_TRADE
2026-02-03 08:35:40,581 | SentinelBot | INFO |    Reason: Strong setup (0.89) with confidence (0.78). Regime: BREAKOUT. Trend score: -0.55, bias: SHORT
2026-02-03 08:35:40,581 | SentinelBot | INFO |    Stats: Qual=0.89 | Conf=0.78 | Dir=SHORT
2026-02-03 08:35:40,581 | SentinelBot | INFO | 🚫 ENTRY_BLOCKED | BAD_RR | TIAUSDTM R:R = 1:0.00 < 1:2
2026-02-03 08:35:40,582 | SentinelBot | INFO | 🔍 Scanning IMXUSDTM...
2026-02-03 08:35:41,676 | SentinelBot | INFO | ✅ HTF CONFIRMED: H1 Trend aligns with SHORT
2026-02-03 08:35:41,676 | SentinelBot | INFO | 🚨 TRADE POTENTIAL: IMXUSDTM | Rec: ALLOW_TRADE
2026-02-03 08:35:41,676 | SentinelBot | INFO |    Reason: Strong setup (1.00) with confidence (0.94). Regime: MOMENTUM. Trend score: -0.70, bias: SHORT
2026-02-03 08:35:41,677 | SentinelBot | INFO |    Stats: Qual=1.00 | Conf=0.94 | Dir=SHORT
2026-02-03 08:35:41,677 | SentinelBot | INFO | 🚫 ENTRY_BLOCKED | BAD_RR | IMXUSDTM R:R = 1:0.00 < 1:2
2026-02-03 08:35:41,679 | SentinelBot | INFO | 🔍 Scanning LDOUSDTM...
2026-02-03 08:35:42,697 | SentinelBot | INFO | ✅ HTF CONFIRMED: H1 Trend aligns with SHORT
2026-02-03 08:35:42,697 | SentinelBot | INFO | 🚨 TRADE POTENTIAL: LDOUSDTM | Rec: ALLOW_TRADE
2026-02-03 08:35:42,699 | SentinelBot | INFO |    Reason: Strong setup (0.78) with confidence (0.70). Regime: TREND_BEAR. Trend score: -0.40, bias: SHORT
2026-02-03 08:35:42,699 | SentinelBot | INFO |    Stats: Qual=0.78 | Conf=0.70 | Dir=SHORT
2026-02-03 08:35:42,699 | SentinelBot | INFO | 🚫 ENTRY_BLOCKED | BAD_RR | LDOUSDTM R:R = 1:0.00 < 1:2
2026-02-03 08:35:59,775 | SentinelBot | INFO | 💓 Loop alive | Cycle 610 | Watching 30 symbols
2026-02-03 08:36:11,481 | SentinelBot | INFO | 🔍 Scanning XBTUSDTM...
2026-02-03 08:36:12,496 | SentinelBot | INFO | ✅ HTF CONFIRMED: H1 Trend aligns with SHORT
2026-02-03 08:36:12,497 | SentinelBot | INFO | 🚨 TRADE POTENTIAL: XBTUSDTM | Rec: MICRO_TRADE
2026-02-03 08:36:12,497 | SentinelBot | INFO |    Reason: Good setup (0.75) but low confidence (0.45). Regime: RANGE. Trend score: -0.10, bias: SHORT
2026-02-03 08:36:12,498 | SentinelBot | INFO |    Stats: Qual=0.76 | Conf=0.45 | Dir=SHORT
2026-02-03 08:36:12,499 | SentinelBot | INFO | ⏳ BIAS_DETECTED | XBTUSDTM SHORT | Waiting for Zone [78600.078606 - 78624.748691]
2026-02-03 08:36:12,499 | SentinelBot | INFO | 🔍 Scanning ETHUSDTM...
2026-02-03 08:36:13,294 | SentinelBot | INFO |    📊 ETHUSDTM: Rec=NO_TRADE (Qual=0.50)
2026-02-03 08:36:13,294 | SentinelBot | INFO | 🔍 Scanning SOLUSDTM...
2026-02-03 08:36:14,306 | SentinelBot | INFO | ✅ HTF CONFIRMED: H1 Trend aligns with SHORT
2026-02-03 08:36:14,306 | SentinelBot | INFO | 🚨 TRADE POTENTIAL: SOLUSDTM | Rec: MICRO_TRADE
2026-02-03 08:36:14,306 | SentinelBot | INFO |    Reason: Good setup (0.70) but low confidence (0.42). Regime: RANGE. Trend score: -0.20, bias: SHORT
2026-02-03 08:36:14,307 | SentinelBot | INFO |    Stats: Qual=0.70 | Conf=0.42 | Dir=SHORT
2026-02-03 08:36:14,307 | SentinelBot | INFO | 🚫 ENTRY_BLOCKED | BAD_RR | SOLUSDTM R:R = 1:0.00 < 1:2
2026-02-03 08:36:14,307 | SentinelBot | INFO | 🔍 Scanning BNBUSDTM...
2026-02-03 08:36:15,361 | SentinelBot | INFO | ✅ HTF CONFIRMED: H1 Trend aligns with SHORT
2026-02-03 08:36:15,361 | SentinelBot | INFO | 🚨 TRADE POTENTIAL: BNBUSDTM | Rec: MICRO_TRADE
2026-02-03 08:36:15,363 | SentinelBot | INFO |    Reason: Good setup (0.67) but low confidence (0.40). Regime: RANGE. Trend score: -0.20, bias: SHORT
2026-02-03 08:36:15,363 | SentinelBot | INFO |    Stats: Qual=0.67 | Conf=0.40 | Dir=SHORT
2026-02-03 08:36:15,363 | SentinelBot | INFO | 🚫 ENTRY_BLOCKED | BAD_RR | BNBUSDTM R:R = 1:2.00 < 1:2
2026-02-03 08:36:15,363 | SentinelBot | INFO | 🔍 Scanning XRPUSDTM...
2026-02-03 08:36:16,330 | SentinelBot | INFO | ✅ HTF CONFIRMED: H1 Trend aligns with SHORT
2026-02-03 08:36:16,330 | SentinelBot | INFO | 🚨 TRADE POTENTIAL: XRPUSDTM | Rec: ALLOW_TRADE
2026-02-03 08:36:16,332 | SentinelBot | INFO |    Reason: Strong setup (0.79) with confidence (0.71). Regime: TREND_BEAR. Trend score: -0.30, bias: SHORT
2026-02-03 08:36:16,332 | SentinelBot | INFO |    Stats: Qual=0.79 | Conf=0.71 | Dir=SHORT
2026-02-03 08:36:16,332 | SentinelBot | INFO | 🚫 ENTRY_BLOCKED | BAD_RR | XRPUSDTM R:R = 1:0.00 < 1:2
2026-02-03 08:36:16,333 | SentinelBot | INFO | 🔍 Scanning ADAUSDTM...
2026-02-03 08:36:17,475 | SentinelBot | INFO | ✅ HTF CONFIRMED: H1 Trend aligns with SHORT
2026-02-03 08:36:17,477 | SentinelBot | INFO | 🚨 TRADE POTENTIAL: ADAUSDTM | Rec: MICRO_TRADE
2026-02-03 08:36:17,477 | SentinelBot | INFO |    Reason: Good setup (0.70) but low confidence (0.42). Regime: RANGE. Trend score: -0.20, bias: SHORT
2026-02-03 08:36:17,477 | SentinelBot | INFO |    Stats: Qual=0.70 | Conf=0.42 | Dir=SHORT
2026-02-03 08:36:17,477 | SentinelBot | INFO | 🚫 ENTRY_BLOCKED | BAD_RR | ADAUSDTM R:R = 1:0.00 < 1:2
2026-02-03 08:36:17,477 | SentinelBot | INFO | 🔍 Scanning DOGEUSDTM...
2026-02-03 08:36:18,496 | SentinelBot | INFO | ✅ HTF CONFIRMED: H1 Trend aligns with SHORT
2026-02-03 08:36:18,496 | SentinelBot | INFO | 🚨 TRADE POTENTIAL: DOGEUSDTM | Rec: ALLOW_TRADE
2026-02-03 08:36:18,496 | SentinelBot | INFO |    Reason: Strong setup (0.77) with confidence (0.62). Regime: BREAKOUT. Trend score: -0.20, bias: SHORT
2026-02-03 08:36:18,496 | SentinelBot | INFO |    Stats: Qual=0.77 | Conf=0.62 | Dir=SHORT
2026-02-03 08:36:18,499 | SentinelBot | INFO | 🚫 ENTRY_BLOCKED | BAD_RR | DOGEUSDTM R:R = 1:0.00 < 1:2
2026-02-03 08:36:18,500 | SentinelBot | INFO | 🔍 Scanning AVAXUSDTM...
2026-02-03 08:36:19,500 | SentinelBot | INFO | ✅ HTF CONFIRMED: H1 Trend aligns with SHORT
2026-02-03 08:36:19,500 | SentinelBot | INFO | 🚨 TRADE POTENTIAL: AVAXUSDTM | Rec: MICRO_TRADE
2026-02-03 08:36:19,500 | SentinelBot | INFO |    Reason: Good setup (0.73) but low confidence (0.44). Regime: RANGE. Trend score: -0.25, bias: SHORT
2026-02-03 08:36:19,500 | SentinelBot | INFO |    Stats: Qual=0.73 | Conf=0.44 | Dir=SHORT
2026-02-03 08:36:19,500 | SentinelBot | INFO | 🚫 ENTRY_BLOCKED | BAD_RR | AVAXUSDTM R:R = 1:0.00 < 1:2
2026-02-03 08:36:19,500 | SentinelBot | INFO | 🔍 Scanning LINKUSDTM...
2026-02-03 08:36:20,600 | SentinelBot | INFO | ✅ HTF CONFIRMED: H1 Trend aligns with SHORT
2026-02-03 08:36:20,602 | SentinelBot | INFO | 🚨 TRADE POTENTIAL: LINKUSDTM | Rec: ALLOW_TRADE
2026-02-03 08:36:20,602 | SentinelBot | INFO |    Reason: Strong setup (0.75) with confidence (0.60). Regime: BREAKOUT. Trend score: -0.15, bias: SHORT
2026-02-03 08:36:20,603 | SentinelBot | INFO |    Stats: Qual=0.75 | Conf=0.60 | Dir=SHORT
2026-02-03 08:36:20,603 | SentinelBot | INFO | 🚫 ENTRY_BLOCKED | BAD_RR | LINKUSDTM R:R = 1:0.00 < 1:2
2026-02-03 08:36:20,603 | SentinelBot | INFO | 🔍 Scanning DOTUSDTM...
2026-02-03 08:36:21,649 | SentinelBot | INFO | ✅ HTF CONFIRMED: H1 Trend aligns with SHORT
2026-02-03 08:36:21,650 | SentinelBot | INFO | 🚨 TRADE POTENTIAL: DOTUSDTM | Rec: ALLOW_TRADE
2026-02-03 08:36:21,650 | SentinelBot | INFO |    Reason: Strong setup (1.00) with confidence (0.90). Regime: TREND_BEAR. Trend score: -0.30, bias: SHORT
2026-02-03 08:36:21,650 | SentinelBot | INFO |    Stats: Qual=1.00 | Conf=0.90 | Dir=SHORT
2026-02-03 08:36:21,650 | SentinelBot | INFO | 🚫 ENTRY_BLOCKED | BAD_RR | DOTUSDTM R:R = 1:0.00 < 1:2
2026-02-03 08:36:21,650 | SentinelBot | INFO | 🔍 Scanning TRXUSDTM...
2026-02-03 08:36:22,525 | SentinelBot | INFO |    📊 TRXUSDTM: Rec=NO_TRADE (Qual=0.41)
2026-02-03 08:36:22,526 | SentinelBot | INFO | 🔍 Scanning LTCUSDTM...
2026-02-03 08:36:23,598 | SentinelBot | INFO | ✅ HTF CONFIRMED: H1 Trend aligns with SHORT
2026-02-03 08:36:23,598 | SentinelBot | INFO | 🚨 TRADE POTENTIAL: LTCUSDTM | Rec: MICRO_TRADE
2026-02-03 08:36:23,600 | SentinelBot | INFO |    Reason: Good setup (0.64) but low confidence (0.39). Regime: RANGE. Trend score: -0.10, bias: SHORT
2026-02-03 08:36:23,600 | SentinelBot | INFO |    Stats: Qual=0.64 | Conf=0.39 | Dir=SHORT
2026-02-03 08:36:23,601 | SentinelBot | INFO | 🚫 ENTRY_BLOCKED | BAD_RR | LTCUSDTM R:R = 1:0.00 < 1:2
2026-02-03 08:36:23,602 | SentinelBot | INFO | 🔍 Scanning MATICUSDTM...
2026-02-03 08:36:24,597 | SentinelBot | INFO | 🛑 HTF MISMATCH: MATICUSDTM Signal LONG vs Bear Trend. Blocked (Conf 0.39 < 0.80)
2026-02-03 08:36:24,597 | SentinelBot | INFO | 🔍 Scanning SHIBUSDTM...
2026-02-03 08:36:25,667 | SentinelBot | INFO | ✅ HTF CONFIRMED: H1 Trend aligns with SHORT
2026-02-03 08:36:25,667 | SentinelBot | INFO | 🚨 TRADE POTENTIAL: SHIBUSDTM | Rec: MICRO_TRADE
2026-02-03 08:36:25,667 | SentinelBot | INFO |    Reason: Good setup (0.70) but low confidence (0.42). Regime: RANGE. Trend score: -0.20, bias: SHORT
2026-02-03 08:36:25,667 | SentinelBot | INFO |    Stats: Qual=0.70 | Conf=0.42 | Dir=SHORT
2026-02-03 08:36:25,667 | SentinelBot | INFO | 🚫 ENTRY_BLOCKED | BAD_RR | SHIBUSDTM R:R = 1:0.00 < 1:2
2026-02-03 08:36:25,667 | SentinelBot | INFO | 🔍 Scanning UNIUSDTM...
2026-02-03 08:36:26,824 | SentinelBot | INFO | ✅ HTF CONFIRMED: H1 Trend aligns with SHORT
2026-02-03 08:36:26,824 | SentinelBot | INFO | 🚨 TRADE POTENTIAL: UNIUSDTM | Rec: MICRO_TRADE
2026-02-03 08:36:26,824 | SentinelBot | INFO |    Reason: Good setup (0.74) but low confidence (0.44). Regime: RANGE. Trend score: -0.20, bias: SHORT
2026-02-03 08:36:26,824 | SentinelBot | INFO |    Stats: Qual=0.74 | Conf=0.44 | Dir=SHORT
2026-02-03 08:36:26,824 | SentinelBot | INFO | 🚫 ENTRY_BLOCKED | BAD_RR | UNIUSDTM R:R = 1:0.00 < 1:2
2026-02-03 08:36:26,824 | SentinelBot | INFO | 🔍 Scanning ATOMUSDTM...
2026-02-03 08:36:27,898 | SentinelBot | INFO | ✅ HTF CONFIRMED: H1 Trend aligns with SHORT
2026-02-03 08:36:27,898 | SentinelBot | INFO | 🚨 TRADE POTENTIAL: ATOMUSDTM | Rec: ALLOW_TRADE
2026-02-03 08:36:27,899 | SentinelBot | INFO |    Reason: Strong setup (0.70) with confidence (0.66). Regime: MOMENTUM. Trend score: -0.55, bias: SHORT
2026-02-03 08:36:27,899 | SentinelBot | INFO |    Stats: Qual=0.70 | Conf=0.66 | Dir=SHORT
2026-02-03 08:36:27,900 | SentinelBot | INFO | 🚫 ENTRY_BLOCKED | BAD_RR | ATOMUSDTM R:R = 1:0.00 < 1:2
2026-02-03 08:36:27,900 | SentinelBot | INFO | 🔍 Scanning XLMUSDTM...
2026-02-03 08:36:28,932 | SentinelBot | INFO | ✅ HTF CONFIRMED: H1 Trend aligns with SHORT
2026-02-03 08:36:28,934 | SentinelBot | INFO | 🚨 TRADE POTENTIAL: XLMUSDTM | Rec: ALLOW_TRADE
2026-02-03 08:36:28,934 | SentinelBot | INFO |    Reason: Strong setup (0.81) with confidence (0.76). Regime: MOMENTUM. Trend score: -0.80, bias: SHORT
2026-02-03 08:36:28,934 | SentinelBot | INFO |    Stats: Qual=0.81 | Conf=0.76 | Dir=SHORT
2026-02-03 08:36:28,934 | SentinelBot | INFO | 🚫 ENTRY_BLOCKED | BAD_RR | XLMUSDTM R:R = 1:0.00 < 1:2
2026-02-03 08:36:28,934 | SentinelBot | INFO | 🔍 Scanning ETCUSDTM...
2026-02-03 08:36:29,948 | SentinelBot | INFO | ✅ HTF CONFIRMED: H1 Trend aligns with SHORT
2026-02-03 08:36:29,948 | SentinelBot | INFO | 🚨 TRADE POTENTIAL: ETCUSDTM | Rec: ALLOW_TRADE
2026-02-03 08:36:29,948 | SentinelBot | INFO |    Reason: Strong setup (0.90) with confidence (0.72). Regime: BREAKOUT. Trend score: -0.45, bias: SHORT
2026-02-03 08:36:29,948 | SentinelBot | INFO |    Stats: Qual=0.90 | Conf=0.72 | Dir=SHORT
2026-02-03 08:36:29,950 | SentinelBot | INFO | 🚫 ENTRY_BLOCKED | BAD_RR | ETCUSDTM R:R = 1:0.00 < 1:2
2026-02-03 08:36:29,950 | SentinelBot | INFO | 🔍 Scanning FILUSDTM...
2026-02-03 08:36:31,002 | SentinelBot | INFO | ✅ HTF CONFIRMED: H1 Trend aligns with SHORT
2026-02-03 08:36:31,003 | SentinelBot | INFO | 🚨 TRADE POTENTIAL: FILUSDTM | Rec: ALLOW_TRADE
2026-02-03 08:36:31,003 | SentinelBot | INFO |    Reason: Strong setup (0.84) with confidence (0.71). Regime: MOMENTUM. Trend score: -0.45, bias: SHORT
2026-02-03 08:36:31,003 | SentinelBot | INFO |    Stats: Qual=0.83 | Conf=0.71 | Dir=SHORT
2026-02-03 08:36:31,003 | SentinelBot | INFO | 🚫 ENTRY_BLOCKED | BAD_RR | FILUSDTM R:R = 1:0.00 < 1:2
2026-02-03 08:36:31,004 | SentinelBot | INFO | 🔍 Scanning APTUSDTM...
2026-02-03 08:36:32,020 | SentinelBot | INFO | ✅ HTF CONFIRMED: H1 Trend aligns with SHORT
2026-02-03 08:36:32,020 | SentinelBot | INFO | 🚨 TRADE POTENTIAL: APTUSDTM | Rec: ALLOW_TRADE
2026-02-03 08:36:32,021 | SentinelBot | INFO |    Reason: Strong setup (0.92) with confidence (0.78). Regime: MOMENTUM. Trend score: -0.50, bias: SHORT
2026-02-03 08:36:32,021 | SentinelBot | INFO |    Stats: Qual=0.92 | Conf=0.78 | Dir=SHORT
2026-02-03 08:36:32,021 | SentinelBot | INFO | 🚫 ENTRY_BLOCKED | BAD_RR | APTUSDTM R:R = 1:0.00 < 1:2
2026-02-03 08:36:32,022 | SentinelBot | INFO | 🔍 Scanning ARBUSDTM...
2026-02-03 08:36:33,078 | SentinelBot | INFO | ✅ HTF CONFIRMED: H1 Trend aligns with SHORT
2026-02-03 08:36:33,082 | SentinelBot | INFO | 🚨 TRADE POTENTIAL: ARBUSDTM | Rec: MICRO_TRADE
2026-02-03 08:36:33,082 | SentinelBot | INFO |    Reason: Good setup (0.78) but low confidence (0.47). Regime: RANGE. Trend score: -0.30, bias: SHORT
2026-02-03 08:36:33,082 | SentinelBot | INFO |    Stats: Qual=0.78 | Conf=0.47 | Dir=SHORT
2026-02-03 08:36:33,083 | SentinelBot | INFO | 🚫 ENTRY_BLOCKED | BAD_RR | ARBUSDTM R:R = 1:0.00 < 1:2
2026-02-03 08:36:33,083 | SentinelBot | INFO | 🔍 Scanning OPUSDTM...
2026-02-03 08:36:34,123 | SentinelBot | INFO | ✅ HTF CONFIRMED: H1 Trend aligns with SHORT
2026-02-03 08:36:34,123 | SentinelBot | INFO | 🚨 TRADE POTENTIAL: OPUSDTM | Rec: ALLOW_TRADE
2026-02-03 08:36:34,124 | SentinelBot | INFO |    Reason: Strong setup (0.77) with confidence (0.69). Regime: TREND_BEAR. Trend score: -0.35, bias: SHORT
2026-02-03 08:36:34,124 | SentinelBot | INFO |    Stats: Qual=0.77 | Conf=0.69 | Dir=SHORT
2026-02-03 08:36:34,124 | SentinelBot | INFO | 🚫 ENTRY_BLOCKED | BAD_RR | OPUSDTM R:R = 1:0.00 < 1:2
2026-02-03 08:36:34,124 | SentinelBot | INFO | 🔍 Scanning SUIUSDTM...
2026-02-03 08:36:35,117 | SentinelBot | INFO | ✅ HTF CONFIRMED: H1 Trend aligns with SHORT
2026-02-03 08:36:35,118 | SentinelBot | INFO | 🚨 TRADE POTENTIAL: SUIUSDTM | Rec: ALLOW_TRADE
2026-02-03 08:36:35,118 | SentinelBot | INFO |    Reason: Strong setup (0.84) with confidence (0.67). Regime: BREAKOUT. Trend score: -0.40, bias: SHORT
2026-02-03 08:36:35,119 | SentinelBot | INFO |    Stats: Qual=0.84 | Conf=0.67 | Dir=SHORT
2026-02-03 08:36:35,119 | SentinelBot | INFO | 🚫 ENTRY_BLOCKED | BAD_RR | SUIUSDTM R:R = 1:0.00 < 1:2
2026-02-03 08:36:35,120 | SentinelBot | INFO | 🔍 Scanning PEPEUSDTM...
2026-02-03 08:36:36,204 | SentinelBot | INFO | ✅ HTF CONFIRMED: H1 Trend aligns with SHORT
2026-02-03 08:36:36,205 | SentinelBot | INFO | 🚨 TRADE POTENTIAL: PEPEUSDTM | Rec: ALLOW_TRADE
2026-02-03 08:36:36,205 | SentinelBot | INFO |    Reason: Strong setup (0.73) with confidence (0.65). Regime: TREND_BEAR. Trend score: -0.30, bias: SHORT
2026-02-03 08:36:36,205 | SentinelBot | INFO |    Stats: Qual=0.73 | Conf=0.65 | Dir=SHORT
2026-02-03 08:36:36,205 | SentinelBot | INFO | 🚫 ENTRY_BLOCKED | BAD_RR | PEPEUSDTM R:R = 1:0.00 < 1:2
2026-02-03 08:36:36,207 | SentinelBot | INFO | 🔍 Scanning NEARUSDTM...
2026-02-03 08:36:37,371 | SentinelBot | INFO | ✅ HTF CONFIRMED: H1 Trend aligns with SHORT
2026-02-03 08:36:37,372 | SentinelBot | INFO | 🚨 TRADE POTENTIAL: NEARUSDTM | Rec: ALLOW_TRADE
2026-02-03 08:36:37,372 | SentinelBot | INFO |    Reason: Strong setup (0.78) with confidence (0.70). Regime: TREND_BEAR. Trend score: -0.35, bias: SHORT
2026-02-03 08:36:37,373 | SentinelBot | INFO |    Stats: Qual=0.78 | Conf=0.70 | Dir=SHORT
2026-02-03 08:36:37,373 | SentinelBot | INFO | 🚫 ENTRY_BLOCKED | BAD_RR | NEARUSDTM R:R = 1:0.00 < 1:2
2026-02-03 08:36:37,373 | SentinelBot | INFO | 🔍 Scanning RNDRUSDTM...
2026-02-03 08:36:38,547 | SentinelBot | INFO | ✅ HTF CONFIRMED: H1 Trend aligns with SHORT
2026-02-03 08:36:38,548 | SentinelBot | INFO | 🚨 TRADE POTENTIAL: RNDRUSDTM | Rec: MICRO_TRADE
2026-02-03 08:36:38,548 | SentinelBot | INFO |    Reason: Good setup (0.87) but low confidence (0.52). Regime: RANGE. Trend score: -0.10, bias: SHORT
2026-02-03 08:36:38,548 | SentinelBot | INFO |    Stats: Qual=0.87 | Conf=0.52 | Dir=SHORT
2026-02-03 08:36:38,549 | SentinelBot | INFO | 🚫 ENTRY_BLOCKED | BAD_RR | RNDRUSDTM R:R = 1:0.00 < 1:2
2026-02-03 08:36:38,549 | SentinelBot | INFO | 🔍 Scanning INJUSDTM...
2026-02-03 08:36:39,571 | SentinelBot | INFO | ✅ HTF CONFIRMED: H1 Trend aligns with SHORT
2026-02-03 08:36:39,571 | SentinelBot | INFO | 🚨 TRADE POTENTIAL: INJUSDTM | Rec: ALLOW_TRADE
2026-02-03 08:36:39,572 | SentinelBot | INFO |    Reason: Strong setup (0.82) with confidence (0.66). Regime: BREAKOUT. Trend score: -0.30, bias: SHORT
2026-02-03 08:36:39,572 | SentinelBot | INFO |    Stats: Qual=0.82 | Conf=0.66 | Dir=SHORT
2026-02-03 08:36:39,573 | SentinelBot | INFO | 🚫 ENTRY_BLOCKED | BAD_RR | INJUSDTM R:R = 1:0.00 < 1:2
2026-02-03 08:36:39,573 | SentinelBot | INFO | 🔍 Scanning TIAUSDTM...
2026-02-03 08:36:40,795 | SentinelBot | INFO | ✅ HTF CONFIRMED: H1 Trend aligns with SHORT
2026-02-03 08:36:40,796 | SentinelBot | INFO | 🚨 TRADE POTENTIAL: TIAUSDTM | Rec: ALLOW_TRADE
2026-02-03 08:36:40,796 | SentinelBot | INFO |    Reason: Strong setup (0.89) with confidence (0.78). Regime: BREAKOUT. Trend score: -0.55, bias: SHORT
2026-02-03 08:36:40,798 | SentinelBot | INFO |    Stats: Qual=0.89 | Conf=0.78 | Dir=SHORT
2026-02-03 08:36:40,798 | SentinelBot | INFO | 🚫 ENTRY_BLOCKED | BAD_RR | TIAUSDTM R:R = 1:0.00 < 1:2
2026-02-03 08:36:40,799 | SentinelBot | INFO | 🔍 Scanning IMXUSDTM...
2026-02-03 08:36:41,861 | SentinelBot | INFO | ✅ HTF CONFIRMED: H1 Trend aligns with SHORT
2026-02-03 08:36:41,861 | SentinelBot | INFO | 🚨 TRADE POTENTIAL: IMXUSDTM | Rec: ALLOW_TRADE
2026-02-03 08:36:41,861 | SentinelBot | INFO |    Reason: Strong setup (1.00) with confidence (0.94). Regime: MOMENTUM. Trend score: -0.70, bias: SHORT
2026-02-03 08:36:41,863 | SentinelBot | INFO |    Stats: Qual=1.00 | Conf=0.94 | Dir=SHORT
2026-02-03 08:36:41,863 | SentinelBot | INFO | 🚫 ENTRY_BLOCKED | BAD_RR | IMXUSDTM R:R = 1:0.00 < 1:2
2026-02-03 08:36:41,864 | SentinelBot | INFO | 🔍 Scanning LDOUSDTM...
2026-02-03 08:36:42,872 | SentinelBot | INFO | ✅ HTF CONFIRMED: H1 Trend aligns with SHORT
2026-02-03 08:36:42,872 | SentinelBot | INFO | 🚨 TRADE POTENTIAL: LDOUSDTM | Rec: ALLOW_TRADE
2026-02-03 08:36:42,872 | SentinelBot | INFO |    Reason: Strong setup (0.78) with confidence (0.70). Regime: TREND_BEAR. Trend score: -0.40, bias: SHORT
2026-02-03 08:36:42,872 | SentinelBot | INFO |    Stats: Qual=0.78 | Conf=0.70 | Dir=SHORT
2026-02-03 08:36:42,874 | SentinelBot | INFO | 🚫 ENTRY_BLOCKED | BAD_RR | LDOUSDTM R:R = 1:0.00 < 1:2
2026-02-03 08:36:49,133 | SentinelBot | INFO | 💓 Loop alive | Cycle 620 | Watching 30 symbols
2026-02-03 08:37:04,837 | SentinelBot | INFO | 💓 Loop alive | Cycle 630 | Watching 30 symbols
2026-02-03 08:37:12,900 | SentinelBot | INFO | 🔍 Scanning XBTUSDTM...
2026-02-03 08:37:13,842 | SentinelBot | INFO | ✅ HTF CONFIRMED: H1 Trend aligns with SHORT
2026-02-03 08:37:13,843 | SentinelBot | INFO | 🚨 TRADE POTENTIAL: XBTUSDTM | Rec: MICRO_TRADE
2026-02-03 08:37:13,843 | SentinelBot | INFO |    Reason: Good setup (0.75) but low confidence (0.45). Regime: RANGE. Trend score: -0.10, bias: SHORT
2026-02-03 08:37:13,844 | SentinelBot | INFO |    Stats: Qual=0.76 | Conf=0.45 | Dir=SHORT
2026-02-03 08:37:13,844 | SentinelBot | INFO | ⏳ BIAS_DETECTED | XBTUSDTM SHORT | Waiting for Zone [78600.078606 - 78624.748691]
2026-02-03 08:37:13,845 | SentinelBot | INFO | 🔍 Scanning ETHUSDTM...
2026-02-03 08:37:14,639 | SentinelBot | INFO |    📊 ETHUSDTM: Rec=NO_TRADE (Qual=0.50)
2026-02-03 08:37:14,639 | SentinelBot | INFO | 🔍 Scanning SOLUSDTM...
2026-02-03 08:37:15,727 | SentinelBot | INFO | ✅ HTF CONFIRMED: H1 Trend aligns with SHORT
2026-02-03 08:37:15,729 | SentinelBot | INFO | 🚨 TRADE POTENTIAL: SOLUSDTM | Rec: MICRO_TRADE
2026-02-03 08:37:15,729 | SentinelBot | INFO |    Reason: Good setup (0.70) but low confidence (0.42). Regime: RANGE. Trend score: -0.20, bias: SHORT
2026-02-03 08:37:15,729 | SentinelBot | INFO |    Stats: Qual=0.70 | Conf=0.42 | Dir=SHORT
2026-02-03 08:37:15,729 | SentinelBot | INFO | 🚫 ENTRY_BLOCKED | BAD_RR | SOLUSDTM R:R = 1:0.00 < 1:2
2026-02-03 08:37:15,730 | SentinelBot | INFO | 🔍 Scanning BNBUSDTM...
2026-02-03 08:37:16,759 | SentinelBot | INFO | ✅ HTF CONFIRMED: H1 Trend aligns with SHORT
2026-02-03 08:37:16,760 | SentinelBot | INFO | 🚨 TRADE POTENTIAL: BNBUSDTM | Rec: MICRO_TRADE
2026-02-03 08:37:16,760 | SentinelBot | INFO |    Reason: Good setup (0.67) but low confidence (0.40). Regime: RANGE. Trend score: -0.20, bias: SHORT
2026-02-03 08:37:16,761 | SentinelBot | INFO |    Stats: Qual=0.67 | Conf=0.40 | Dir=SHORT
2026-02-03 08:37:16,761 | SentinelBot | INFO | 🚫 ENTRY_BLOCKED | BAD_RR | BNBUSDTM R:R = 1:2.00 < 1:2
2026-02-03 08:37:16,762 | SentinelBot | INFO | 🔍 Scanning XRPUSDTM...
2026-02-03 08:37:17,900 | SentinelBot | INFO | ✅ HTF CONFIRMED: H1 Trend aligns with SHORT
2026-02-03 08:37:17,900 | SentinelBot | INFO | 🚨 TRADE POTENTIAL: XRPUSDTM | Rec: ALLOW_TRADE
2026-02-03 08:37:17,900 | SentinelBot | INFO |    Reason: Strong setup (0.79) with confidence (0.71). Regime: TREND_BEAR. Trend score: -0.30, bias: SHORT
2026-02-03 08:37:17,900 | SentinelBot | INFO |    Stats: Qual=0.79 | Conf=0.71 | Dir=SHORT
2026-02-03 08:37:17,901 | SentinelBot | INFO | 🚫 ENTRY_BLOCKED | BAD_RR | XRPUSDTM R:R = 1:0.00 < 1:2
2026-02-03 08:37:17,902 | SentinelBot | INFO | 🔍 Scanning ADAUSDTM...
2026-02-03 08:37:18,946 | SentinelBot | INFO | ✅ HTF CONFIRMED: H1 Trend aligns with SHORT
2026-02-03 08:37:18,946 | SentinelBot | INFO | 🚨 TRADE POTENTIAL: ADAUSDTM | Rec: MICRO_TRADE
2026-02-03 08:37:18,947 | SentinelBot | INFO |    Reason: Good setup (0.70) but low confidence (0.42). Regime: RANGE. Trend score: -0.20, bias: SHORT
2026-02-03 08:37:18,947 | SentinelBot | INFO |    Stats: Qual=0.70 | Conf=0.42 | Dir=SHORT
2026-02-03 08:37:18,948 | SentinelBot | INFO | 🚫 ENTRY_BLOCKED | BAD_RR | ADAUSDTM R:R = 1:0.00 < 1:2
2026-02-03 08:37:18,948 | SentinelBot | INFO | 🔍 Scanning DOGEUSDTM...
2026-02-03 08:37:20,062 | SentinelBot | INFO | ✅ HTF CONFIRMED: H1 Trend aligns with SHORT
2026-02-03 08:37:20,065 | SentinelBot | INFO | 🚨 TRADE POTENTIAL: DOGEUSDTM | Rec: ALLOW_TRADE
2026-02-03 08:37:20,065 | SentinelBot | INFO |    Reason: Strong setup (0.77) with confidence (0.62). Regime: BREAKOUT. Trend score: -0.20, bias: SHORT
2026-02-03 08:37:20,065 | SentinelBot | INFO |    Stats: Qual=0.77 | Conf=0.62 | Dir=SHORT
2026-02-03 08:37:20,065 | SentinelBot | INFO | 🚫 ENTRY_BLOCKED | BAD_RR | DOGEUSDTM R:R = 1:0.00 < 1:2
2026-02-03 08:37:20,065 | SentinelBot | INFO | 🔍 Scanning AVAXUSDTM...
2026-02-03 08:37:21,156 | SentinelBot | INFO | ✅ HTF CONFIRMED: H1 Trend aligns with SHORT
2026-02-03 08:37:21,156 | SentinelBot | INFO | 🚨 TRADE POTENTIAL: AVAXUSDTM | Rec: MICRO_TRADE
2026-02-03 08:37:21,157 | SentinelBot | INFO |    Reason: Good setup (0.73) but low confidence (0.44). Regime: RANGE. Trend score: -0.25, bias: SHORT
2026-02-03 08:37:21,157 | SentinelBot | INFO |    Stats: Qual=0.73 | Conf=0.44 | Dir=SHORT
2026-02-03 08:37:21,157 | SentinelBot | INFO | 🚫 ENTRY_BLOCKED | BAD_RR | AVAXUSDTM R:R = 1:0.00 < 1:2
2026-02-03 08:37:21,159 | SentinelBot | INFO | 🔍 Scanning LINKUSDTM...
2026-02-03 08:37:22,397 | SentinelBot | INFO | ✅ HTF CONFIRMED: H1 Trend aligns with SHORT
2026-02-03 08:37:22,398 | SentinelBot | INFO | 🚨 TRADE POTENTIAL: LINKUSDTM | Rec: ALLOW_TRADE
2026-02-03 08:37:22,398 | SentinelBot | INFO |    Reason: Strong setup (0.75) with confidence (0.60). Regime: BREAKOUT. Trend score: -0.15, bias: SHORT
2026-02-03 08:37:22,399 | SentinelBot | INFO |    Stats: Qual=0.75 | Conf=0.60 | Dir=SHORT
2026-02-03 08:37:22,399 | SentinelBot | INFO | 🚫 ENTRY_BLOCKED | BAD_RR | LINKUSDTM R:R = 1:0.00 < 1:2
2026-02-03 08:37:22,400 | SentinelBot | INFO | 🔍 Scanning DOTUSDTM...
2026-02-03 08:37:23,386 | SentinelBot | INFO | ✅ HTF CONFIRMED: H1 Trend aligns with SHORT
2026-02-03 08:37:23,388 | SentinelBot | INFO | 🚨 TRADE POTENTIAL: DOTUSDTM | Rec: ALLOW_TRADE
2026-02-03 08:37:23,388 | SentinelBot | INFO |    Reason: Strong setup (1.00) with confidence (0.90). Regime: TREND_BEAR. Trend score: -0.30, bias: SHORT
2026-02-03 08:37:23,389 | SentinelBot | INFO |    Stats: Qual=1.00 | Conf=0.90 | Dir=SHORT
2026-02-03 08:37:23,389 | SentinelBot | INFO | 🚫 ENTRY_BLOCKED | BAD_RR | DOTUSDTM R:R = 1:0.00 < 1:2
2026-02-03 08:37:23,389 | SentinelBot | INFO | 🔍 Scanning TRXUSDTM...
2026-02-03 08:37:24,384 | SentinelBot | INFO |    📊 TRXUSDTM: Rec=NO_TRADE (Qual=0.41)
2026-02-03 08:37:24,385 | SentinelBot | INFO | 🔍 Scanning LTCUSDTM...
2026-02-03 08:37:25,441 | SentinelBot | INFO | ✅ HTF CONFIRMED: H1 Trend aligns with SHORT
2026-02-03 08:37:25,441 | SentinelBot | INFO | 🚨 TRADE POTENTIAL: LTCUSDTM | Rec: MICRO_TRADE
2026-02-03 08:37:25,441 | SentinelBot | INFO |    Reason: Good setup (0.64) but low confidence (0.39). Regime: RANGE. Trend score: -0.10, bias: SHORT
2026-02-03 08:37:25,443 | SentinelBot | INFO |    Stats: Qual=0.64 | Conf=0.39 | Dir=SHORT
2026-02-03 08:37:25,443 | SentinelBot | INFO | 🚫 ENTRY_BLOCKED | BAD_RR | LTCUSDTM R:R = 1:0.00 < 1:2
2026-02-03 08:37:25,444 | SentinelBot | INFO | 🔍 Scanning MATICUSDTM...
2026-02-03 08:37:26,465 | SentinelBot | INFO | 🛑 HTF MISMATCH: MATICUSDTM Signal LONG vs Bear Trend. Blocked (Conf 0.39 < 0.80)
2026-02-03 08:37:26,466 | SentinelBot | INFO | 🔍 Scanning SHIBUSDTM...
2026-02-03 08:37:27,487 | SentinelBot | INFO | ✅ HTF CONFIRMED: H1 Trend aligns with SHORT
2026-02-03 08:37:27,487 | SentinelBot | INFO | 🚨 TRADE POTENTIAL: SHIBUSDTM | Rec: MICRO_TRADE
2026-02-03 08:37:27,487 | SentinelBot | INFO |    Reason: Good setup (0.70) but low confidence (0.42). Regime: RANGE. Trend score: -0.20, bias: SHORT
2026-02-03 08:37:27,488 | SentinelBot | INFO |    Stats: Qual=0.70 | Conf=0.42 | Dir=SHORT
2026-02-03 08:37:27,488 | SentinelBot | INFO | 🚫 ENTRY_BLOCKED | BAD_RR | SHIBUSDTM R:R = 1:0.00 < 1:2
2026-02-03 08:37:27,488 | SentinelBot | INFO | 🔍 Scanning UNIUSDTM...
2026-02-03 08:37:28,553 | SentinelBot | INFO | ✅ HTF CONFIRMED: H1 Trend aligns with SHORT
2026-02-03 08:37:28,554 | SentinelBot | INFO | 🚨 TRADE POTENTIAL: UNIUSDTM | Rec: MICRO_TRADE
2026-02-03 08:37:28,554 | SentinelBot | INFO |    Reason: Good setup (0.74) but low confidence (0.44). Regime: RANGE. Trend score: -0.20, bias: SHORT
2026-02-03 08:37:28,555 | SentinelBot | INFO |    Stats: Qual=0.74 | Conf=0.44 | Dir=SHORT
2026-02-03 08:37:28,555 | SentinelBot | INFO | 🚫 ENTRY_BLOCKED | BAD_RR | UNIUSDTM R:R = 1:0.00 < 1:2
2026-02-03 08:37:28,556 | SentinelBot | INFO | 🔍 Scanning ATOMUSDTM...
2026-02-03 08:37:29,563 | SentinelBot | INFO | ✅ HTF CONFIRMED: H1 Trend aligns with SHORT
2026-02-03 08:37:29,563 | SentinelBot | INFO | 🚨 TRADE POTENTIAL: ATOMUSDTM | Rec: ALLOW_TRADE
2026-02-03 08:37:29,564 | SentinelBot | INFO |    Reason: Strong setup (0.70) with confidence (0.66). Regime: MOMENTUM. Trend score: -0.55, bias: SHORT
2026-02-03 08:37:29,564 | SentinelBot | INFO |    Stats: Qual=0.70 | Conf=0.66 | Dir=SHORT
2026-02-03 08:37:29,564 | SentinelBot | INFO | 🚫 ENTRY_BLOCKED | BAD_RR | ATOMUSDTM R:R = 1:0.00 < 1:2
2026-02-03 08:37:29,565 | SentinelBot | INFO | 🔍 Scanning XLMUSDTM...
2026-02-03 08:37:30,703 | SentinelBot | INFO | ✅ HTF CONFIRMED: H1 Trend aligns with SHORT
2026-02-03 08:37:30,704 | SentinelBot | INFO | 🚨 TRADE POTENTIAL: XLMUSDTM | Rec: ALLOW_TRADE
2026-02-03 08:37:30,704 | SentinelBot | INFO |    Reason: Strong setup (0.81) with confidence (0.76). Regime: MOMENTUM. Trend score: -0.80, bias: SHORT
2026-02-03 08:37:30,705 | SentinelBot | INFO |    Stats: Qual=0.81 | Conf=0.76 | Dir=SHORT
2026-02-03 08:37:30,705 | SentinelBot | INFO | 🚫 ENTRY_BLOCKED | BAD_RR | XLMUSDTM R:R = 1:0.00 < 1:2
2026-02-03 08:37:30,706 | SentinelBot | INFO | 🔍 Scanning ETCUSDTM...
2026-02-03 08:37:31,777 | SentinelBot | INFO | ✅ HTF CONFIRMED: H1 Trend aligns with SHORT
2026-02-03 08:37:31,777 | SentinelBot | INFO | 🚨 TRADE POTENTIAL: ETCUSDTM | Rec: ALLOW_TRADE
2026-02-03 08:37:31,778 | SentinelBot | INFO |    Reason: Strong setup (0.90) with confidence (0.72). Regime: BREAKOUT. Trend score: -0.45, bias: SHORT
2026-02-03 08:37:31,778 | SentinelBot | INFO |    Stats: Qual=0.90 | Conf=0.72 | Dir=SHORT
2026-02-03 08:37:31,778 | SentinelBot | INFO | 🚫 ENTRY_BLOCKED | BAD_RR | ETCUSDTM R:R = 1:0.00 < 1:2
2026-02-03 08:37:31,780 | SentinelBot | INFO | 🔍 Scanning FILUSDTM...
2026-02-03 08:37:32,808 | SentinelBot | INFO | ✅ HTF CONFIRMED: H1 Trend aligns with SHORT
2026-02-03 08:37:32,808 | SentinelBot | INFO | 🚨 TRADE POTENTIAL: FILUSDTM | Rec: ALLOW_TRADE
2026-02-03 08:37:32,809 | SentinelBot | INFO |    Reason: Strong setup (0.84) with confidence (0.71). Regime: MOMENTUM. Trend score: -0.45, bias: SHORT
2026-02-03 08:37:32,809 | SentinelBot | INFO |    Stats: Qual=0.83 | Conf=0.71 | Dir=SHORT
2026-02-03 08:37:32,810 | SentinelBot | INFO | 🚫 ENTRY_BLOCKED | BAD_RR | FILUSDTM R:R = 1:0.00 < 1:2
2026-02-03 08:37:32,811 | SentinelBot | INFO | 🔍 Scanning APTUSDTM...
2026-02-03 08:37:33,860 | SentinelBot | INFO | ✅ HTF CONFIRMED: H1 Trend aligns with SHORT
2026-02-03 08:37:33,861 | SentinelBot | INFO | 🚨 TRADE POTENTIAL: APTUSDTM | Rec: ALLOW_TRADE
2026-02-03 08:37:33,861 | SentinelBot | INFO |    Reason: Strong setup (0.92) with confidence (0.78). Regime: MOMENTUM. Trend score: -0.50, bias: SHORT
2026-02-03 08:37:33,861 | SentinelBot | INFO |    Stats: Qual=0.92 | Conf=0.78 | Dir=SHORT
2026-02-03 08:37:33,862 | SentinelBot | INFO | 🚫 ENTRY_BLOCKED | BAD_RR | APTUSDTM R:R = 1:0.00 < 1:2
2026-02-03 08:37:33,862 | SentinelBot | INFO | 🔍 Scanning ARBUSDTM...
2026-02-03 08:37:34,923 | SentinelBot | INFO | ✅ HTF CONFIRMED: H1 Trend aligns with SHORT
2026-02-03 08:37:34,924 | SentinelBot | INFO | 🚨 TRADE POTENTIAL: ARBUSDTM | Rec: MICRO_TRADE
2026-02-03 08:37:34,924 | SentinelBot | INFO |    Reason: Good setup (0.78) but low confidence (0.47). Regime: RANGE. Trend score: -0.30, bias: SHORT
2026-02-03 08:37:34,924 | SentinelBot | INFO |    Stats: Qual=0.78 | Conf=0.47 | Dir=SHORT
2026-02-03 08:37:34,925 | SentinelBot | INFO | 🚫 ENTRY_BLOCKED | BAD_RR | ARBUSDTM R:R = 1:0.00 < 1:2
2026-02-03 08:37:34,926 | SentinelBot | INFO | 🔍 Scanning OPUSDTM...
2026-02-03 08:37:35,939 | SentinelBot | INFO | ✅ HTF CONFIRMED: H1 Trend aligns with SHORT
2026-02-03 08:37:35,939 | SentinelBot | INFO | 🚨 TRADE POTENTIAL: OPUSDTM | Rec: ALLOW_TRADE
2026-02-03 08:37:35,939 | SentinelBot | INFO |    Reason: Strong setup (0.77) with confidence (0.69). Regime: TREND_BEAR. Trend score: -0.35, bias: SHORT
2026-02-03 08:37:35,940 | SentinelBot | INFO |    Stats: Qual=0.77 | Conf=0.69 | Dir=SHORT
2026-02-03 08:37:35,940 | SentinelBot | INFO | 🚫 ENTRY_BLOCKED | BAD_RR | OPUSDTM R:R = 1:0.00 < 1:2
2026-02-03 08:37:35,941 | SentinelBot | INFO | 🔍 Scanning SUIUSDTM...
2026-02-03 08:37:36,937 | SentinelBot | INFO | ✅ HTF CONFIRMED: H1 Trend aligns with SHORT
2026-02-03 08:37:36,938 | SentinelBot | INFO | 🚨 TRADE POTENTIAL: SUIUSDTM | Rec: ALLOW_TRADE
2026-02-03 08:37:36,938 | SentinelBot | INFO |    Reason: Strong setup (0.84) with confidence (0.67). Regime: BREAKOUT. Trend score: -0.40, bias: SHORT
2026-02-03 08:37:36,938 | SentinelBot | INFO |    Stats: Qual=0.84 | Conf=0.67 | Dir=SHORT
2026-02-03 08:37:36,939 | SentinelBot | INFO | 🚫 ENTRY_BLOCKED | BAD_RR | SUIUSDTM R:R = 1:0.00 < 1:2
2026-02-03 08:37:36,939 | SentinelBot | INFO | 🔍 Scanning PEPEUSDTM...
2026-02-03 08:37:38,127 | SentinelBot | INFO | ✅ HTF CONFIRMED: H1 Trend aligns with SHORT
2026-02-03 08:37:38,127 | SentinelBot | INFO | 🚨 TRADE POTENTIAL: PEPEUSDTM | Rec: ALLOW_TRADE
2026-02-03 08:37:38,129 | SentinelBot | INFO |    Reason: Strong setup (0.73) with confidence (0.65). Regime: TREND_BEAR. Trend score: -0.30, bias: SHORT
2026-02-03 08:37:38,129 | SentinelBot | INFO |    Stats: Qual=0.73 | Conf=0.65 | Dir=SHORT
2026-02-03 08:37:38,129 | SentinelBot | INFO | 🚫 ENTRY_BLOCKED | BAD_RR | PEPEUSDTM R:R = 1:0.00 < 1:2
2026-02-03 08:37:38,130 | SentinelBot | INFO | 🔍 Scanning NEARUSDTM...
2026-02-03 08:37:39,256 | SentinelBot | INFO | ✅ HTF CONFIRMED: H1 Trend aligns with SHORT
2026-02-03 08:37:39,256 | SentinelBot | INFO | 🚨 TRADE POTENTIAL: NEARUSDTM | Rec: ALLOW_TRADE
2026-02-03 08:37:39,257 | SentinelBot | INFO |    Reason: Strong setup (0.78) with confidence (0.70). Regime: TREND_BEAR. Trend score: -0.35, bias: SHORT
2026-02-03 08:37:39,257 | SentinelBot | INFO |    Stats: Qual=0.78 | Conf=0.70 | Dir=SHORT
2026-02-03 08:37:39,258 | SentinelBot | INFO | 🚫 ENTRY_BLOCKED | BAD_RR | NEARUSDTM R:R = 1:0.00 < 1:2
2026-02-03 08:37:39,258 | SentinelBot | INFO | 🔍 Scanning RNDRUSDTM...
2026-02-03 08:37:40,339 | SentinelBot | INFO | ✅ HTF CONFIRMED: H1 Trend aligns with SHORT
2026-02-03 08:37:40,340 | SentinelBot | INFO | 🚨 TRADE POTENTIAL: RNDRUSDTM | Rec: MICRO_TRADE
2026-02-03 08:37:40,340 | SentinelBot | INFO |    Reason: Good setup (0.87) but low confidence (0.52). Regime: RANGE. Trend score: -0.10, bias: SHORT
2026-02-03 08:37:40,340 | SentinelBot | INFO |    Stats: Qual=0.87 | Conf=0.52 | Dir=SHORT
2026-02-03 08:37:40,341 | SentinelBot | INFO | 🚫 ENTRY_BLOCKED | BAD_RR | RNDRUSDTM R:R = 1:0.00 < 1:2
2026-02-03 08:37:40,341 | SentinelBot | INFO | 🔍 Scanning INJUSDTM...
2026-02-03 08:37:41,362 | SentinelBot | INFO | ✅ HTF CONFIRMED: H1 Trend aligns with SHORT
2026-02-03 08:37:41,362 | SentinelBot | INFO | 🚨 TRADE POTENTIAL: INJUSDTM | Rec: ALLOW_TRADE
2026-02-03 08:37:41,362 | SentinelBot | INFO |    Reason: Strong setup (0.82) with confidence (0.66). Regime: BREAKOUT. Trend score: -0.30, bias: SHORT
2026-02-03 08:37:41,365 | SentinelBot | INFO |    Stats: Qual=0.82 | Conf=0.66 | Dir=SHORT
2026-02-03 08:37:41,365 | SentinelBot | INFO | 🚫 ENTRY_BLOCKED | BAD_RR | INJUSDTM R:R = 1:0.00 < 1:2
2026-02-03 08:37:41,366 | SentinelBot | INFO | 🔍 Scanning TIAUSDTM...
2026-02-03 08:37:42,596 | SentinelBot | INFO | ✅ HTF CONFIRMED: H1 Trend aligns with SHORT
2026-02-03 08:37:42,597 | SentinelBot | INFO | 🚨 TRADE POTENTIAL: TIAUSDTM | Rec: ALLOW_TRADE
2026-02-03 08:37:42,597 | SentinelBot | INFO |    Reason: Strong setup (0.89) with confidence (0.78). Regime: BREAKOUT. Trend score: -0.55, bias: SHORT
2026-02-03 08:37:42,597 | SentinelBot | INFO |    Stats: Qual=0.89 | Conf=0.78 | Dir=SHORT
2026-02-03 08:37:42,599 | SentinelBot | INFO | 🚫 ENTRY_BLOCKED | BAD_RR | TIAUSDTM R:R = 1:0.00 < 1:2
2026-02-03 08:37:42,599 | SentinelBot | INFO | 🔍 Scanning IMXUSDTM...
2026-02-03 08:37:43,637 | SentinelBot | INFO | ✅ HTF CONFIRMED: H1 Trend aligns with SHORT
2026-02-03 08:37:43,638 | SentinelBot | INFO | 🚨 TRADE POTENTIAL: IMXUSDTM | Rec: ALLOW_TRADE
2026-02-03 08:37:43,638 | SentinelBot | INFO |    Reason: Strong setup (1.00) with confidence (0.94). Regime: MOMENTUM. Trend score: -0.70, bias: SHORT
2026-02-03 08:37:43,639 | SentinelBot | INFO |    Stats: Qual=1.00 | Conf=0.94 | Dir=SHORT
2026-02-03 08:37:43,639 | SentinelBot | INFO | 🚫 ENTRY_BLOCKED | BAD_RR | IMXUSDTM R:R = 1:0.00 < 1:2
2026-02-03 08:37:43,640 | SentinelBot | INFO | 🔍 Scanning LDOUSDTM...
2026-02-03 08:37:44,669 | SentinelBot | INFO | ✅ HTF CONFIRMED: H1 Trend aligns with SHORT
2026-02-03 08:37:44,669 | SentinelBot | INFO | 🚨 TRADE POTENTIAL: LDOUSDTM | Rec: ALLOW_TRADE
2026-02-03 08:37:44,669 | SentinelBot | INFO |    Reason: Strong setup (0.78) with confidence (0.70). Regime: TREND_BEAR. Trend score: -0.40, bias: SHORT
2026-02-03 08:37:44,671 | SentinelBot | INFO |    Stats: Qual=0.78 | Conf=0.70 | Dir=SHORT
2026-02-03 08:37:44,671 | SentinelBot | INFO | 🚫 ENTRY_BLOCKED | BAD_RR | LDOUSDTM R:R = 1:0.00 < 1:2
2026-02-03 08:37:54,454 | SentinelBot | INFO | 💓 Loop alive | Cycle 640 | Watching 30 symbols
2026-02-03 08:38:09,975 | SentinelBot | INFO | 💓 Loop alive | Cycle 650 | Watching 30 symbols
2026-02-03 08:38:13,490 | SentinelBot | INFO | 🔍 Scanning XBTUSDTM...
2026-02-03 08:38:14,472 | SentinelBot | INFO | ✅ HTF CONFIRMED: H1 Trend aligns with SHORT
2026-02-03 08:38:14,472 | SentinelBot | INFO | 🚨 TRADE POTENTIAL: XBTUSDTM | Rec: MICRO_TRADE
2026-02-03 08:38:14,472 | SentinelBot | INFO |    Reason: Good setup (0.75) but low confidence (0.45). Regime: RANGE. Trend score: -0.10, bias: SHORT
2026-02-03 08:38:14,472 | SentinelBot | INFO |    Stats: Qual=0.76 | Conf=0.45 | Dir=SHORT
2026-02-03 08:38:14,472 | SentinelBot | INFO | ⏳ BIAS_DETECTED | XBTUSDTM SHORT | Waiting for Zone [78600.078606 - 78624.748691]
2026-02-03 08:38:14,472 | SentinelBot | INFO | 🔍 Scanning ETHUSDTM...
2026-02-03 08:38:15,281 | SentinelBot | INFO |    📊 ETHUSDTM: Rec=NO_TRADE (Qual=0.50)
2026-02-03 08:38:15,281 | SentinelBot | INFO | 🔍 Scanning SOLUSDTM...
2026-02-03 08:38:16,315 | SentinelBot | INFO | ✅ HTF CONFIRMED: H1 Trend aligns with SHORT
2026-02-03 08:38:16,315 | SentinelBot | INFO | 🚨 TRADE POTENTIAL: SOLUSDTM | Rec: MICRO_TRADE
2026-02-03 08:38:16,315 | SentinelBot | INFO |    Reason: Good setup (0.70) but low confidence (0.42). Regime: RANGE. Trend score: -0.20, bias: SHORT
2026-02-03 08:38:16,315 | SentinelBot | INFO |    Stats: Qual=0.70 | Conf=0.42 | Dir=SHORT
2026-02-03 08:38:16,315 | SentinelBot | INFO | 🚫 ENTRY_BLOCKED | BAD_RR | SOLUSDTM R:R = 1:0.00 < 1:2
2026-02-03 08:38:16,315 | SentinelBot | INFO | 🔍 Scanning BNBUSDTM...
2026-02-03 08:38:17,378 | SentinelBot | INFO | ✅ HTF CONFIRMED: H1 Trend aligns with SHORT
2026-02-03 08:38:17,379 | SentinelBot | INFO | 🚨 TRADE POTENTIAL: BNBUSDTM | Rec: MICRO_TRADE
2026-02-03 08:38:17,379 | SentinelBot | INFO |    Reason: Good setup (0.67) but low confidence (0.40). Regime: RANGE. Trend score: -0.20, bias: SHORT
2026-02-03 08:38:17,379 | SentinelBot | INFO |    Stats: Qual=0.67 | Conf=0.40 | Dir=SHORT
2026-02-03 08:38:17,380 | SentinelBot | INFO | 🚫 ENTRY_BLOCKED | BAD_RR | BNBUSDTM R:R = 1:2.00 < 1:2
2026-02-03 08:38:17,381 | SentinelBot | INFO | 🔍 Scanning XRPUSDTM...
2026-02-03 08:38:18,415 | SentinelBot | INFO | ✅ HTF CONFIRMED: H1 Trend aligns with SHORT
2026-02-03 08:38:18,416 | SentinelBot | INFO | 🚨 TRADE POTENTIAL: XRPUSDTM | Rec: ALLOW_TRADE
2026-02-03 08:38:18,416 | SentinelBot | INFO |    Reason: Strong setup (0.79) with confidence (0.71). Regime: TREND_BEAR. Trend score: -0.30, bias: SHORT
2026-02-03 08:38:18,416 | SentinelBot | INFO |    Stats: Qual=0.79 | Conf=0.71 | Dir=SHORT
2026-02-03 08:38:18,416 | SentinelBot | INFO | 🚫 ENTRY_BLOCKED | BAD_RR | XRPUSDTM R:R = 1:0.00 < 1:2
2026-02-03 08:38:18,417 | SentinelBot | INFO | 🔍 Scanning ADAUSDTM...
2026-02-03 08:38:19,464 | SentinelBot | INFO | ✅ HTF CONFIRMED: H1 Trend aligns with SHORT
2026-02-03 08:38:19,465 | SentinelBot | INFO | 🚨 TRADE POTENTIAL: ADAUSDTM | Rec: MICRO_TRADE
2026-02-03 08:38:19,465 | SentinelBot | INFO |    Reason: Good setup (0.70) but low confidence (0.42). Regime: RANGE. Trend score: -0.20, bias: SHORT
2026-02-03 08:38:19,465 | SentinelBot | INFO |    Stats: Qual=0.70 | Conf=0.42 | Dir=SHORT
2026-02-03 08:38:19,466 | SentinelBot | INFO | 🚫 ENTRY_BLOCKED | BAD_RR | ADAUSDTM R:R = 1:0.00 < 1:2
2026-02-03 08:38:19,466 | SentinelBot | INFO | 🔍 Scanning DOGEUSDTM...
2026-02-03 08:38:20,504 | SentinelBot | INFO | ✅ HTF CONFIRMED: H1 Trend aligns with SHORT
2026-02-03 08:38:20,505 | SentinelBot | INFO | 🚨 TRADE POTENTIAL: DOGEUSDTM | Rec: ALLOW_TRADE
2026-02-03 08:38:20,505 | SentinelBot | INFO |    Reason: Strong setup (0.77) with confidence (0.62). Regime: BREAKOUT. Trend score: -0.20, bias: SHORT
2026-02-03 08:38:20,505 | SentinelBot | INFO |    Stats: Qual=0.77 | Conf=0.62 | Dir=SHORT
2026-02-03 08:38:20,506 | SentinelBot | INFO | 🚫 ENTRY_BLOCKED | BAD_RR | DOGEUSDTM R:R = 1:0.00 < 1:2
2026-02-03 08:38:20,506 | SentinelBot | INFO | 🔍 Scanning AVAXUSDTM...
2026-02-03 08:38:21,534 | SentinelBot | INFO | ✅ HTF CONFIRMED: H1 Trend aligns with SHORT
2026-02-03 08:38:21,534 | SentinelBot | INFO | 🚨 TRADE POTENTIAL: AVAXUSDTM | Rec: MICRO_TRADE
2026-02-03 08:38:21,535 | SentinelBot | INFO |    Reason: Good setup (0.73) but low confidence (0.44). Regime: RANGE. Trend score: -0.25, bias: SHORT
2026-02-03 08:38:21,535 | SentinelBot | INFO |    Stats: Qual=0.73 | Conf=0.44 | Dir=SHORT
2026-02-03 08:38:21,537 | SentinelBot | INFO | 🚫 ENTRY_BLOCKED | BAD_RR | AVAXUSDTM R:R = 1:0.00 < 1:2
2026-02-03 08:38:21,537 | SentinelBot | INFO | 🔍 Scanning LINKUSDTM...
2026-02-03 08:38:22,758 | SentinelBot | INFO | ✅ HTF CONFIRMED: H1 Trend aligns with SHORT
2026-02-03 08:38:22,758 | SentinelBot | INFO | 🚨 TRADE POTENTIAL: LINKUSDTM | Rec: ALLOW_TRADE
2026-02-03 08:38:22,758 | SentinelBot | INFO |    Reason: Strong setup (0.75) with confidence (0.60). Regime: BREAKOUT. Trend score: -0.15, bias: SHORT
2026-02-03 08:38:22,759 | SentinelBot | INFO |    Stats: Qual=0.75 | Conf=0.60 | Dir=SHORT
2026-02-03 08:38:22,759 | SentinelBot | INFO | 🚫 ENTRY_BLOCKED | BAD_RR | LINKUSDTM R:R = 1:0.00 < 1:2
2026-02-03 08:38:22,759 | SentinelBot | INFO | 🔍 Scanning DOTUSDTM...
2026-02-03 08:38:23,753 | SentinelBot | INFO | ✅ HTF CONFIRMED: H1 Trend aligns with SHORT
2026-02-03 08:38:23,754 | SentinelBot | INFO | 🚨 TRADE POTENTIAL: DOTUSDTM | Rec: ALLOW_TRADE
2026-02-03 08:38:23,754 | SentinelBot | INFO |    Reason: Strong setup (1.00) with confidence (0.90). Regime: TREND_BEAR. Trend score: -0.30, bias: SHORT
2026-02-03 08:38:23,754 | SentinelBot | INFO |    Stats: Qual=1.00 | Conf=0.90 | Dir=SHORT
2026-02-03 08:38:23,755 | SentinelBot | INFO | 🚫 ENTRY_BLOCKED | BAD_RR | DOTUSDTM R:R = 1:0.00 < 1:2
2026-02-03 08:38:23,755 | SentinelBot | INFO | 🔍 Scanning TRXUSDTM...
2026-02-03 08:38:24,716 | SentinelBot | INFO |    📊 TRXUSDTM: Rec=NO_TRADE (Qual=0.41)
2026-02-03 08:38:24,717 | SentinelBot | INFO | 🔍 Scanning LTCUSDTM...
2026-02-03 08:38:25,733 | SentinelBot | INFO | ✅ HTF CONFIRMED: H1 Trend aligns with SHORT
2026-02-03 08:38:25,734 | SentinelBot | INFO | 🚨 TRADE POTENTIAL: LTCUSDTM | Rec: MICRO_TRADE
2026-02-03 08:38:25,735 | SentinelBot | INFO |    Reason: Good setup (0.64) but low confidence (0.39). Regime: RANGE. Trend score: -0.10, bias: SHORT
2026-02-03 08:38:25,735 | SentinelBot | INFO |    Stats: Qual=0.64 | Conf=0.39 | Dir=SHORT
2026-02-03 08:38:25,736 | SentinelBot | INFO | 🚫 ENTRY_BLOCKED | BAD_RR | LTCUSDTM R:R = 1:0.00 < 1:2
2026-02-03 08:38:25,736 | SentinelBot | INFO | 🔍 Scanning MATICUSDTM...
2026-02-03 08:38:26,762 | SentinelBot | INFO | 🛑 HTF MISMATCH: MATICUSDTM Signal LONG vs Bear Trend. Blocked (Conf 0.39 < 0.80)
2026-02-03 08:38:26,763 | SentinelBot | INFO | 🔍 Scanning SHIBUSDTM...
2026-02-03 08:38:27,817 | SentinelBot | INFO | ✅ HTF CONFIRMED: H1 Trend aligns with SHORT
2026-02-03 08:38:27,818 | SentinelBot | INFO | 🚨 TRADE POTENTIAL: SHIBUSDTM | Rec: MICRO_TRADE
2026-02-03 08:38:27,818 | SentinelBot | INFO |    Reason: Good setup (0.70) but low confidence (0.42). Regime: RANGE. Trend score: -0.20, bias: SHORT
2026-02-03 08:38:27,819 | SentinelBot | INFO |    Stats: Qual=0.70 | Conf=0.42 | Dir=SHORT
2026-02-03 08:38:27,819 | SentinelBot | INFO | 🚫 ENTRY_BLOCKED | BAD_RR | SHIBUSDTM R:R = 1:0.00 < 1:2
2026-02-03 08:38:27,820 | SentinelBot | INFO | 🔍 Scanning UNIUSDTM...
2026-02-03 08:38:28,852 | SentinelBot | INFO | ✅ HTF CONFIRMED: H1 Trend aligns with SHORT
2026-02-03 08:38:28,852 | SentinelBot | INFO | 🚨 TRADE POTENTIAL: UNIUSDTM | Rec: MICRO_TRADE
2026-02-03 08:38:28,853 | SentinelBot | INFO |    Reason: Good setup (0.74) but low confidence (0.44). Regime: RANGE. Trend score: -0.20, bias: SHORT
2026-02-03 08:38:28,853 | SentinelBot | INFO |    Stats: Qual=0.74 | Conf=0.44 | Dir=SHORT
2026-02-03 08:38:28,853 | SentinelBot | INFO | 🚫 ENTRY_BLOCKED | BAD_RR | UNIUSDTM R:R = 1:0.00 < 1:2
2026-02-03 08:38:28,854 | SentinelBot | INFO | 🔍 Scanning ATOMUSDTM...
2026-02-03 08:38:29,926 | SentinelBot | INFO | ✅ HTF CONFIRMED: H1 Trend aligns with SHORT
2026-02-03 08:38:29,926 | SentinelBot | INFO | 🚨 TRADE POTENTIAL: ATOMUSDTM | Rec: ALLOW_TRADE
2026-02-03 08:38:29,926 | SentinelBot | INFO |    Reason: Strong setup (0.70) with confidence (0.66). Regime: MOMENTUM. Trend score: -0.55, bias: SHORT
2026-02-03 08:38:29,926 | SentinelBot | INFO |    Stats: Qual=0.70 | Conf=0.66 | Dir=SHORT
2026-02-03 08:38:29,927 | SentinelBot | INFO | 🚫 ENTRY_BLOCKED | BAD_RR | ATOMUSDTM R:R = 1:0.00 < 1:2
2026-02-03 08:38:29,928 | SentinelBot | INFO | 🔍 Scanning XLMUSDTM...
2026-02-03 08:38:30,934 | SentinelBot | INFO | ✅ HTF CONFIRMED: H1 Trend aligns with SHORT
2026-02-03 08:38:30,935 | SentinelBot | INFO | 🚨 TRADE POTENTIAL: XLMUSDTM | Rec: ALLOW_TRADE
2026-02-03 08:38:30,936 | SentinelBot | INFO |    Reason: Strong setup (0.81) with confidence (0.76). Regime: MOMENTUM. Trend score: -0.80, bias: SHORT
2026-02-03 08:38:30,936 | SentinelBot | INFO |    Stats: Qual=0.81 | Conf=0.76 | Dir=SHORT
2026-02-03 08:38:30,937 | SentinelBot | INFO | 🚫 ENTRY_BLOCKED | BAD_RR | XLMUSDTM R:R = 1:0.00 < 1:2
2026-02-03 08:38:30,937 | SentinelBot | INFO | 🔍 Scanning ETCUSDTM...
2026-02-03 08:38:32,118 | SentinelBot | INFO | ✅ HTF CONFIRMED: H1 Trend aligns with SHORT
2026-02-03 08:38:32,119 | SentinelBot | INFO | 🚨 TRADE POTENTIAL: ETCUSDTM | Rec: ALLOW_TRADE
2026-02-03 08:38:32,119 | SentinelBot | INFO |    Reason: Strong setup (0.90) with confidence (0.72). Regime: BREAKOUT. Trend score: -0.45, bias: SHORT
2026-02-03 08:38:32,120 | SentinelBot | INFO |    Stats: Qual=0.90 | Conf=0.72 | Dir=SHORT
2026-02-03 08:38:32,120 | SentinelBot | INFO | 🚫 ENTRY_BLOCKED | BAD_RR | ETCUSDTM R:R = 1:0.00 < 1:2
2026-02-03 08:38:32,120 | SentinelBot | INFO | 🔍 Scanning FILUSDTM...
2026-02-03 08:38:33,182 | SentinelBot | INFO | ✅ HTF CONFIRMED: H1 Trend aligns with SHORT
2026-02-03 08:38:33,182 | SentinelBot | INFO | 🚨 TRADE POTENTIAL: FILUSDTM | Rec: ALLOW_TRADE
2026-02-03 08:38:33,183 | SentinelBot | INFO |    Reason: Strong setup (0.84) with confidence (0.71). Regime: MOMENTUM. Trend score: -0.45, bias: SHORT
2026-02-03 08:38:33,183 | SentinelBot | INFO |    Stats: Qual=0.83 | Conf=0.71 | Dir=SHORT
2026-02-03 08:38:33,184 | SentinelBot | INFO | 🚫 ENTRY_BLOCKED | BAD_RR | FILUSDTM R:R = 1:0.00 < 1:2
2026-02-03 08:38:33,184 | SentinelBot | INFO | 🔍 Scanning APTUSDTM...
2026-02-03 08:38:34,211 | SentinelBot | INFO | ✅ HTF CONFIRMED: H1 Trend aligns with SHORT
2026-02-03 08:38:34,211 | SentinelBot | INFO | 🚨 TRADE POTENTIAL: APTUSDTM | Rec: ALLOW_TRADE
2026-02-03 08:38:34,212 | SentinelBot | INFO |    Reason: Strong setup (0.92) with confidence (0.78). Regime: MOMENTUM. Trend score: -0.50, bias: SHORT
2026-02-03 08:38:34,212 | SentinelBot | INFO |    Stats: Qual=0.92 | Conf=0.78 | Dir=SHORT
2026-02-03 08:38:34,212 | SentinelBot | INFO | 🚫 ENTRY_BLOCKED | BAD_RR | APTUSDTM R:R = 1:0.00 < 1:2
2026-02-03 08:38:34,213 | SentinelBot | INFO | 🔍 Scanning ARBUSDTM...
2026-02-03 08:38:35,271 | SentinelBot | INFO | ✅ HTF CONFIRMED: H1 Trend aligns with SHORT
2026-02-03 08:38:35,271 | SentinelBot | INFO | 🚨 TRADE POTENTIAL: ARBUSDTM | Rec: MICRO_TRADE
2026-02-03 08:38:35,277 | SentinelBot | INFO |    Reason: Good setup (0.78) but low confidence (0.47). Regime: RANGE. Trend score: -0.30, bias: SHORT
2026-02-03 08:38:35,277 | SentinelBot | INFO |    Stats: Qual=0.78 | Conf=0.47 | Dir=SHORT
2026-02-03 08:38:35,278 | SentinelBot | INFO | 🚫 ENTRY_BLOCKED | BAD_RR | ARBUSDTM R:R = 1:0.00 < 1:2
2026-02-03 08:38:35,278 | SentinelBot | INFO | 🔍 Scanning OPUSDTM...
2026-02-03 08:38:36,293 | SentinelBot | INFO | ✅ HTF CONFIRMED: H1 Trend aligns with SHORT
2026-02-03 08:38:36,294 | SentinelBot | INFO | 🚨 TRADE POTENTIAL: OPUSDTM | Rec: ALLOW_TRADE
2026-02-03 08:38:36,295 | SentinelBot | INFO |    Reason: Strong setup (0.77) with confidence (0.69). Regime: TREND_BEAR. Trend score: -0.35, bias: SHORT
2026-02-03 08:38:36,295 | SentinelBot | INFO |    Stats: Qual=0.77 | Conf=0.69 | Dir=SHORT
2026-02-03 08:38:36,295 | SentinelBot | INFO | 🚫 ENTRY_BLOCKED | BAD_RR | OPUSDTM R:R = 1:0.00 < 1:2
2026-02-03 08:38:36,295 | SentinelBot | INFO | 🔍 Scanning SUIUSDTM...
2026-02-03 08:38:37,374 | SentinelBot | INFO | ✅ HTF CONFIRMED: H1 Trend aligns with SHORT
2026-02-03 08:38:37,374 | SentinelBot | INFO | 🚨 TRADE POTENTIAL: SUIUSDTM | Rec: ALLOW_TRADE
2026-02-03 08:38:37,374 | SentinelBot | INFO |    Reason: Strong setup (0.84) with confidence (0.67). Regime: BREAKOUT. Trend score: -0.40, bias: SHORT
2026-02-03 08:38:37,377 | SentinelBot | INFO |    Stats: Qual=0.84 | Conf=0.67 | Dir=SHORT
2026-02-03 08:38:37,377 | SentinelBot | INFO | 🚫 ENTRY_BLOCKED | BAD_RR | SUIUSDTM R:R = 1:0.00 < 1:2
2026-02-03 08:38:37,378 | SentinelBot | INFO | 🔍 Scanning PEPEUSDTM...
2026-02-03 08:38:38,368 | SentinelBot | INFO | ✅ HTF CONFIRMED: H1 Trend aligns with SHORT
2026-02-03 08:38:38,368 | SentinelBot | INFO | 🚨 TRADE POTENTIAL: PEPEUSDTM | Rec: ALLOW_TRADE
2026-02-03 08:38:38,368 | SentinelBot | INFO |    Reason: Strong setup (0.73) with confidence (0.65). Regime: TREND_BEAR. Trend score: -0.30, bias: SHORT
2026-02-03 08:38:38,370 | SentinelBot | INFO |    Stats: Qual=0.73 | Conf=0.65 | Dir=SHORT
2026-02-03 08:38:38,370 | SentinelBot | INFO | 🚫 ENTRY_BLOCKED | BAD_RR | PEPEUSDTM R:R = 1:0.00 < 1:2
2026-02-03 08:38:38,370 | SentinelBot | INFO | 🔍 Scanning NEARUSDTM...
2026-02-03 08:38:39,350 | SentinelBot | INFO | ✅ HTF CONFIRMED: H1 Trend aligns with SHORT
2026-02-03 08:38:39,351 | SentinelBot | INFO | 🚨 TRADE POTENTIAL: NEARUSDTM | Rec: ALLOW_TRADE
2026-02-03 08:38:39,352 | SentinelBot | INFO |    Reason: Strong setup (0.78) with confidence (0.70). Regime: TREND_BEAR. Trend score: -0.35, bias: SHORT
2026-02-03 08:38:39,352 | SentinelBot | INFO |    Stats: Qual=0.78 | Conf=0.70 | Dir=SHORT
2026-02-03 08:38:39,353 | SentinelBot | INFO | 🚫 ENTRY_BLOCKED | BAD_RR | NEARUSDTM R:R = 1:0.00 < 1:2
2026-02-03 08:38:39,353 | SentinelBot | INFO | 🔍 Scanning RNDRUSDTM...
2026-02-03 08:38:40,424 | SentinelBot | INFO | ✅ HTF CONFIRMED: H1 Trend aligns with SHORT
2026-02-03 08:38:40,426 | SentinelBot | INFO | 🚨 TRADE POTENTIAL: RNDRUSDTM | Rec: MICRO_TRADE
2026-02-03 08:38:40,426 | SentinelBot | INFO |    Reason: Good setup (0.87) but low confidence (0.52). Regime: RANGE. Trend score: -0.10, bias: SHORT
2026-02-03 08:38:40,426 | SentinelBot | INFO |    Stats: Qual=0.87 | Conf=0.52 | Dir=SHORT
2026-02-03 08:38:40,427 | SentinelBot | INFO | 🚫 ENTRY_BLOCKED | BAD_RR | RNDRUSDTM R:R = 1:0.00 < 1:2
2026-02-03 08:38:40,427 | SentinelBot | INFO | 🔍 Scanning INJUSDTM...
2026-02-03 08:38:41,489 | SentinelBot | INFO | ✅ HTF CONFIRMED: H1 Trend aligns with SHORT
2026-02-03 08:38:41,493 | SentinelBot | INFO | 🚨 TRADE POTENTIAL: INJUSDTM | Rec: ALLOW_TRADE
2026-02-03 08:38:41,493 | SentinelBot | INFO |    Reason: Strong setup (0.82) with confidence (0.66). Regime: BREAKOUT. Trend score: -0.30, bias: SHORT
2026-02-03 08:38:41,493 | SentinelBot | INFO |    Stats: Qual=0.82 | Conf=0.66 | Dir=SHORT
2026-02-03 08:38:41,493 | SentinelBot | INFO | 🚫 ENTRY_BLOCKED | BAD_RR | INJUSDTM R:R = 1:0.00 < 1:2
2026-02-03 08:38:41,495 | SentinelBot | INFO | 🔍 Scanning TIAUSDTM...
2026-02-03 08:38:42,553 | SentinelBot | INFO | ✅ HTF CONFIRMED: H1 Trend aligns with SHORT
2026-02-03 08:38:42,554 | SentinelBot | INFO | 🚨 TRADE POTENTIAL: TIAUSDTM | Rec: ALLOW_TRADE
2026-02-03 08:38:42,554 | SentinelBot | INFO |    Reason: Strong setup (0.89) with confidence (0.78). Regime: BREAKOUT. Trend score: -0.55, bias: SHORT
2026-02-03 08:38:42,554 | SentinelBot | INFO |    Stats: Qual=0.89 | Conf=0.78 | Dir=SHORT
2026-02-03 08:38:42,555 | SentinelBot | INFO | 🚫 ENTRY_BLOCKED | BAD_RR | TIAUSDTM R:R = 1:0.00 < 1:2
2026-02-03 08:38:42,555 | SentinelBot | INFO | 🔍 Scanning IMXUSDTM...
2026-02-03 08:38:43,585 | SentinelBot | INFO | ✅ HTF CONFIRMED: H1 Trend aligns with SHORT
2026-02-03 08:38:43,587 | SentinelBot | INFO | 🚨 TRADE POTENTIAL: IMXUSDTM | Rec: ALLOW_TRADE
2026-02-03 08:38:43,587 | SentinelBot | INFO |    Reason: Strong setup (1.00) with confidence (0.94). Regime: MOMENTUM. Trend score: -0.70, bias: SHORT
2026-02-03 08:38:43,587 | SentinelBot | INFO |    Stats: Qual=1.00 | Conf=0.94 | Dir=SHORT
2026-02-03 08:38:43,588 | SentinelBot | INFO | 🚫 ENTRY_BLOCKED | BAD_RR | IMXUSDTM R:R = 1:0.00 < 1:2
2026-02-03 08:38:43,588 | SentinelBot | INFO | 🔍 Scanning LDOUSDTM...
2026-02-03 08:38:44,599 | SentinelBot | INFO | ✅ HTF CONFIRMED: H1 Trend aligns with SHORT
2026-02-03 08:38:44,599 | SentinelBot | INFO | 🚨 TRADE POTENTIAL: LDOUSDTM | Rec: ALLOW_TRADE
2026-02-03 08:38:44,600 | SentinelBot | INFO |    Reason: Strong setup (0.78) with confidence (0.70). Regime: TREND_BEAR. Trend score: -0.40, bias: SHORT
2026-02-03 08:38:44,600 | SentinelBot | INFO |    Stats: Qual=0.78 | Conf=0.70 | Dir=SHORT
2026-02-03 08:38:44,600 | SentinelBot | INFO | 🚫 ENTRY_BLOCKED | BAD_RR | LDOUSDTM R:R = 1:0.00 < 1:2
2026-02-03 08:38:59,301 | SentinelBot | INFO | 💓 Loop alive | Cycle 660 | Watching 30 symbols
2026-02-03 08:39:14,286 | SentinelBot | INFO | 💓 Loop alive | Cycle 670 | Watching 30 symbols
2026-02-03 08:39:14,821 | SentinelBot | INFO | 🔍 Scanning XBTUSDTM...
2026-02-03 08:39:15,831 | SentinelBot | INFO | ✅ HTF CONFIRMED: H1 Trend aligns with SHORT
2026-02-03 08:39:15,831 | SentinelBot | INFO | 🚨 TRADE POTENTIAL: XBTUSDTM | Rec: MICRO_TRADE
2026-02-03 08:39:15,831 | SentinelBot | INFO |    Reason: Good setup (0.75) but low confidence (0.45). Regime: RANGE. Trend score: -0.10, bias: SHORT
2026-02-03 08:39:15,831 | SentinelBot | INFO |    Stats: Qual=0.76 | Conf=0.45 | Dir=SHORT
2026-02-03 08:39:15,832 | SentinelBot | INFO | ⏳ BIAS_DETECTED | XBTUSDTM SHORT | Waiting for Zone [78600.078606 - 78624.748691]
2026-02-03 08:39:15,833 | SentinelBot | INFO | 🔍 Scanning ETHUSDTM...
2026-02-03 08:39:16,621 | SentinelBot | INFO |    📊 ETHUSDTM: Rec=NO_TRADE (Qual=0.50)
2026-02-03 08:39:16,623 | SentinelBot | INFO | 🔍 Scanning SOLUSDTM...
2026-02-03 08:39:17,794 | SentinelBot | INFO | ✅ HTF CONFIRMED: H1 Trend aligns with SHORT
2026-02-03 08:39:17,795 | SentinelBot | INFO | 🚨 TRADE POTENTIAL: SOLUSDTM | Rec: MICRO_TRADE
2026-02-03 08:39:17,795 | SentinelBot | INFO |    Reason: Good setup (0.70) but low confidence (0.42). Regime: RANGE. Trend score: -0.20, bias: SHORT
2026-02-03 08:39:17,796 | SentinelBot | INFO |    Stats: Qual=0.70 | Conf=0.42 | Dir=SHORT
2026-02-03 08:39:17,796 | SentinelBot | INFO | 🚫 ENTRY_BLOCKED | BAD_RR | SOLUSDTM R:R = 1:0.00 < 1:2
2026-02-03 08:39:17,797 | SentinelBot | INFO | 🔍 Scanning BNBUSDTM...
2026-02-03 08:39:18,828 | SentinelBot | INFO | ✅ HTF CONFIRMED: H1 Trend aligns with SHORT
2026-02-03 08:39:18,829 | SentinelBot | INFO | 🚨 TRADE POTENTIAL: BNBUSDTM | Rec: MICRO_TRADE
2026-02-03 08:39:18,829 | SentinelBot | INFO |    Reason: Good setup (0.67) but low confidence (0.40). Regime: RANGE. Trend score: -0.20, bias: SHORT
2026-02-03 08:39:18,829 | SentinelBot | INFO |    Stats: Qual=0.67 | Conf=0.40 | Dir=SHORT
2026-02-03 08:39:18,830 | SentinelBot | INFO | 🚫 ENTRY_BLOCKED | BAD_RR | BNBUSDTM R:R = 1:2.00 < 1:2
2026-02-03 08:39:18,830 | SentinelBot | INFO | 🔍 Scanning XRPUSDTM...
2026-02-03 08:39:19,922 | SentinelBot | INFO | ✅ HTF CONFIRMED: H1 Trend aligns with SHORT
2026-02-03 08:39:19,922 | SentinelBot | INFO | 🚨 TRADE POTENTIAL: XRPUSDTM | Rec: ALLOW_TRADE
2026-02-03 08:39:19,923 | SentinelBot | INFO |    Reason: Strong setup (0.79) with confidence (0.71). Regime: TREND_BEAR. Trend score: -0.30, bias: SHORT
2026-02-03 08:39:19,923 | SentinelBot | INFO |    Stats: Qual=0.79 | Conf=0.71 | Dir=SHORT
2026-02-03 08:39:19,923 | SentinelBot | INFO | 🚫 ENTRY_BLOCKED | BAD_RR | XRPUSDTM R:R = 1:0.00 < 1:2
2026-02-03 08:39:19,924 | SentinelBot | INFO | 🔍 Scanning ADAUSDTM...
2026-02-03 08:39:21,056 | SentinelBot | INFO | ✅ HTF CONFIRMED: H1 Trend aligns with SHORT
2026-02-03 08:39:21,056 | SentinelBot | INFO | 🚨 TRADE POTENTIAL: ADAUSDTM | Rec: MICRO_TRADE
2026-02-03 08:39:21,056 | SentinelBot | INFO |    Reason: Good setup (0.70) but low confidence (0.42). Regime: RANGE. Trend score: -0.20, bias: SHORT
2026-02-03 08:39:21,056 | SentinelBot | INFO |    Stats: Qual=0.70 | Conf=0.42 | Dir=SHORT
2026-02-03 08:39:21,058 | SentinelBot | INFO | 🚫 ENTRY_BLOCKED | BAD_RR | ADAUSDTM R:R = 1:0.00 < 1:2
2026-02-03 08:39:21,058 | SentinelBot | INFO | 🔍 Scanning DOGEUSDTM...
2026-02-03 08:39:22,067 | SentinelBot | INFO | ✅ HTF CONFIRMED: H1 Trend aligns with SHORT
2026-02-03 08:39:22,067 | SentinelBot | INFO | 🚨 TRADE POTENTIAL: DOGEUSDTM | Rec: ALLOW_TRADE
2026-02-03 08:39:22,067 | SentinelBot | INFO |    Reason: Strong setup (0.77) with confidence (0.62). Regime: BREAKOUT. Trend score: -0.20, bias: SHORT
2026-02-03 08:39:22,067 | SentinelBot | INFO |    Stats: Qual=0.77 | Conf=0.62 | Dir=SHORT
2026-02-03 08:39:22,067 | SentinelBot | INFO | 🚫 ENTRY_BLOCKED | BAD_RR | DOGEUSDTM R:R = 1:0.00 < 1:2
2026-02-03 08:39:22,070 | SentinelBot | INFO | 🔍 Scanning AVAXUSDTM...
2026-02-03 08:39:23,061 | SentinelBot | INFO | ✅ HTF CONFIRMED: H1 Trend aligns with SHORT
2026-02-03 08:39:23,061 | SentinelBot | INFO | 🚨 TRADE POTENTIAL: AVAXUSDTM | Rec: MICRO_TRADE
2026-02-03 08:39:23,061 | SentinelBot | INFO |    Reason: Good setup (0.73) but low confidence (0.44). Regime: RANGE. Trend score: -0.25, bias: SHORT
2026-02-03 08:39:23,062 | SentinelBot | INFO |    Stats: Qual=0.73 | Conf=0.44 | Dir=SHORT
2026-02-03 08:39:23,062 | SentinelBot | INFO | 🚫 ENTRY_BLOCKED | BAD_RR | AVAXUSDTM R:R = 1:0.00 < 1:2
2026-02-03 08:39:23,063 | SentinelBot | INFO | 🔍 Scanning LINKUSDTM...
2026-02-03 08:39:24,087 | SentinelBot | INFO | ✅ HTF CONFIRMED: H1 Trend aligns with SHORT
2026-02-03 08:39:24,087 | SentinelBot | INFO | 🚨 TRADE POTENTIAL: LINKUSDTM | Rec: ALLOW_TRADE
2026-02-03 08:39:24,088 | SentinelBot | INFO |    Reason: Strong setup (0.75) with confidence (0.60). Regime: BREAKOUT. Trend score: -0.15, bias: SHORT
2026-02-03 08:39:24,088 | SentinelBot | INFO |    Stats: Qual=0.75 | Conf=0.60 | Dir=SHORT
2026-02-03 08:39:24,089 | SentinelBot | INFO | 🚫 ENTRY_BLOCKED | BAD_RR | LINKUSDTM R:R = 1:0.00 < 1:2
2026-02-03 08:39:24,089 | SentinelBot | INFO | 🔍 Scanning DOTUSDTM...
2026-02-03 08:39:25,177 | SentinelBot | INFO | ✅ HTF CONFIRMED: H1 Trend aligns with SHORT
2026-02-03 08:39:25,177 | SentinelBot | INFO | 🚨 TRADE POTENTIAL: DOTUSDTM | Rec: ALLOW_TRADE
2026-02-03 08:39:25,179 | SentinelBot | INFO |    Reason: Strong setup (1.00) with confidence (0.90). Regime: TREND_BEAR. Trend score: -0.30, bias: SHORT
2026-02-03 08:39:25,180 | SentinelBot | INFO |    Stats: Qual=1.00 | Conf=0.90 | Dir=SHORT
2026-02-03 08:39:25,180 | SentinelBot | INFO | 🚫 ENTRY_BLOCKED | BAD_RR | DOTUSDTM R:R = 1:0.00 < 1:2
2026-02-03 08:39:25,180 | SentinelBot | INFO | 🔍 Scanning TRXUSDTM...
2026-02-03 08:39:26,169 | SentinelBot | INFO |    📊 TRXUSDTM: Rec=NO_TRADE (Qual=0.41)
2026-02-03 08:39:26,170 | SentinelBot | INFO | 🔍 Scanning LTCUSDTM...
2026-02-03 08:39:27,338 | SentinelBot | INFO | ✅ HTF CONFIRMED: H1 Trend aligns with SHORT
2026-02-03 08:39:27,338 | SentinelBot | INFO | 🚨 TRADE POTENTIAL: LTCUSDTM | Rec: MICRO_TRADE
2026-02-03 08:39:27,338 | SentinelBot | INFO |    Reason: Good setup (0.64) but low confidence (0.39). Regime: RANGE. Trend score: -0.10, bias: SHORT
2026-02-03 08:39:27,338 | SentinelBot | INFO |    Stats: Qual=0.64 | Conf=0.39 | Dir=SHORT
2026-02-03 08:39:27,340 | SentinelBot | INFO | 🚫 ENTRY_BLOCKED | BAD_RR | LTCUSDTM R:R = 1:0.00 < 1:2
2026-02-03 08:39:27,340 | SentinelBot | INFO | 🔍 Scanning MATICUSDTM...
2026-02-03 08:39:28,367 | SentinelBot | INFO | 🛑 HTF MISMATCH: MATICUSDTM Signal LONG vs Bear Trend. Blocked (Conf 0.39 < 0.80)
2026-02-03 08:39:28,370 | SentinelBot | INFO | 🔍 Scanning SHIBUSDTM...
2026-02-03 08:39:29,417 | SentinelBot | INFO | ✅ HTF CONFIRMED: H1 Trend aligns with SHORT
2026-02-03 08:39:29,417 | SentinelBot | INFO | 🚨 TRADE POTENTIAL: SHIBUSDTM | Rec: MICRO_TRADE
2026-02-03 08:39:29,417 | SentinelBot | INFO |    Reason: Good setup (0.70) but low confidence (0.42). Regime: RANGE. Trend score: -0.20, bias: SHORT
2026-02-03 08:39:29,418 | SentinelBot | INFO |    Stats: Qual=0.70 | Conf=0.42 | Dir=SHORT
2026-02-03 08:39:29,418 | SentinelBot | INFO | 🚫 ENTRY_BLOCKED | BAD_RR | SHIBUSDTM R:R = 1:0.00 < 1:2
2026-02-03 08:39:29,418 | SentinelBot | INFO | 🔍 Scanning UNIUSDTM...
2026-02-03 08:39:30,448 | SentinelBot | INFO | ✅ HTF CONFIRMED: H1 Trend aligns with SHORT
2026-02-03 08:39:30,448 | SentinelBot | INFO | 🚨 TRADE POTENTIAL: UNIUSDTM | Rec: MICRO_TRADE
2026-02-03 08:39:30,449 | SentinelBot | INFO |    Reason: Good setup (0.74) but low confidence (0.44). Regime: RANGE. Trend score: -0.20, bias: SHORT
2026-02-03 08:39:30,449 | SentinelBot | INFO |    Stats: Qual=0.74 | Conf=0.44 | Dir=SHORT
2026-02-03 08:39:30,449 | SentinelBot | INFO | 🚫 ENTRY_BLOCKED | BAD_RR | UNIUSDTM R:R = 1:0.00 < 1:2
2026-02-03 08:39:30,450 | SentinelBot | INFO | 🔍 Scanning ATOMUSDTM...
2026-02-03 08:39:31,518 | SentinelBot | INFO | ✅ HTF CONFIRMED: H1 Trend aligns with SHORT
2026-02-03 08:39:31,518 | SentinelBot | INFO | 🚨 TRADE POTENTIAL: ATOMUSDTM | Rec: ALLOW_TRADE
2026-02-03 08:39:31,519 | SentinelBot | INFO |    Reason: Strong setup (0.70) with confidence (0.66). Regime: MOMENTUM. Trend score: -0.55, bias: SHORT
2026-02-03 08:39:31,519 | SentinelBot | INFO |    Stats: Qual=0.70 | Conf=0.66 | Dir=SHORT
2026-02-03 08:39:31,519 | SentinelBot | INFO | 🚫 ENTRY_BLOCKED | BAD_RR | ATOMUSDTM R:R = 1:0.00 < 1:2
2026-02-03 08:39:31,519 | SentinelBot | INFO | 🔍 Scanning XLMUSDTM...
2026-02-03 08:39:32,532 | SentinelBot | INFO | ✅ HTF CONFIRMED: H1 Trend aligns with SHORT
2026-02-03 08:39:32,533 | SentinelBot | INFO | 🚨 TRADE POTENTIAL: XLMUSDTM | Rec: ALLOW_TRADE
2026-02-03 08:39:32,533 | SentinelBot | INFO |    Reason: Strong setup (0.81) with confidence (0.76). Regime: MOMENTUM. Trend score: -0.80, bias: SHORT
2026-02-03 08:39:32,533 | SentinelBot | INFO |    Stats: Qual=0.81 | Conf=0.76 | Dir=SHORT
2026-02-03 08:39:32,534 | SentinelBot | INFO | 🚫 ENTRY_BLOCKED | BAD_RR | XLMUSDTM R:R = 1:0.00 < 1:2
2026-02-03 08:39:32,534 | SentinelBot | INFO | 🔍 Scanning ETCUSDTM...
2026-02-03 08:39:33,554 | SentinelBot | INFO | ✅ HTF CONFIRMED: H1 Trend aligns with SHORT
2026-02-03 08:39:33,554 | SentinelBot | INFO | 🚨 TRADE POTENTIAL: ETCUSDTM | Rec: ALLOW_TRADE
2026-02-03 08:39:33,554 | SentinelBot | INFO |    Reason: Strong setup (0.90) with confidence (0.72). Regime: BREAKOUT. Trend score: -0.45, bias: SHORT
2026-02-03 08:39:33,561 | SentinelBot | INFO |    Stats: Qual=0.90 | Conf=0.72 | Dir=SHORT
2026-02-03 08:39:33,561 | SentinelBot | INFO | 🚫 ENTRY_BLOCKED | BAD_RR | ETCUSDTM R:R = 1:0.00 < 1:2
2026-02-03 08:39:33,562 | SentinelBot | INFO | 🔍 Scanning FILUSDTM...
2026-02-03 08:39:34,739 | SentinelBot | INFO | ✅ HTF CONFIRMED: H1 Trend aligns with SHORT
2026-02-03 08:39:34,739 | SentinelBot | INFO | 🚨 TRADE POTENTIAL: FILUSDTM | Rec: ALLOW_TRADE
2026-02-03 08:39:34,739 | SentinelBot | INFO |    Reason: Strong setup (0.84) with confidence (0.71). Regime: MOMENTUM. Trend score: -0.45, bias: SHORT
2026-02-03 08:39:34,741 | SentinelBot | INFO |    Stats: Qual=0.83 | Conf=0.71 | Dir=SHORT
2026-02-03 08:39:34,741 | SentinelBot | INFO | 🚫 ENTRY_BLOCKED | BAD_RR | FILUSDTM R:R = 1:0.00 < 1:2
2026-02-03 08:39:34,741 | SentinelBot | INFO | 🔍 Scanning APTUSDTM...
2026-02-03 08:39:35,801 | SentinelBot | INFO | ✅ HTF CONFIRMED: H1 Trend aligns with SHORT
2026-02-03 08:39:35,801 | SentinelBot | INFO | 🚨 TRADE POTENTIAL: APTUSDTM | Rec: ALLOW_TRADE
2026-02-03 08:39:35,802 | SentinelBot | INFO |    Reason: Strong setup (0.92) with confidence (0.78). Regime: MOMENTUM. Trend score: -0.50, bias: SHORT
2026-02-03 08:39:35,802 | SentinelBot | INFO |    Stats: Qual=0.92 | Conf=0.78 | Dir=SHORT
2026-02-03 08:39:35,803 | SentinelBot | INFO | 🚫 ENTRY_BLOCKED | BAD_RR | APTUSDTM R:R = 1:0.00 < 1:2
2026-02-03 08:39:35,804 | SentinelBot | INFO | 🔍 Scanning ARBUSDTM...
2026-02-03 08:39:36,836 | SentinelBot | INFO | ✅ HTF CONFIRMED: H1 Trend aligns with SHORT
2026-02-03 08:39:36,838 | SentinelBot | INFO | 🚨 TRADE POTENTIAL: ARBUSDTM | Rec: MICRO_TRADE
2026-02-03 08:39:36,838 | SentinelBot | INFO |    Reason: Good setup (0.78) but low confidence (0.47). Regime: RANGE. Trend score: -0.30, bias: SHORT
2026-02-03 08:39:36,838 | SentinelBot | INFO |    Stats: Qual=0.78 | Conf=0.47 | Dir=SHORT
2026-02-03 08:39:36,838 | SentinelBot | INFO | 🚫 ENTRY_BLOCKED | BAD_RR | ARBUSDTM R:R = 1:0.00 < 1:2
2026-02-03 08:39:36,840 | SentinelBot | INFO | 🔍 Scanning OPUSDTM...
2026-02-03 08:39:37,845 | SentinelBot | INFO | ✅ HTF CONFIRMED: H1 Trend aligns with SHORT
2026-02-03 08:39:37,845 | SentinelBot | INFO | 🚨 TRADE POTENTIAL: OPUSDTM | Rec: ALLOW_TRADE
2026-02-03 08:39:37,846 | SentinelBot | INFO |    Reason: Strong setup (0.77) with confidence (0.69). Regime: TREND_BEAR. Trend score: -0.35, bias: SHORT
2026-02-03 08:39:37,846 | SentinelBot | INFO |    Stats: Qual=0.77 | Conf=0.69 | Dir=SHORT
2026-02-03 08:39:37,847 | SentinelBot | INFO | 🚫 ENTRY_BLOCKED | BAD_RR | OPUSDTM R:R = 1:0.00 < 1:2
2026-02-03 08:39:37,847 | SentinelBot | INFO | 🔍 Scanning SUIUSDTM...
2026-02-03 08:39:38,881 | SentinelBot | INFO | ✅ HTF CONFIRMED: H1 Trend aligns with SHORT
2026-02-03 08:39:38,883 | SentinelBot | INFO | 🚨 TRADE POTENTIAL: SUIUSDTM | Rec: ALLOW_TRADE
2026-02-03 08:39:38,883 | SentinelBot | INFO |    Reason: Strong setup (0.84) with confidence (0.67). Regime: BREAKOUT. Trend score: -0.40, bias: SHORT
2026-02-03 08:39:38,883 | SentinelBot | INFO |    Stats: Qual=0.84 | Conf=0.67 | Dir=SHORT
2026-02-03 08:39:38,884 | SentinelBot | INFO | 🚫 ENTRY_BLOCKED | BAD_RR | SUIUSDTM R:R = 1:0.00 < 1:2
2026-02-03 08:39:38,885 | SentinelBot | INFO | 🔍 Scanning PEPEUSDTM...
2026-02-03 08:39:39,871 | SentinelBot | INFO | ✅ HTF CONFIRMED: H1 Trend aligns with SHORT
2026-02-03 08:39:39,871 | SentinelBot | INFO | 🚨 TRADE POTENTIAL: PEPEUSDTM | Rec: ALLOW_TRADE
2026-02-03 08:39:39,871 | SentinelBot | INFO |    Reason: Strong setup (0.73) with confidence (0.65). Regime: TREND_BEAR. Trend score: -0.30, bias: SHORT
2026-02-03 08:39:39,871 | SentinelBot | INFO |    Stats: Qual=0.73 | Conf=0.65 | Dir=SHORT
2026-02-03 08:39:39,876 | SentinelBot | INFO | 🚫 ENTRY_BLOCKED | BAD_RR | PEPEUSDTM R:R = 1:0.00 < 1:2
2026-02-03 08:39:39,877 | SentinelBot | INFO | 🔍 Scanning NEARUSDTM...
2026-02-03 08:39:40,977 | SentinelBot | INFO | ✅ HTF CONFIRMED: H1 Trend aligns with SHORT
2026-02-03 08:39:40,977 | SentinelBot | INFO | 🚨 TRADE POTENTIAL: NEARUSDTM | Rec: ALLOW_TRADE
2026-02-03 08:39:40,977 | SentinelBot | INFO |    Reason: Strong setup (0.78) with confidence (0.70). Regime: TREND_BEAR. Trend score: -0.35, bias: SHORT
2026-02-03 08:39:40,979 | SentinelBot | INFO |    Stats: Qual=0.78 | Conf=0.70 | Dir=SHORT
2026-02-03 08:39:40,979 | SentinelBot | INFO | 🚫 ENTRY_BLOCKED | BAD_RR | NEARUSDTM R:R = 1:0.00 < 1:2
2026-02-03 08:39:40,980 | SentinelBot | INFO | 🔍 Scanning RNDRUSDTM...
2026-02-03 08:39:42,005 | SentinelBot | INFO | ✅ HTF CONFIRMED: H1 Trend aligns with SHORT
2026-02-03 08:39:42,005 | SentinelBot | INFO | 🚨 TRADE POTENTIAL: RNDRUSDTM | Rec: MICRO_TRADE
2026-02-03 08:39:42,005 | SentinelBot | INFO |    Reason: Good setup (0.87) but low confidence (0.52). Regime: RANGE. Trend score: -0.10, bias: SHORT
2026-02-03 08:39:42,006 | SentinelBot | INFO |    Stats: Qual=0.87 | Conf=0.52 | Dir=SHORT
2026-02-03 08:39:42,006 | SentinelBot | INFO | 🚫 ENTRY_BLOCKED | BAD_RR | RNDRUSDTM R:R = 1:0.00 < 1:2
2026-02-03 08:39:42,007 | SentinelBot | INFO | 🔍 Scanning INJUSDTM...
2026-02-03 08:39:43,079 | SentinelBot | INFO | ✅ HTF CONFIRMED: H1 Trend aligns with SHORT
2026-02-03 08:39:43,080 | SentinelBot | INFO | 🚨 TRADE POTENTIAL: INJUSDTM | Rec: ALLOW_TRADE
2026-02-03 08:39:43,080 | SentinelBot | INFO |    Reason: Strong setup (0.82) with confidence (0.66). Regime: BREAKOUT. Trend score: -0.30, bias: SHORT
2026-02-03 08:39:43,080 | SentinelBot | INFO |    Stats: Qual=0.82 | Conf=0.66 | Dir=SHORT
2026-02-03 08:39:43,081 | SentinelBot | INFO | 🚫 ENTRY_BLOCKED | BAD_RR | INJUSDTM R:R = 1:0.00 < 1:2
2026-02-03 08:39:43,081 | SentinelBot | INFO | 🔍 Scanning TIAUSDTM...
2026-02-03 08:39:44,118 | SentinelBot | INFO | ✅ HTF CONFIRMED: H1 Trend aligns with SHORT
2026-02-03 08:39:44,118 | SentinelBot | INFO | 🚨 TRADE POTENTIAL: TIAUSDTM | Rec: ALLOW_TRADE
2026-02-03 08:39:44,119 | SentinelBot | INFO |    Reason: Strong setup (0.89) with confidence (0.78). Regime: BREAKOUT. Trend score: -0.55, bias: SHORT
2026-02-03 08:39:44,119 | SentinelBot | INFO |    Stats: Qual=0.89 | Conf=0.78 | Dir=SHORT
2026-02-03 08:39:44,119 | SentinelBot | INFO | 🚫 ENTRY_BLOCKED | BAD_RR | TIAUSDTM R:R = 1:0.00 < 1:2
2026-02-03 08:39:44,120 | SentinelBot | INFO | 🔍 Scanning IMXUSDTM...
2026-02-03 08:39:45,194 | SentinelBot | INFO | ✅ HTF CONFIRMED: H1 Trend aligns with SHORT
2026-02-03 08:39:45,196 | SentinelBot | INFO | 🚨 TRADE POTENTIAL: IMXUSDTM | Rec: ALLOW_TRADE
2026-02-03 08:39:45,196 | SentinelBot | INFO |    Reason: Strong setup (1.00) with confidence (0.94). Regime: MOMENTUM. Trend score: -0.70, bias: SHORT
2026-02-03 08:39:45,197 | SentinelBot | INFO |    Stats: Qual=1.00 | Conf=0.94 | Dir=SHORT
2026-02-03 08:39:45,197 | SentinelBot | INFO | 🚫 ENTRY_BLOCKED | BAD_RR | IMXUSDTM R:R = 1:0.00 < 1:2
2026-02-03 08:39:45,198 | SentinelBot | INFO | 🔍 Scanning LDOUSDTM...
2026-02-03 08:39:46,280 | SentinelBot | INFO | ✅ HTF CONFIRMED: H1 Trend aligns with SHORT
2026-02-03 08:39:46,280 | SentinelBot | INFO | 🚨 TRADE POTENTIAL: LDOUSDTM | Rec: ALLOW_TRADE
2026-02-03 08:39:46,281 | SentinelBot | INFO |    Reason: Strong setup (0.78) with confidence (0.70). Regime: TREND_BEAR. Trend score: -0.40, bias: SHORT
2026-02-03 08:39:46,281 | SentinelBot | INFO |    Stats: Qual=0.78 | Conf=0.70 | Dir=SHORT
2026-02-03 08:39:46,281 | SentinelBot | INFO | 🚫 ENTRY_BLOCKED | BAD_RR | LDOUSDTM R:R = 1:0.00 < 1:2
2026-02-03 08:40:03,885 | SentinelBot | INFO | 💓 Loop alive | Cycle 680 | Watching 30 symbols
2026-02-03 08:40:15,213 | SentinelBot | INFO | 🔍 Scanning XBTUSDTM...
2026-02-03 08:40:16,264 | SentinelBot | INFO | ✅ HTF CONFIRMED: H1 Trend aligns with SHORT
2026-02-03 08:40:16,265 | SentinelBot | INFO | 🚨 TRADE POTENTIAL: XBTUSDTM | Rec: MICRO_TRADE
2026-02-03 08:40:16,265 | SentinelBot | INFO |    Reason: Good setup (0.75) but low confidence (0.45). Regime: RANGE. Trend score: -0.10, bias: SHORT
2026-02-03 08:40:16,265 | SentinelBot | INFO |    Stats: Qual=0.76 | Conf=0.45 | Dir=SHORT
2026-02-03 08:40:16,266 | SentinelBot | INFO | ⏳ BIAS_DETECTED | XBTUSDTM SHORT | Waiting for Zone [78600.078606 - 78624.748691]
2026-02-03 08:40:16,267 | SentinelBot | INFO | 🔍 Scanning ETHUSDTM...
2026-02-03 08:40:17,092 | SentinelBot | INFO |    📊 ETHUSDTM: Rec=NO_TRADE (Qual=0.50)
2026-02-03 08:40:17,092 | SentinelBot | INFO | 🔍 Scanning SOLUSDTM...
2026-02-03 08:40:18,111 | SentinelBot | INFO | ✅ HTF CONFIRMED: H1 Trend aligns with SHORT
2026-02-03 08:40:18,111 | SentinelBot | INFO | 🚨 TRADE POTENTIAL: SOLUSDTM | Rec: MICRO_TRADE
2026-02-03 08:40:18,111 | SentinelBot | INFO |    Reason: Good setup (0.70) but low confidence (0.42). Regime: RANGE. Trend score: -0.20, bias: SHORT
2026-02-03 08:40:18,112 | SentinelBot | INFO |    Stats: Qual=0.70 | Conf=0.42 | Dir=SHORT
2026-02-03 08:40:18,112 | SentinelBot | INFO | 🚫 ENTRY_BLOCKED | BAD_RR | SOLUSDTM R:R = 1:0.00 < 1:2
2026-02-03 08:40:18,113 | SentinelBot | INFO | 🔍 Scanning BNBUSDTM...
2026-02-03 08:40:19,188 | SentinelBot | INFO | ✅ HTF CONFIRMED: H1 Trend aligns with SHORT
2026-02-03 08:40:19,189 | SentinelBot | INFO | 🚨 TRADE POTENTIAL: BNBUSDTM | Rec: MICRO_TRADE
2026-02-03 08:40:19,189 | SentinelBot | INFO |    Reason: Good setup (0.67) but low confidence (0.40). Regime: RANGE. Trend score: -0.20, bias: SHORT
2026-02-03 08:40:19,189 | SentinelBot | INFO |    Stats: Qual=0.67 | Conf=0.40 | Dir=SHORT
2026-02-03 08:40:19,190 | SentinelBot | INFO | 🚫 ENTRY_BLOCKED | BAD_RR | BNBUSDTM R:R = 1:2.00 < 1:2
2026-02-03 08:40:19,190 | SentinelBot | INFO | 🔍 Scanning XRPUSDTM...
2026-02-03 08:40:20,209 | SentinelBot | INFO | ✅ HTF CONFIRMED: H1 Trend aligns with SHORT
2026-02-03 08:40:20,209 | SentinelBot | INFO | 🚨 TRADE POTENTIAL: XRPUSDTM | Rec: ALLOW_TRADE
2026-02-03 08:40:20,211 | SentinelBot | INFO |    Reason: Strong setup (0.79) with confidence (0.71). Regime: TREND_BEAR. Trend score: -0.30, bias: SHORT
2026-02-03 08:40:20,212 | SentinelBot | INFO |    Stats: Qual=0.79 | Conf=0.71 | Dir=SHORT
2026-02-03 08:40:20,212 | SentinelBot | INFO | 🚫 ENTRY_BLOCKED | BAD_RR | XRPUSDTM R:R = 1:0.00 < 1:2
2026-02-03 08:40:20,212 | SentinelBot | INFO | 🔍 Scanning ADAUSDTM...
2026-02-03 08:40:21,241 | SentinelBot | INFO | ✅ HTF CONFIRMED: H1 Trend aligns with SHORT
2026-02-03 08:40:21,243 | SentinelBot | INFO | 🚨 TRADE POTENTIAL: ADAUSDTM | Rec: MICRO_TRADE
2026-02-03 08:40:21,243 | SentinelBot | INFO |    Reason: Good setup (0.70) but low confidence (0.42). Regime: RANGE. Trend score: -0.20, bias: SHORT
2026-02-03 08:40:21,243 | SentinelBot | INFO |    Stats: Qual=0.70 | Conf=0.42 | Dir=SHORT
2026-02-03 08:40:21,243 | SentinelBot | INFO | 🚫 ENTRY_BLOCKED | BAD_RR | ADAUSDTM R:R = 1:0.00 < 1:2
2026-02-03 08:40:21,243 | SentinelBot | INFO | 🔍 Scanning DOGEUSDTM...
2026-02-03 08:40:22,299 | SentinelBot | INFO | ✅ HTF CONFIRMED: H1 Trend aligns with SHORT
2026-02-03 08:40:22,303 | SentinelBot | INFO | 🚨 TRADE POTENTIAL: DOGEUSDTM | Rec: ALLOW_TRADE
2026-02-03 08:40:22,303 | SentinelBot | INFO |    Reason: Strong setup (0.77) with confidence (0.62). Regime: BREAKOUT. Trend score: -0.20, bias: SHORT
2026-02-03 08:40:22,303 | SentinelBot | INFO |    Stats: Qual=0.77 | Conf=0.62 | Dir=SHORT
2026-02-03 08:40:22,303 | SentinelBot | INFO | 🚫 ENTRY_BLOCKED | BAD_RR | DOGEUSDTM R:R = 1:0.00 < 1:2
2026-02-03 08:40:22,303 | SentinelBot | INFO | 🔍 Scanning AVAXUSDTM...
2026-02-03 08:40:23,369 | SentinelBot | INFO | ✅ HTF CONFIRMED: H1 Trend aligns with SHORT
2026-02-03 08:40:23,369 | SentinelBot | INFO | 🚨 TRADE POTENTIAL: AVAXUSDTM | Rec: MICRO_TRADE
2026-02-03 08:40:23,370 | SentinelBot | INFO |    Reason: Good setup (0.73) but low confidence (0.44). Regime: RANGE. Trend score: -0.25, bias: SHORT
2026-02-03 08:40:23,370 | SentinelBot | INFO |    Stats: Qual=0.73 | Conf=0.44 | Dir=SHORT
2026-02-03 08:40:23,371 | SentinelBot | INFO | 🚫 ENTRY_BLOCKED | BAD_RR | AVAXUSDTM R:R = 1:0.00 < 1:2
2026-02-03 08:40:23,371 | SentinelBot | INFO | 🔍 Scanning LINKUSDTM...
2026-02-03 08:40:24,455 | SentinelBot | INFO | ✅ HTF CONFIRMED: H1 Trend aligns with SHORT
2026-02-03 08:40:24,455 | SentinelBot | INFO | 🚨 TRADE POTENTIAL: LINKUSDTM | Rec: ALLOW_TRADE
2026-02-03 08:40:24,457 | SentinelBot | INFO |    Reason: Strong setup (0.75) with confidence (0.60). Regime: BREAKOUT. Trend score: -0.15, bias: SHORT
2026-02-03 08:40:24,457 | SentinelBot | INFO |    Stats: Qual=0.75 | Conf=0.60 | Dir=SHORT
2026-02-03 08:40:24,458 | SentinelBot | INFO | 🚫 ENTRY_BLOCKED | BAD_RR | LINKUSDTM R:R = 1:0.00 < 1:2
2026-02-03 08:40:24,459 | SentinelBot | INFO | 🔍 Scanning DOTUSDTM...
2026-02-03 08:40:25,633 | SentinelBot | INFO | ✅ HTF CONFIRMED: H1 Trend aligns with SHORT
2026-02-03 08:40:25,637 | SentinelBot | INFO | 🚨 TRADE POTENTIAL: DOTUSDTM | Rec: ALLOW_TRADE
2026-02-03 08:40:25,637 | SentinelBot | INFO |    Reason: Strong setup (1.00) with confidence (0.90). Regime: TREND_BEAR. Trend score: -0.30, bias: SHORT
2026-02-03 08:40:25,637 | SentinelBot | INFO |    Stats: Qual=1.00 | Conf=0.90 | Dir=SHORT
2026-02-03 08:40:25,637 | SentinelBot | INFO | 🚫 ENTRY_BLOCKED | BAD_RR | DOTUSDTM R:R = 1:0.00 < 1:2
2026-02-03 08:40:25,637 | SentinelBot | INFO | 🔍 Scanning TRXUSDTM...
2026-02-03 08:40:26,492 | SentinelBot | INFO |    📊 TRXUSDTM: Rec=NO_TRADE (Qual=0.41)
2026-02-03 08:40:26,492 | SentinelBot | INFO | 🔍 Scanning LTCUSDTM...
2026-02-03 08:40:27,521 | SentinelBot | INFO | ✅ HTF CONFIRMED: H1 Trend aligns with SHORT
2026-02-03 08:40:27,521 | SentinelBot | INFO | 🚨 TRADE POTENTIAL: LTCUSDTM | Rec: MICRO_TRADE
2026-02-03 08:40:27,521 | SentinelBot | INFO |    Reason: Good setup (0.64) but low confidence (0.39). Regime: RANGE. Trend score: -0.10, bias: SHORT
2026-02-03 08:40:27,523 | SentinelBot | INFO |    Stats: Qual=0.64 | Conf=0.39 | Dir=SHORT
2026-02-03 08:40:27,524 | SentinelBot | INFO | 🚫 ENTRY_BLOCKED | BAD_RR | LTCUSDTM R:R = 1:0.00 < 1:2
2026-02-03 08:40:27,524 | SentinelBot | INFO | 🔍 Scanning MATICUSDTM...
2026-02-03 08:40:28,589 | SentinelBot | INFO | 🛑 HTF MISMATCH: MATICUSDTM Signal LONG vs Bear Trend. Blocked (Conf 0.39 < 0.80)
2026-02-03 08:40:28,590 | SentinelBot | INFO | 🔍 Scanning SHIBUSDTM...
2026-02-03 08:40:29,639 | SentinelBot | INFO | ✅ HTF CONFIRMED: H1 Trend aligns with SHORT
2026-02-03 08:40:29,640 | SentinelBot | INFO | 🚨 TRADE POTENTIAL: SHIBUSDTM | Rec: MICRO_TRADE
2026-02-03 08:40:29,640 | SentinelBot | INFO |    Reason: Good setup (0.70) but low confidence (0.42). Regime: RANGE. Trend score: -0.20, bias: SHORT
2026-02-03 08:40:29,641 | SentinelBot | INFO |    Stats: Qual=0.70 | Conf=0.42 | Dir=SHORT
2026-02-03 08:40:29,641 | SentinelBot | INFO | 🚫 ENTRY_BLOCKED | BAD_RR | SHIBUSDTM R:R = 1:0.00 < 1:2
2026-02-03 08:40:29,642 | SentinelBot | INFO | 🔍 Scanning UNIUSDTM...
2026-02-03 08:40:30,892 | SentinelBot | INFO | ✅ HTF CONFIRMED: H1 Trend aligns with SHORT
2026-02-03 08:40:30,893 | SentinelBot | INFO | 🚨 TRADE POTENTIAL: UNIUSDTM | Rec: MICRO_TRADE
2026-02-03 08:40:30,893 | SentinelBot | INFO |    Reason: Good setup (0.74) but low confidence (0.44). Regime: RANGE. Trend score: -0.20, bias: SHORT
2026-02-03 08:40:30,893 | SentinelBot | INFO |    Stats: Qual=0.74 | Conf=0.44 | Dir=SHORT
2026-02-03 08:40:30,894 | SentinelBot | INFO | 🚫 ENTRY_BLOCKED | BAD_RR | UNIUSDTM R:R = 1:0.00 < 1:2
2026-02-03 08:40:30,894 | SentinelBot | INFO | 🔍 Scanning ATOMUSDTM...
2026-02-03 08:40:31,910 | SentinelBot | INFO | ✅ HTF CONFIRMED: H1 Trend aligns with SHORT
2026-02-03 08:40:31,912 | SentinelBot | INFO | 🚨 TRADE POTENTIAL: ATOMUSDTM | Rec: ALLOW_TRADE
2026-02-03 08:40:31,912 | SentinelBot | INFO |    Reason: Strong setup (0.70) with confidence (0.66). Regime: MOMENTUM. Trend score: -0.55, bias: SHORT
2026-02-03 08:40:31,912 | SentinelBot | INFO |    Stats: Qual=0.70 | Conf=0.66 | Dir=SHORT
2026-02-03 08:40:31,913 | SentinelBot | INFO | 🚫 ENTRY_BLOCKED | BAD_RR | ATOMUSDTM R:R = 1:0.00 < 1:2
2026-02-03 08:40:31,913 | SentinelBot | INFO | 🔍 Scanning XLMUSDTM...
2026-02-03 08:40:32,973 | SentinelBot | INFO | ✅ HTF CONFIRMED: H1 Trend aligns with SHORT
2026-02-03 08:40:32,973 | SentinelBot | INFO | 🚨 TRADE POTENTIAL: XLMUSDTM | Rec: ALLOW_TRADE
2026-02-03 08:40:32,973 | SentinelBot | INFO |    Reason: Strong setup (0.81) with confidence (0.76). Regime: MOMENTUM. Trend score: -0.80, bias: SHORT
2026-02-03 08:40:32,973 | SentinelBot | INFO |    Stats: Qual=0.81 | Conf=0.76 | Dir=SHORT
2026-02-03 08:40:32,974 | SentinelBot | INFO | 🚫 ENTRY_BLOCKED | BAD_RR | XLMUSDTM R:R = 1:0.00 < 1:2
2026-02-03 08:40:32,974 | SentinelBot | INFO | 🔍 Scanning ETCUSDTM...
2026-02-03 08:40:34,061 | SentinelBot | INFO | ✅ HTF CONFIRMED: H1 Trend aligns with SHORT
2026-02-03 08:40:34,062 | SentinelBot | INFO | 🚨 TRADE POTENTIAL: ETCUSDTM | Rec: ALLOW_TRADE
2026-02-03 08:40:34,062 | SentinelBot | INFO |    Reason: Strong setup (0.90) with confidence (0.72). Regime: BREAKOUT. Trend score: -0.45, bias: SHORT
2026-02-03 08:40:34,062 | SentinelBot | INFO |    Stats: Qual=0.90 | Conf=0.72 | Dir=SHORT
2026-02-03 08:40:34,063 | SentinelBot | INFO | 🚫 ENTRY_BLOCKED | BAD_RR | ETCUSDTM R:R = 1:0.00 < 1:2
2026-02-03 08:40:34,063 | SentinelBot | INFO | 🔍 Scanning FILUSDTM...
2026-02-03 08:40:35,074 | SentinelBot | INFO | ✅ HTF CONFIRMED: H1 Trend aligns with SHORT
2026-02-03 08:40:35,074 | SentinelBot | INFO | 🚨 TRADE POTENTIAL: FILUSDTM | Rec: ALLOW_TRADE
2026-02-03 08:40:35,075 | SentinelBot | INFO |    Reason: Strong setup (0.84) with confidence (0.71). Regime: MOMENTUM. Trend score: -0.45, bias: SHORT
2026-02-03 08:40:35,075 | SentinelBot | INFO |    Stats: Qual=0.83 | Conf=0.71 | Dir=SHORT
2026-02-03 08:40:35,075 | SentinelBot | INFO | 🚫 ENTRY_BLOCKED | BAD_RR | FILUSDTM R:R = 1:0.00 < 1:2
2026-02-03 08:40:35,077 | SentinelBot | INFO | 🔍 Scanning APTUSDTM...
2026-02-03 08:40:36,119 | SentinelBot | INFO | ✅ HTF CONFIRMED: H1 Trend aligns with SHORT
2026-02-03 08:40:36,120 | SentinelBot | INFO | 🚨 TRADE POTENTIAL: APTUSDTM | Rec: ALLOW_TRADE
2026-02-03 08:40:36,120 | SentinelBot | INFO |    Reason: Strong setup (0.92) with confidence (0.78). Regime: MOMENTUM. Trend score: -0.50, bias: SHORT
2026-02-03 08:40:36,120 | SentinelBot | INFO |    Stats: Qual=0.92 | Conf=0.78 | Dir=SHORT
2026-02-03 08:40:36,121 | SentinelBot | INFO | 🚫 ENTRY_BLOCKED | BAD_RR | APTUSDTM R:R = 1:0.00 < 1:2
2026-02-03 08:40:36,121 | SentinelBot | INFO | 🔍 Scanning ARBUSDTM...
2026-02-03 08:40:37,117 | SentinelBot | INFO | ✅ HTF CONFIRMED: H1 Trend aligns with SHORT
2026-02-03 08:40:37,117 | SentinelBot | INFO | 🚨 TRADE POTENTIAL: ARBUSDTM | Rec: MICRO_TRADE
2026-02-03 08:40:37,119 | SentinelBot | INFO |    Reason: Good setup (0.78) but low confidence (0.47). Regime: RANGE. Trend score: -0.30, bias: SHORT
2026-02-03 08:40:37,119 | SentinelBot | INFO |    Stats: Qual=0.78 | Conf=0.47 | Dir=SHORT
2026-02-03 08:40:37,119 | SentinelBot | INFO | 🚫 ENTRY_BLOCKED | BAD_RR | ARBUSDTM R:R = 1:0.00 < 1:2
2026-02-03 08:40:37,119 | SentinelBot | INFO | 🔍 Scanning OPUSDTM...
2026-02-03 08:40:38,156 | SentinelBot | INFO | ✅ HTF CONFIRMED: H1 Trend aligns with SHORT
2026-02-03 08:40:38,156 | SentinelBot | INFO | 🚨 TRADE POTENTIAL: OPUSDTM | Rec: ALLOW_TRADE
2026-02-03 08:40:38,156 | SentinelBot | INFO |    Reason: Strong setup (0.77) with confidence (0.69). Regime: TREND_BEAR. Trend score: -0.35, bias: SHORT
2026-02-03 08:40:38,156 | SentinelBot | INFO |    Stats: Qual=0.77 | Conf=0.69 | Dir=SHORT
2026-02-03 08:40:38,156 | SentinelBot | INFO | 🚫 ENTRY_BLOCKED | BAD_RR | OPUSDTM R:R = 1:0.00 < 1:2
2026-02-03 08:40:38,156 | SentinelBot | INFO | 🔍 Scanning SUIUSDTM...
2026-02-03 08:40:39,209 | SentinelBot | INFO | ✅ HTF CONFIRMED: H1 Trend aligns with SHORT
2026-02-03 08:40:39,209 | SentinelBot | INFO | 🚨 TRADE POTENTIAL: SUIUSDTM | Rec: ALLOW_TRADE
2026-02-03 08:40:39,210 | SentinelBot | INFO |    Reason: Strong setup (0.84) with confidence (0.67). Regime: BREAKOUT. Trend score: -0.40, bias: SHORT
2026-02-03 08:40:39,210 | SentinelBot | INFO |    Stats: Qual=0.84 | Conf=0.67 | Dir=SHORT
2026-02-03 08:40:39,210 | SentinelBot | INFO | 🚫 ENTRY_BLOCKED | BAD_RR | SUIUSDTM R:R = 1:0.00 < 1:2
2026-02-03 08:40:39,212 | SentinelBot | INFO | 🔍 Scanning PEPEUSDTM...
2026-02-03 08:40:40,326 | SentinelBot | INFO | ✅ HTF CONFIRMED: H1 Trend aligns with SHORT
2026-02-03 08:40:40,326 | SentinelBot | INFO | 🚨 TRADE POTENTIAL: PEPEUSDTM | Rec: ALLOW_TRADE
2026-02-03 08:40:40,326 | SentinelBot | INFO |    Reason: Strong setup (0.73) with confidence (0.65). Regime: TREND_BEAR. Trend score: -0.30, bias: SHORT
2026-02-03 08:40:40,326 | SentinelBot | INFO |    Stats: Qual=0.73 | Conf=0.65 | Dir=SHORT
2026-02-03 08:40:40,327 | SentinelBot | INFO | 🚫 ENTRY_BLOCKED | BAD_RR | PEPEUSDTM R:R = 1:0.00 < 1:2
2026-02-03 08:40:40,327 | SentinelBot | INFO | 🔍 Scanning NEARUSDTM...
2026-02-03 08:40:41,374 | SentinelBot | INFO | ✅ HTF CONFIRMED: H1 Trend aligns with SHORT
2026-02-03 08:40:41,377 | SentinelBot | INFO | 🚨 TRADE POTENTIAL: NEARUSDTM | Rec: ALLOW_TRADE
2026-02-03 08:40:41,377 | SentinelBot | INFO |    Reason: Strong setup (0.78) with confidence (0.70). Regime: TREND_BEAR. Trend score: -0.35, bias: SHORT
2026-02-03 08:40:41,377 | SentinelBot | INFO |    Stats: Qual=0.78 | Conf=0.70 | Dir=SHORT
2026-02-03 08:40:41,379 | SentinelBot | INFO | 🚫 ENTRY_BLOCKED | BAD_RR | NEARUSDTM R:R = 1:0.00 < 1:2
2026-02-03 08:40:41,380 | SentinelBot | INFO | 🔍 Scanning RNDRUSDTM...
2026-02-03 08:40:42,428 | SentinelBot | INFO | ✅ HTF CONFIRMED: H1 Trend aligns with SHORT
2026-02-03 08:40:42,428 | SentinelBot | INFO | 🚨 TRADE POTENTIAL: RNDRUSDTM | Rec: MICRO_TRADE
2026-02-03 08:40:42,428 | SentinelBot | INFO |    Reason: Good setup (0.87) but low confidence (0.52). Regime: RANGE. Trend score: -0.10, bias: SHORT
2026-02-03 08:40:42,428 | SentinelBot | INFO |    Stats: Qual=0.87 | Conf=0.52 | Dir=SHORT
2026-02-03 08:40:42,430 | SentinelBot | INFO | 🚫 ENTRY_BLOCKED | BAD_RR | RNDRUSDTM R:R = 1:0.00 < 1:2
2026-02-03 08:40:42,431 | SentinelBot | INFO | 🔍 Scanning INJUSDTM...
2026-02-03 08:40:43,533 | SentinelBot | INFO | ✅ HTF CONFIRMED: H1 Trend aligns with SHORT
2026-02-03 08:40:43,533 | SentinelBot | INFO | 🚨 TRADE POTENTIAL: INJUSDTM | Rec: ALLOW_TRADE
2026-02-03 08:40:43,534 | SentinelBot | INFO |    Reason: Strong setup (0.82) with confidence (0.66). Regime: BREAKOUT. Trend score: -0.30, bias: SHORT
2026-02-03 08:40:43,534 | SentinelBot | INFO |    Stats: Qual=0.82 | Conf=0.66 | Dir=SHORT
2026-02-03 08:40:43,535 | SentinelBot | INFO | 🚫 ENTRY_BLOCKED | BAD_RR | INJUSDTM R:R = 1:0.00 < 1:2
2026-02-03 08:40:43,535 | SentinelBot | INFO | 🔍 Scanning TIAUSDTM...
2026-02-03 08:40:44,591 | SentinelBot | INFO | ✅ HTF CONFIRMED: H1 Trend aligns with SHORT
2026-02-03 08:40:44,591 | SentinelBot | INFO | 🚨 TRADE POTENTIAL: TIAUSDTM | Rec: ALLOW_TRADE
2026-02-03 08:40:44,591 | SentinelBot | INFO |    Reason: Strong setup (0.89) with confidence (0.78). Regime: BREAKOUT. Trend score: -0.55, bias: SHORT
2026-02-03 08:40:44,592 | SentinelBot | INFO |    Stats: Qual=0.89 | Conf=0.78 | Dir=SHORT
2026-02-03 08:40:44,593 | SentinelBot | INFO | 🚫 ENTRY_BLOCKED | BAD_RR | TIAUSDTM R:R = 1:0.00 < 1:2
2026-02-03 08:40:44,593 | SentinelBot | INFO | 🔍 Scanning IMXUSDTM...
2026-02-03 08:40:45,642 | SentinelBot | INFO | ✅ HTF CONFIRMED: H1 Trend aligns with SHORT
2026-02-03 08:40:45,643 | SentinelBot | INFO | 🚨 TRADE POTENTIAL: IMXUSDTM | Rec: ALLOW_TRADE
2026-02-03 08:40:45,644 | SentinelBot | INFO |    Reason: Strong setup (1.00) with confidence (0.94). Regime: MOMENTUM. Trend score: -0.70, bias: SHORT
2026-02-03 08:40:45,644 | SentinelBot | INFO |    Stats: Qual=1.00 | Conf=0.94 | Dir=SHORT
2026-02-03 08:40:45,645 | SentinelBot | INFO | 🚫 ENTRY_BLOCKED | BAD_RR | IMXUSDTM R:R = 1:0.00 < 1:2
2026-02-03 08:40:45,645 | SentinelBot | INFO | 🔍 Scanning LDOUSDTM...
2026-02-03 08:40:46,660 | SentinelBot | INFO | ✅ HTF CONFIRMED: H1 Trend aligns with SHORT
2026-02-03 08:40:46,661 | SentinelBot | INFO | 🚨 TRADE POTENTIAL: LDOUSDTM | Rec: ALLOW_TRADE
2026-02-03 08:40:46,662 | SentinelBot | INFO |    Reason: Strong setup (0.78) with confidence (0.70). Regime: TREND_BEAR. Trend score: -0.40, bias: SHORT
2026-02-03 08:40:46,663 | SentinelBot | INFO |    Stats: Qual=0.78 | Conf=0.70 | Dir=SHORT
2026-02-03 08:40:46,663 | SentinelBot | INFO | 🚫 ENTRY_BLOCKED | BAD_RR | LDOUSDTM R:R = 1:0.00 < 1:2
2026-02-03 08:40:53,139 | SentinelBot | INFO | 💓 Loop alive | Cycle 690 | Watching 30 symbols
2026-02-03 08:41:08,791 | SentinelBot | INFO | 💓 Loop alive | Cycle 700 | Watching 30 symbols
2026-02-03 08:41:15,487 | SentinelBot | INFO | 🔍 Scanning XBTUSDTM...
2026-02-03 08:41:16,559 | SentinelBot | INFO | ✅ HTF CONFIRMED: H1 Trend aligns with SHORT
2026-02-03 08:41:16,559 | SentinelBot | INFO | 🚨 TRADE POTENTIAL: XBTUSDTM | Rec: MICRO_TRADE
2026-02-03 08:41:16,559 | SentinelBot | INFO |    Reason: Good setup (0.75) but low confidence (0.45). Regime: RANGE. Trend score: -0.10, bias: SHORT
2026-02-03 08:41:16,560 | SentinelBot | INFO |    Stats: Qual=0.76 | Conf=0.45 | Dir=SHORT
2026-02-03 08:41:16,561 | SentinelBot | INFO | ⏳ BIAS_DETECTED | XBTUSDTM SHORT | Waiting for Zone [78600.078606 - 78624.748691]
2026-02-03 08:41:16,562 | SentinelBot | INFO | 🔍 Scanning ETHUSDTM...
2026-02-03 08:41:17,377 | SentinelBot | INFO |    📊 ETHUSDTM: Rec=NO_TRADE (Qual=0.50)
2026-02-03 08:41:17,377 | SentinelBot | INFO | 🔍 Scanning SOLUSDTM...
2026-02-03 08:41:18,383 | SentinelBot | INFO | ✅ HTF CONFIRMED: H1 Trend aligns with SHORT
2026-02-03 08:41:18,383 | SentinelBot | INFO | 🚨 TRADE POTENTIAL: SOLUSDTM | Rec: MICRO_TRADE
2026-02-03 08:41:18,383 | SentinelBot | INFO |    Reason: Good setup (0.70) but low confidence (0.42). Regime: RANGE. Trend score: -0.20, bias: SHORT
2026-02-03 08:41:18,383 | SentinelBot | INFO |    Stats: Qual=0.70 | Conf=0.42 | Dir=SHORT
2026-02-03 08:41:18,385 | SentinelBot | INFO | 🚫 ENTRY_BLOCKED | BAD_RR | SOLUSDTM R:R = 1:0.00 < 1:2
2026-02-03 08:41:18,386 | SentinelBot | INFO | 🔍 Scanning BNBUSDTM...
2026-02-03 08:41:19,456 | SentinelBot | INFO | ✅ HTF CONFIRMED: H1 Trend aligns with SHORT
2026-02-03 08:41:19,456 | SentinelBot | INFO | 🚨 TRADE POTENTIAL: BNBUSDTM | Rec: MICRO_TRADE
2026-02-03 08:41:19,456 | SentinelBot | INFO |    Reason: Good setup (0.67) but low confidence (0.40). Regime: RANGE. Trend score: -0.20, bias: SHORT
2026-02-03 08:41:19,457 | SentinelBot | INFO |    Stats: Qual=0.67 | Conf=0.40 | Dir=SHORT
2026-02-03 08:41:19,457 | SentinelBot | INFO | 🚫 ENTRY_BLOCKED | BAD_RR | BNBUSDTM R:R = 1:2.00 < 1:2
2026-02-03 08:41:19,458 | SentinelBot | INFO | 🔍 Scanning XRPUSDTM...
2026-02-03 08:41:20,481 | SentinelBot | INFO | ✅ HTF CONFIRMED: H1 Trend aligns with SHORT
2026-02-03 08:41:20,481 | SentinelBot | INFO | 🚨 TRADE POTENTIAL: XRPUSDTM | Rec: ALLOW_TRADE
2026-02-03 08:41:20,482 | SentinelBot | INFO |    Reason: Strong setup (0.79) with confidence (0.71). Regime: TREND_BEAR. Trend score: -0.30, bias: SHORT
2026-02-03 08:41:20,482 | SentinelBot | INFO |    Stats: Qual=0.79 | Conf=0.71 | Dir=SHORT
2026-02-03 08:41:20,482 | SentinelBot | INFO | 🚫 ENTRY_BLOCKED | BAD_RR | XRPUSDTM R:R = 1:0.00 < 1:2
2026-02-03 08:41:20,483 | SentinelBot | INFO | 🔍 Scanning ADAUSDTM...
2026-02-03 08:41:21,533 | SentinelBot | INFO | ✅ HTF CONFIRMED: H1 Trend aligns with SHORT
2026-02-03 08:41:21,534 | SentinelBot | INFO | 🚨 TRADE POTENTIAL: ADAUSDTM | Rec: MICRO_TRADE
2026-02-03 08:41:21,535 | SentinelBot | INFO |    Reason: Good setup (0.70) but low confidence (0.42). Regime: RANGE. Trend score: -0.20, bias: SHORT
2026-02-03 08:41:21,535 | SentinelBot | INFO |    Stats: Qual=0.70 | Conf=0.42 | Dir=SHORT
2026-02-03 08:41:21,535 | SentinelBot | INFO | 🚫 ENTRY_BLOCKED | BAD_RR | ADAUSDTM R:R = 1:0.00 < 1:2
2026-02-03 08:41:21,536 | SentinelBot | INFO | 🔍 Scanning DOGEUSDTM...
2026-02-03 08:41:22,600 | SentinelBot | INFO | ✅ HTF CONFIRMED: H1 Trend aligns with SHORT
2026-02-03 08:41:22,601 | SentinelBot | INFO | 🚨 TRADE POTENTIAL: DOGEUSDTM | Rec: ALLOW_TRADE
2026-02-03 08:41:22,602 | SentinelBot | INFO |    Reason: Strong setup (0.77) with confidence (0.62). Regime: BREAKOUT. Trend score: -0.20, bias: SHORT
2026-02-03 08:41:22,602 | SentinelBot | INFO |    Stats: Qual=0.77 | Conf=0.62 | Dir=SHORT
2026-02-03 08:41:22,602 | SentinelBot | INFO | 🚫 ENTRY_BLOCKED | BAD_RR | DOGEUSDTM R:R = 1:0.00 < 1:2
2026-02-03 08:41:22,603 | SentinelBot | INFO | 🔍 Scanning AVAXUSDTM...
2026-02-03 08:41:23,671 | SentinelBot | INFO | ✅ HTF CONFIRMED: H1 Trend aligns with SHORT
2026-02-03 08:41:23,671 | SentinelBot | INFO | 🚨 TRADE POTENTIAL: AVAXUSDTM | Rec: MICRO_TRADE
2026-02-03 08:41:23,671 | SentinelBot | INFO |    Reason: Good setup (0.73) but low confidence (0.44). Regime: RANGE. Trend score: -0.25, bias: SHORT
2026-02-03 08:41:23,671 | SentinelBot | INFO |    Stats: Qual=0.73 | Conf=0.44 | Dir=SHORT
2026-02-03 08:41:23,671 | SentinelBot | INFO | 🚫 ENTRY_BLOCKED | BAD_RR | AVAXUSDTM R:R = 1:0.00 < 1:2
2026-02-03 08:41:23,674 | SentinelBot | INFO | 🔍 Scanning LINKUSDTM...
2026-02-03 08:41:24,788 | SentinelBot | INFO | ✅ HTF CONFIRMED: H1 Trend aligns with SHORT
2026-02-03 08:41:24,788 | SentinelBot | INFO | 🚨 TRADE POTENTIAL: LINKUSDTM | Rec: ALLOW_TRADE
2026-02-03 08:41:24,788 | SentinelBot | INFO |    Reason: Strong setup (0.75) with confidence (0.60). Regime: BREAKOUT. Trend score: -0.15, bias: SHORT
2026-02-03 08:41:24,788 | SentinelBot | INFO |    Stats: Qual=0.75 | Conf=0.60 | Dir=SHORT
2026-02-03 08:41:24,788 | SentinelBot | INFO | 🚫 ENTRY_BLOCKED | BAD_RR | LINKUSDTM R:R = 1:0.00 < 1:2
2026-02-03 08:41:24,792 | SentinelBot | INFO | 🔍 Scanning DOTUSDTM...
2026-02-03 08:41:25,910 | SentinelBot | INFO | ✅ HTF CONFIRMED: H1 Trend aligns with SHORT
2026-02-03 08:41:25,910 | SentinelBot | INFO | 🚨 TRADE POTENTIAL: DOTUSDTM | Rec: ALLOW_TRADE
2026-02-03 08:41:25,910 | SentinelBot | INFO |    Reason: Strong setup (1.00) with confidence (0.90). Regime: TREND_BEAR. Trend score: -0.30, bias: SHORT
2026-02-03 08:41:25,910 | SentinelBot | INFO |    Stats: Qual=1.00 | Conf=0.90 | Dir=SHORT
2026-02-03 08:41:25,914 | SentinelBot | INFO | 🚫 ENTRY_BLOCKED | BAD_RR | DOTUSDTM R:R = 1:0.00 < 1:2
2026-02-03 08:41:25,915 | SentinelBot | INFO | 🔍 Scanning TRXUSDTM...
2026-02-03 08:41:26,792 | SentinelBot | INFO |    📊 TRXUSDTM: Rec=NO_TRADE (Qual=0.41)
2026-02-03 08:41:26,792 | SentinelBot | INFO | 🔍 Scanning LTCUSDTM...
2026-02-03 08:41:27,777 | SentinelBot | INFO | ✅ HTF CONFIRMED: H1 Trend aligns with SHORT
2026-02-03 08:41:27,778 | SentinelBot | INFO | 🚨 TRADE POTENTIAL: LTCUSDTM | Rec: MICRO_TRADE
2026-02-03 08:41:27,778 | SentinelBot | INFO |    Reason: Good setup (0.64) but low confidence (0.39). Regime: RANGE. Trend score: -0.10, bias: SHORT
2026-02-03 08:41:27,779 | SentinelBot | INFO |    Stats: Qual=0.64 | Conf=0.39 | Dir=SHORT
2026-02-03 08:41:27,779 | SentinelBot | INFO | 🚫 ENTRY_BLOCKED | BAD_RR | LTCUSDTM R:R = 1:0.00 < 1:2
2026-02-03 08:41:27,779 | SentinelBot | INFO | 🔍 Scanning MATICUSDTM...
2026-02-03 08:41:28,839 | SentinelBot | INFO | 🛑 HTF MISMATCH: MATICUSDTM Signal LONG vs Bear Trend. Blocked (Conf 0.39 < 0.80)
2026-02-03 08:41:28,840 | SentinelBot | INFO | 🔍 Scanning SHIBUSDTM...
2026-02-03 08:41:29,906 | SentinelBot | INFO | ✅ HTF CONFIRMED: H1 Trend aligns with SHORT
2026-02-03 08:41:29,906 | SentinelBot | INFO | 🚨 TRADE POTENTIAL: SHIBUSDTM | Rec: MICRO_TRADE
2026-02-03 08:41:29,906 | SentinelBot | INFO |    Reason: Good setup (0.70) but low confidence (0.42). Regime: RANGE. Trend score: -0.20, bias: SHORT
2026-02-03 08:41:29,908 | SentinelBot | INFO |    Stats: Qual=0.70 | Conf=0.42 | Dir=SHORT
2026-02-03 08:41:29,908 | SentinelBot | INFO | 🚫 ENTRY_BLOCKED | BAD_RR | SHIBUSDTM R:R = 1:0.00 < 1:2
2026-02-03 08:41:29,909 | SentinelBot | INFO | 🔍 Scanning UNIUSDTM...
2026-02-03 08:41:30,954 | SentinelBot | INFO | ✅ HTF CONFIRMED: H1 Trend aligns with SHORT
2026-02-03 08:41:30,954 | SentinelBot | INFO | 🚨 TRADE POTENTIAL: UNIUSDTM | Rec: MICRO_TRADE
2026-02-03 08:41:30,958 | SentinelBot | INFO |    Reason: Good setup (0.74) but low confidence (0.44). Regime: RANGE. Trend score: -0.20, bias: SHORT
2026-02-03 08:41:30,958 | SentinelBot | INFO |    Stats: Qual=0.74 | Conf=0.44 | Dir=SHORT
2026-02-03 08:41:30,958 | SentinelBot | INFO | 🚫 ENTRY_BLOCKED | BAD_RR | UNIUSDTM R:R = 1:0.00 < 1:2
2026-02-03 08:41:30,958 | SentinelBot | INFO | 🔍 Scanning ATOMUSDTM...
2026-02-03 08:41:31,996 | SentinelBot | INFO | ✅ HTF CONFIRMED: H1 Trend aligns with SHORT
2026-02-03 08:41:31,996 | SentinelBot | INFO | 🚨 TRADE POTENTIAL: ATOMUSDTM | Rec: ALLOW_TRADE
2026-02-03 08:41:31,997 | SentinelBot | INFO |    Reason: Strong setup (0.70) with confidence (0.66). Regime: MOMENTUM. Trend score: -0.55, bias: SHORT
2026-02-03 08:41:31,997 | SentinelBot | INFO |    Stats: Qual=0.70 | Conf=0.66 | Dir=SHORT
2026-02-03 08:41:31,997 | SentinelBot | INFO | 🚫 ENTRY_BLOCKED | BAD_RR | ATOMUSDTM R:R = 1:0.00 < 1:2
2026-02-03 08:41:31,997 | SentinelBot | INFO | 🔍 Scanning XLMUSDTM...
2026-02-03 08:41:32,975 | SentinelBot | INFO | ✅ HTF CONFIRMED: H1 Trend aligns with SHORT
2026-02-03 08:41:32,975 | SentinelBot | INFO | 🚨 TRADE POTENTIAL: XLMUSDTM | Rec: ALLOW_TRADE
2026-02-03 08:41:32,977 | SentinelBot | INFO |    Reason: Strong setup (0.81) with confidence (0.76). Regime: MOMENTUM. Trend score: -0.80, bias: SHORT
2026-02-03 08:41:32,977 | SentinelBot | INFO |    Stats: Qual=0.81 | Conf=0.76 | Dir=SHORT
2026-02-03 08:41:32,978 | SentinelBot | INFO | 🚫 ENTRY_BLOCKED | BAD_RR | XLMUSDTM R:R = 1:0.00 < 1:2
2026-02-03 08:41:32,978 | SentinelBot | INFO | 🔍 Scanning ETCUSDTM...
2026-02-03 08:41:34,103 | SentinelBot | INFO | ✅ HTF CONFIRMED: H1 Trend aligns with SHORT
2026-02-03 08:41:34,103 | SentinelBot | INFO | 🚨 TRADE POTENTIAL: ETCUSDTM | Rec: ALLOW_TRADE
2026-02-03 08:41:34,104 | SentinelBot | INFO |    Reason: Strong setup (0.90) with confidence (0.72). Regime: BREAKOUT. Trend score: -0.45, bias: SHORT
2026-02-03 08:41:34,111 | SentinelBot | INFO |    Stats: Qual=0.90 | Conf=0.72 | Dir=SHORT
2026-02-03 08:41:34,111 | SentinelBot | INFO | 🚫 ENTRY_BLOCKED | BAD_RR | ETCUSDTM R:R = 1:0.00 < 1:2
2026-02-03 08:41:34,113 | SentinelBot | INFO | 🔍 Scanning FILUSDTM...
2026-02-03 08:41:35,205 | SentinelBot | INFO | ✅ HTF CONFIRMED: H1 Trend aligns with SHORT
2026-02-03 08:41:35,206 | SentinelBot | INFO | 🚨 TRADE POTENTIAL: FILUSDTM | Rec: ALLOW_TRADE
2026-02-03 08:41:35,206 | SentinelBot | INFO |    Reason: Strong setup (0.84) with confidence (0.71). Regime: MOMENTUM. Trend score: -0.45, bias: SHORT
2026-02-03 08:41:35,206 | SentinelBot | INFO |    Stats: Qual=0.83 | Conf=0.71 | Dir=SHORT
2026-02-03 08:41:35,207 | SentinelBot | INFO | 🚫 ENTRY_BLOCKED | BAD_RR | FILUSDTM R:R = 1:0.00 < 1:2
2026-02-03 08:41:35,207 | SentinelBot | INFO | 🔍 Scanning APTUSDTM...
2026-02-03 08:41:36,257 | SentinelBot | INFO | ✅ HTF CONFIRMED: H1 Trend aligns with SHORT
2026-02-03 08:41:36,257 | SentinelBot | INFO | 🚨 TRADE POTENTIAL: APTUSDTM | Rec: ALLOW_TRADE
2026-02-03 08:41:36,258 | SentinelBot | INFO |    Reason: Strong setup (0.92) with confidence (0.78). Regime: MOMENTUM. Trend score: -0.50, bias: SHORT
2026-02-03 08:41:36,258 | SentinelBot | INFO |    Stats: Qual=0.92 | Conf=0.78 | Dir=SHORT
2026-02-03 08:41:36,259 | SentinelBot | INFO | 🚫 ENTRY_BLOCKED | BAD_RR | APTUSDTM R:R = 1:0.00 < 1:2
2026-02-03 08:41:36,259 | SentinelBot | INFO | 🔍 Scanning ARBUSDTM...
2026-02-03 08:41:37,300 | SentinelBot | INFO | ✅ HTF CONFIRMED: H1 Trend aligns with SHORT
2026-02-03 08:41:37,300 | SentinelBot | INFO | 🚨 TRADE POTENTIAL: ARBUSDTM | Rec: MICRO_TRADE
2026-02-03 08:41:37,301 | SentinelBot | INFO |    Reason: Good setup (0.78) but low confidence (0.47). Regime: RANGE. Trend score: -0.30, bias: SHORT
2026-02-03 08:41:37,301 | SentinelBot | INFO |    Stats: Qual=0.78 | Conf=0.47 | Dir=SHORT
2026-02-03 08:41:37,301 | SentinelBot | INFO | 🚫 ENTRY_BLOCKED | BAD_RR | ARBUSDTM R:R = 1:0.00 < 1:2
2026-02-03 08:41:37,301 | SentinelBot | INFO | 🔍 Scanning OPUSDTM...
2026-02-03 08:41:38,367 | SentinelBot | INFO | ✅ HTF CONFIRMED: H1 Trend aligns with SHORT
2026-02-03 08:41:38,368 | SentinelBot | INFO | 🚨 TRADE POTENTIAL: OPUSDTM | Rec: ALLOW_TRADE
2026-02-03 08:41:38,368 | SentinelBot | INFO |    Reason: Strong setup (0.77) with confidence (0.69). Regime: TREND_BEAR. Trend score: -0.35, bias: SHORT
2026-02-03 08:41:38,368 | SentinelBot | INFO |    Stats: Qual=0.77 | Conf=0.69 | Dir=SHORT
2026-02-03 08:41:38,369 | SentinelBot | INFO | 🚫 ENTRY_BLOCKED | BAD_RR | OPUSDTM R:R = 1:0.00 < 1:2
2026-02-03 08:41:38,369 | SentinelBot | INFO | 🔍 Scanning SUIUSDTM...
2026-02-03 08:41:39,424 | SentinelBot | INFO | ✅ HTF CONFIRMED: H1 Trend aligns with SHORT
2026-02-03 08:41:39,425 | SentinelBot | INFO | 🚨 TRADE POTENTIAL: SUIUSDTM | Rec: ALLOW_TRADE
2026-02-03 08:41:39,425 | SentinelBot | INFO |    Reason: Strong setup (0.84) with confidence (0.67). Regime: BREAKOUT. Trend score: -0.40, bias: SHORT
2026-02-03 08:41:39,425 | SentinelBot | INFO |    Stats: Qual=0.84 | Conf=0.67 | Dir=SHORT
2026-02-03 08:41:39,425 | SentinelBot | INFO | 🚫 ENTRY_BLOCKED | BAD_RR | SUIUSDTM R:R = 1:0.00 < 1:2
2026-02-03 08:41:39,425 | SentinelBot | INFO | 🔍 Scanning PEPEUSDTM...
2026-02-03 08:41:40,822 | SentinelBot | INFO | ✅ HTF CONFIRMED: H1 Trend aligns with SHORT
2026-02-03 08:41:40,824 | SentinelBot | INFO | 🚨 TRADE POTENTIAL: PEPEUSDTM | Rec: ALLOW_TRADE
2026-02-03 08:41:40,825 | SentinelBot | INFO |    Reason: Strong setup (0.73) with confidence (0.65). Regime: TREND_BEAR. Trend score: -0.30, bias: SHORT
2026-02-03 08:41:40,825 | SentinelBot | INFO |    Stats: Qual=0.73 | Conf=0.65 | Dir=SHORT
2026-02-03 08:41:40,825 | SentinelBot | INFO | 🚫 ENTRY_BLOCKED | BAD_RR | PEPEUSDTM R:R = 1:0.00 < 1:2
2026-02-03 08:41:40,825 | SentinelBot | INFO | 🔍 Scanning NEARUSDTM...
2026-02-03 08:41:41,845 | SentinelBot | INFO | ✅ HTF CONFIRMED: H1 Trend aligns with SHORT
2026-02-03 08:41:41,845 | SentinelBot | INFO | 🚨 TRADE POTENTIAL: NEARUSDTM | Rec: ALLOW_TRADE
2026-02-03 08:41:41,845 | SentinelBot | INFO |    Reason: Strong setup (0.78) with confidence (0.70). Regime: TREND_BEAR. Trend score: -0.35, bias: SHORT
2026-02-03 08:41:41,845 | SentinelBot | INFO |    Stats: Qual=0.78 | Conf=0.70 | Dir=SHORT
2026-02-03 08:41:41,845 | SentinelBot | INFO | 🚫 ENTRY_BLOCKED | BAD_RR | NEARUSDTM R:R = 1:0.00 < 1:2
2026-02-03 08:41:41,849 | SentinelBot | INFO | 🔍 Scanning RNDRUSDTM...
2026-02-03 08:41:42,855 | SentinelBot | INFO | ✅ HTF CONFIRMED: H1 Trend aligns with SHORT
2026-02-03 08:41:42,857 | SentinelBot | INFO | 🚨 TRADE POTENTIAL: RNDRUSDTM | Rec: MICRO_TRADE
2026-02-03 08:41:42,857 | SentinelBot | INFO |    Reason: Good setup (0.87) but low confidence (0.52). Regime: RANGE. Trend score: -0.10, bias: SHORT
2026-02-03 08:41:42,858 | SentinelBot | INFO |    Stats: Qual=0.87 | Conf=0.52 | Dir=SHORT
2026-02-03 08:41:42,858 | SentinelBot | INFO | 🚫 ENTRY_BLOCKED | BAD_RR | RNDRUSDTM R:R = 1:0.00 < 1:2
2026-02-03 08:41:42,859 | SentinelBot | INFO | 🔍 Scanning INJUSDTM...
2026-02-03 08:41:43,905 | SentinelBot | INFO | ✅ HTF CONFIRMED: H1 Trend aligns with SHORT
2026-02-03 08:41:43,907 | SentinelBot | INFO | 🚨 TRADE POTENTIAL: INJUSDTM | Rec: ALLOW_TRADE
2026-02-03 08:41:43,907 | SentinelBot | INFO |    Reason: Strong setup (0.82) with confidence (0.66). Regime: BREAKOUT. Trend score: -0.30, bias: SHORT
2026-02-03 08:41:43,907 | SentinelBot | INFO |    Stats: Qual=0.82 | Conf=0.66 | Dir=SHORT
2026-02-03 08:41:43,907 | SentinelBot | INFO | 🚫 ENTRY_BLOCKED | BAD_RR | INJUSDTM R:R = 1:0.00 < 1:2
2026-02-03 08:41:43,908 | SentinelBot | INFO | 🔍 Scanning TIAUSDTM...
2026-02-03 08:41:44,944 | SentinelBot | INFO | ✅ HTF CONFIRMED: H1 Trend aligns with SHORT
2026-02-03 08:41:44,944 | SentinelBot | INFO | 🚨 TRADE POTENTIAL: TIAUSDTM | Rec: ALLOW_TRADE
2026-02-03 08:41:44,944 | SentinelBot | INFO |    Reason: Strong setup (0.89) with confidence (0.78). Regime: BREAKOUT. Trend score: -0.55, bias: SHORT
2026-02-03 08:41:44,946 | SentinelBot | INFO |    Stats: Qual=0.89 | Conf=0.78 | Dir=SHORT
2026-02-03 08:41:44,946 | SentinelBot | INFO | 🚫 ENTRY_BLOCKED | BAD_RR | TIAUSDTM R:R = 1:0.00 < 1:2
2026-02-03 08:41:44,946 | SentinelBot | INFO | 🔍 Scanning IMXUSDTM...
2026-02-03 08:41:45,990 | SentinelBot | INFO | ✅ HTF CONFIRMED: H1 Trend aligns with SHORT
2026-02-03 08:41:45,991 | SentinelBot | INFO | 🚨 TRADE POTENTIAL: IMXUSDTM | Rec: ALLOW_TRADE
2026-02-03 08:41:45,991 | SentinelBot | INFO |    Reason: Strong setup (1.00) with confidence (0.94). Regime: MOMENTUM. Trend score: -0.70, bias: SHORT
2026-02-03 08:41:45,991 | SentinelBot | INFO |    Stats: Qual=1.00 | Conf=0.94 | Dir=SHORT
2026-02-03 08:41:45,991 | SentinelBot | INFO | 🚫 ENTRY_BLOCKED | BAD_RR | IMXUSDTM R:R = 1:0.00 < 1:2
2026-02-03 08:41:45,991 | SentinelBot | INFO | 🔍 Scanning LDOUSDTM...
2026-02-03 08:41:47,096 | SentinelBot | INFO | ✅ HTF CONFIRMED: H1 Trend aligns with SHORT
2026-02-03 08:41:47,096 | SentinelBot | INFO | 🚨 TRADE POTENTIAL: LDOUSDTM | Rec: ALLOW_TRADE
2026-02-03 08:41:47,098 | SentinelBot | INFO |    Reason: Strong setup (0.78) with confidence (0.70). Regime: TREND_BEAR. Trend score: -0.40, bias: SHORT
2026-02-03 08:41:47,098 | SentinelBot | INFO |    Stats: Qual=0.78 | Conf=0.70 | Dir=SHORT
2026-02-03 08:41:47,099 | SentinelBot | INFO | 🚫 ENTRY_BLOCKED | BAD_RR | LDOUSDTM R:R = 1:0.00 < 1:2
2026-02-03 08:41:58,142 | SentinelBot | INFO | 💓 Loop alive | Cycle 710 | Watching 30 symbols
2026-02-03 08:42:13,453 | SentinelBot | INFO | 💓 Loop alive | Cycle 720 | Watching 30 symbols
2026-02-03 08:42:15,661 | SentinelBot | INFO | 🔍 Scanning XBTUSDTM...
2026-02-03 08:42:16,639 | SentinelBot | INFO | ✅ HTF CONFIRMED: H1 Trend aligns with SHORT
2026-02-03 08:42:16,639 | SentinelBot | INFO | 🚨 TRADE POTENTIAL: XBTUSDTM | Rec: MICRO_TRADE
2026-02-03 08:42:16,639 | SentinelBot | INFO |    Reason: Good setup (0.75) but low confidence (0.45). Regime: RANGE. Trend score: -0.10, bias: SHORT
2026-02-03 08:42:16,639 | SentinelBot | INFO |    Stats: Qual=0.76 | Conf=0.45 | Dir=SHORT
2026-02-03 08:42:16,641 | SentinelBot | INFO | ⏳ BIAS_DETECTED | XBTUSDTM SHORT | Waiting for Zone [78600.078606 - 78624.748691]
2026-02-03 08:42:16,642 | SentinelBot | INFO | 🔍 Scanning ETHUSDTM...
2026-02-03 08:42:17,662 | SentinelBot | INFO |    📊 ETHUSDTM: Rec=NO_TRADE (Qual=0.50)
2026-02-03 08:42:17,664 | SentinelBot | INFO | 🔍 Scanning SOLUSDTM...
2026-02-03 08:42:18,662 | SentinelBot | INFO | ✅ HTF CONFIRMED: H1 Trend aligns with SHORT
2026-02-03 08:42:18,662 | SentinelBot | INFO | 🚨 TRADE POTENTIAL: SOLUSDTM | Rec: MICRO_TRADE
2026-02-03 08:42:18,662 | SentinelBot | INFO |    Reason: Good setup (0.70) but low confidence (0.42). Regime: RANGE. Trend score: -0.20, bias: SHORT
2026-02-03 08:42:18,662 | SentinelBot | INFO |    Stats: Qual=0.70 | Conf=0.42 | Dir=SHORT
2026-02-03 08:42:18,662 | SentinelBot | INFO | 🚫 ENTRY_BLOCKED | BAD_RR | SOLUSDTM R:R = 1:0.00 < 1:2
2026-02-03 08:42:18,664 | SentinelBot | INFO | 🔍 Scanning BNBUSDTM...
2026-02-03 08:42:19,744 | SentinelBot | INFO | ✅ HTF CONFIRMED: H1 Trend aligns with SHORT
2026-02-03 08:42:19,744 | SentinelBot | INFO | 🚨 TRADE POTENTIAL: BNBUSDTM | Rec: MICRO_TRADE
2026-02-03 08:42:19,745 | SentinelBot | INFO |    Reason: Good setup (0.67) but low confidence (0.40). Regime: RANGE. Trend score: -0.20, bias: SHORT
2026-02-03 08:42:19,745 | SentinelBot | INFO |    Stats: Qual=0.67 | Conf=0.40 | Dir=SHORT
2026-02-03 08:42:19,746 | SentinelBot | INFO | 🚫 ENTRY_BLOCKED | BAD_RR | BNBUSDTM R:R = 1:2.00 < 1:2
2026-02-03 08:42:19,746 | SentinelBot | INFO | 🔍 Scanning XRPUSDTM...
2026-02-03 08:42:20,784 | SentinelBot | INFO | ✅ HTF CONFIRMED: H1 Trend aligns with SHORT
2026-02-03 08:42:20,785 | SentinelBot | INFO | 🚨 TRADE POTENTIAL: XRPUSDTM | Rec: ALLOW_TRADE
2026-02-03 08:42:20,785 | SentinelBot | INFO |    Reason: Strong setup (0.79) with confidence (0.71). Regime: TREND_BEAR. Trend score: -0.30, bias: SHORT
2026-02-03 08:42:20,786 | SentinelBot | INFO |    Stats: Qual=0.79 | Conf=0.71 | Dir=SHORT
2026-02-03 08:42:20,786 | SentinelBot | INFO | 🚫 ENTRY_BLOCKED | BAD_RR | XRPUSDTM R:R = 1:0.00 < 1:2
2026-02-03 08:42:20,787 | SentinelBot | INFO | 🔍 Scanning ADAUSDTM...
2026-02-03 08:42:21,890 | SentinelBot | INFO | ✅ HTF CONFIRMED: H1 Trend aligns with SHORT
2026-02-03 08:42:21,891 | SentinelBot | INFO | 🚨 TRADE POTENTIAL: ADAUSDTM | Rec: MICRO_TRADE
2026-02-03 08:42:21,891 | SentinelBot | INFO |    Reason: Good setup (0.70) but low confidence (0.42). Regime: RANGE. Trend score: -0.20, bias: SHORT
2026-02-03 08:42:21,892 | SentinelBot | INFO |    Stats: Qual=0.70 | Conf=0.42 | Dir=SHORT
2026-02-03 08:42:21,892 | SentinelBot | INFO | 🚫 ENTRY_BLOCKED | BAD_RR | ADAUSDTM R:R = 1:0.00 < 1:2
2026-02-03 08:42:21,893 | SentinelBot | INFO | 🔍 Scanning DOGEUSDTM...
2026-02-03 08:42:22,901 | SentinelBot | INFO | ✅ HTF CONFIRMED: H1 Trend aligns with SHORT
2026-02-03 08:42:22,902 | SentinelBot | INFO | 🚨 TRADE POTENTIAL: DOGEUSDTM | Rec: ALLOW_TRADE
2026-02-03 08:42:22,902 | SentinelBot | INFO |    Reason: Strong setup (0.77) with confidence (0.62). Regime: BREAKOUT. Trend score: -0.20, bias: SHORT
2026-02-03 08:42:22,903 | SentinelBot | INFO |    Stats: Qual=0.77 | Conf=0.62 | Dir=SHORT
2026-02-03 08:42:22,903 | SentinelBot | INFO | 🚫 ENTRY_BLOCKED | BAD_RR | DOGEUSDTM R:R = 1:0.00 < 1:2
2026-02-03 08:42:22,904 | SentinelBot | INFO | 🔍 Scanning AVAXUSDTM...
2026-02-03 08:42:23,876 | SentinelBot | INFO | ✅ HTF CONFIRMED: H1 Trend aligns with SHORT
2026-02-03 08:42:23,877 | SentinelBot | INFO | 🚨 TRADE POTENTIAL: AVAXUSDTM | Rec: MICRO_TRADE
2026-02-03 08:42:23,877 | SentinelBot | INFO |    Reason: Good setup (0.73) but low confidence (0.44). Regime: RANGE. Trend score: -0.25, bias: SHORT
2026-02-03 08:42:23,878 | SentinelBot | INFO |    Stats: Qual=0.73 | Conf=0.44 | Dir=SHORT
2026-02-03 08:42:23,878 | SentinelBot | INFO | 🚫 ENTRY_BLOCKED | BAD_RR | AVAXUSDTM R:R = 1:0.00 < 1:2
2026-02-03 08:42:23,879 | SentinelBot | INFO | 🔍 Scanning LINKUSDTM...
2026-02-03 08:42:24,889 | SentinelBot | INFO | ✅ HTF CONFIRMED: H1 Trend aligns with SHORT
2026-02-03 08:42:24,890 | SentinelBot | INFO | 🚨 TRADE POTENTIAL: LINKUSDTM | Rec: ALLOW_TRADE
2026-02-03 08:42:24,890 | SentinelBot | INFO |    Reason: Strong setup (0.75) with confidence (0.60). Regime: BREAKOUT. Trend score: -0.15, bias: SHORT
2026-02-03 08:42:24,890 | SentinelBot | INFO |    Stats: Qual=0.75 | Conf=0.60 | Dir=SHORT
2026-02-03 08:42:24,891 | SentinelBot | INFO | 🚫 ENTRY_BLOCKED | BAD_RR | LINKUSDTM R:R = 1:0.00 < 1:2
2026-02-03 08:42:24,892 | SentinelBot | INFO | 🔍 Scanning DOTUSDTM...
2026-02-03 08:42:25,978 | SentinelBot | INFO | ✅ HTF CONFIRMED: H1 Trend aligns with SHORT
2026-02-03 08:42:25,978 | SentinelBot | INFO | 🚨 TRADE POTENTIAL: DOTUSDTM | Rec: ALLOW_TRADE
2026-02-03 08:42:25,979 | SentinelBot | INFO |    Reason: Strong setup (1.00) with confidence (0.90). Regime: TREND_BEAR. Trend score: -0.30, bias: SHORT
2026-02-03 08:42:25,979 | SentinelBot | INFO |    Stats: Qual=1.00 | Conf=0.90 | Dir=SHORT
2026-02-03 08:42:25,979 | SentinelBot | INFO | 🚫 ENTRY_BLOCKED | BAD_RR | DOTUSDTM R:R = 1:0.00 < 1:2
2026-02-03 08:42:25,981 | SentinelBot | INFO | 🔍 Scanning TRXUSDTM...
2026-02-03 08:42:26,857 | SentinelBot | INFO |    📊 TRXUSDTM: Rec=NO_TRADE (Qual=0.41)
2026-02-03 08:42:26,858 | SentinelBot | INFO | 🔍 Scanning LTCUSDTM...
2026-02-03 08:42:27,915 | SentinelBot | INFO | ✅ HTF CONFIRMED: H1 Trend aligns with SHORT
2026-02-03 08:42:27,918 | SentinelBot | INFO | 🚨 TRADE POTENTIAL: LTCUSDTM | Rec: MICRO_TRADE
2026-02-03 08:42:27,919 | SentinelBot | INFO |    Reason: Good setup (0.64) but low confidence (0.39). Regime: RANGE. Trend score: -0.10, bias: SHORT
2026-02-03 08:42:27,919 | SentinelBot | INFO |    Stats: Qual=0.64 | Conf=0.39 | Dir=SHORT
2026-02-03 08:42:27,919 | SentinelBot | INFO | 🚫 ENTRY_BLOCKED | BAD_RR | LTCUSDTM R:R = 1:0.00 < 1:2
2026-02-03 08:42:27,921 | SentinelBot | INFO | 🔍 Scanning MATICUSDTM...
2026-02-03 08:42:28,949 | SentinelBot | INFO | 🛑 HTF MISMATCH: MATICUSDTM Signal LONG vs Bear Trend. Blocked (Conf 0.39 < 0.80)
2026-02-03 08:42:28,951 | SentinelBot | INFO | 🔍 Scanning SHIBUSDTM...
2026-02-03 08:42:29,932 | SentinelBot | INFO | ✅ HTF CONFIRMED: H1 Trend aligns with SHORT
2026-02-03 08:42:29,932 | SentinelBot | INFO | 🚨 TRADE POTENTIAL: SHIBUSDTM | Rec: MICRO_TRADE
2026-02-03 08:42:29,935 | SentinelBot | INFO |    Reason: Good setup (0.70) but low confidence (0.42). Regime: RANGE. Trend score: -0.20, bias: SHORT
2026-02-03 08:42:29,935 | SentinelBot | INFO |    Stats: Qual=0.70 | Conf=0.42 | Dir=SHORT
2026-02-03 08:42:29,936 | SentinelBot | INFO | 🚫 ENTRY_BLOCKED | BAD_RR | SHIBUSDTM R:R = 1:0.00 < 1:2
2026-02-03 08:42:29,936 | SentinelBot | INFO | 🔍 Scanning UNIUSDTM...
2026-02-03 08:42:31,207 | SentinelBot | INFO | ✅ HTF CONFIRMED: H1 Trend aligns with SHORT
2026-02-03 08:42:31,208 | SentinelBot | INFO | 🚨 TRADE POTENTIAL: UNIUSDTM | Rec: MICRO_TRADE
2026-02-03 08:42:31,208 | SentinelBot | INFO |    Reason: Good setup (0.74) but low confidence (0.44). Regime: RANGE. Trend score: -0.20, bias: SHORT
2026-02-03 08:42:31,208 | SentinelBot | INFO |    Stats: Qual=0.74 | Conf=0.44 | Dir=SHORT
2026-02-03 08:42:31,210 | SentinelBot | INFO | 🚫 ENTRY_BLOCKED | BAD_RR | UNIUSDTM R:R = 1:0.00 < 1:2
2026-02-03 08:42:31,210 | SentinelBot | INFO | 🔍 Scanning ATOMUSDTM...
2026-02-03 08:42:32,310 | SentinelBot | INFO | ✅ HTF CONFIRMED: H1 Trend aligns with SHORT
2026-02-03 08:42:32,310 | SentinelBot | INFO | 🚨 TRADE POTENTIAL: ATOMUSDTM | Rec: ALLOW_TRADE
2026-02-03 08:42:32,310 | SentinelBot | INFO |    Reason: Strong setup (0.70) with confidence (0.66). Regime: MOMENTUM. Trend score: -0.55, bias: SHORT
2026-02-03 08:42:32,310 | SentinelBot | INFO |    Stats: Qual=0.70 | Conf=0.66 | Dir=SHORT
2026-02-03 08:42:32,312 | SentinelBot | INFO | 🚫 ENTRY_BLOCKED | BAD_RR | ATOMUSDTM R:R = 1:0.00 < 1:2
2026-02-03 08:42:32,312 | SentinelBot | INFO | 🔍 Scanning XLMUSDTM...
2026-02-03 08:42:33,336 | SentinelBot | INFO | ✅ HTF CONFIRMED: H1 Trend aligns with SHORT
2026-02-03 08:42:33,336 | SentinelBot | INFO | 🚨 TRADE POTENTIAL: XLMUSDTM | Rec: ALLOW_TRADE
2026-02-03 08:42:33,336 | SentinelBot | INFO |    Reason: Strong setup (0.81) with confidence (0.76). Regime: MOMENTUM. Trend score: -0.80, bias: SHORT
2026-02-03 08:42:33,336 | SentinelBot | INFO |    Stats: Qual=0.81 | Conf=0.76 | Dir=SHORT
2026-02-03 08:42:33,339 | SentinelBot | INFO | 🚫 ENTRY_BLOCKED | BAD_RR | XLMUSDTM R:R = 1:0.00 < 1:2
2026-02-03 08:42:33,340 | SentinelBot | INFO | 🔍 Scanning ETCUSDTM...
2026-02-03 08:42:34,316 | SentinelBot | INFO | ✅ HTF CONFIRMED: H1 Trend aligns with SHORT
2026-02-03 08:42:34,316 | SentinelBot | INFO | 🚨 TRADE POTENTIAL: ETCUSDTM | Rec: ALLOW_TRADE
2026-02-03 08:42:34,316 | SentinelBot | INFO |    Reason: Strong setup (0.90) with confidence (0.72). Regime: BREAKOUT. Trend score: -0.45, bias: SHORT
2026-02-03 08:42:34,316 | SentinelBot | INFO |    Stats: Qual=0.90 | Conf=0.72 | Dir=SHORT
2026-02-03 08:42:34,318 | SentinelBot | INFO | 🚫 ENTRY_BLOCKED | BAD_RR | ETCUSDTM R:R = 1:0.00 < 1:2
2026-02-03 08:42:34,318 | SentinelBot | INFO | 🔍 Scanning FILUSDTM...
2026-02-03 08:42:35,369 | SentinelBot | INFO | ✅ HTF CONFIRMED: H1 Trend aligns with SHORT
2026-02-03 08:42:35,369 | SentinelBot | INFO | 🚨 TRADE POTENTIAL: FILUSDTM | Rec: ALLOW_TRADE
2026-02-03 08:42:35,370 | SentinelBot | INFO |    Reason: Strong setup (0.84) with confidence (0.71). Regime: MOMENTUM. Trend score: -0.45, bias: SHORT
2026-02-03 08:42:35,370 | SentinelBot | INFO |    Stats: Qual=0.83 | Conf=0.71 | Dir=SHORT
2026-02-03 08:42:35,371 | SentinelBot | INFO | 🚫 ENTRY_BLOCKED | BAD_RR | FILUSDTM R:R = 1:0.00 < 1:2
2026-02-03 08:42:35,371 | SentinelBot | INFO | 🔍 Scanning APTUSDTM...
2026-02-03 08:42:36,373 | SentinelBot | INFO | ✅ HTF CONFIRMED: H1 Trend aligns with SHORT
2026-02-03 08:42:36,373 | SentinelBot | INFO | 🚨 TRADE POTENTIAL: APTUSDTM | Rec: ALLOW_TRADE
2026-02-03 08:42:36,373 | SentinelBot | INFO |    Reason: Strong setup (0.92) with confidence (0.78). Regime: MOMENTUM. Trend score: -0.50, bias: SHORT
2026-02-03 08:42:36,373 | SentinelBot | INFO |    Stats: Qual=0.92 | Conf=0.78 | Dir=SHORT
2026-02-03 08:42:36,374 | SentinelBot | INFO | 🚫 ENTRY_BLOCKED | BAD_RR | APTUSDTM R:R = 1:0.00 < 1:2
2026-02-03 08:42:36,374 | SentinelBot | INFO | 🔍 Scanning ARBUSDTM...
2026-02-03 08:42:37,372 | SentinelBot | INFO | ✅ HTF CONFIRMED: H1 Trend aligns with SHORT
2026-02-03 08:42:37,373 | SentinelBot | INFO | 🚨 TRADE POTENTIAL: ARBUSDTM | Rec: MICRO_TRADE
2026-02-03 08:42:37,374 | SentinelBot | INFO |    Reason: Good setup (0.78) but low confidence (0.47). Regime: RANGE. Trend score: -0.30, bias: SHORT
2026-02-03 08:42:37,374 | SentinelBot | INFO |    Stats: Qual=0.78 | Conf=0.47 | Dir=SHORT
2026-02-03 08:42:37,374 | SentinelBot | INFO | 🚫 ENTRY_BLOCKED | BAD_RR | ARBUSDTM R:R = 1:0.00 < 1:2
2026-02-03 08:42:37,374 | SentinelBot | INFO | 🔍 Scanning OPUSDTM...
2026-02-03 08:42:38,365 | SentinelBot | INFO | ✅ HTF CONFIRMED: H1 Trend aligns with SHORT
2026-02-03 08:42:38,365 | SentinelBot | INFO | 🚨 TRADE POTENTIAL: OPUSDTM | Rec: ALLOW_TRADE
2026-02-03 08:42:38,366 | SentinelBot | INFO |    Reason: Strong setup (0.77) with confidence (0.69). Regime: TREND_BEAR. Trend score: -0.35, bias: SHORT
2026-02-03 08:42:38,366 | SentinelBot | INFO |    Stats: Qual=0.77 | Conf=0.69 | Dir=SHORT
2026-02-03 08:42:38,367 | SentinelBot | INFO | 🚫 ENTRY_BLOCKED | BAD_RR | OPUSDTM R:R = 1:0.00 < 1:2
2026-02-03 08:42:38,367 | SentinelBot | INFO | 🔍 Scanning SUIUSDTM...
2026-02-03 08:42:39,358 | SentinelBot | INFO | ✅ HTF CONFIRMED: H1 Trend aligns with SHORT
2026-02-03 08:42:39,359 | SentinelBot | INFO | 🚨 TRADE POTENTIAL: SUIUSDTM | Rec: ALLOW_TRADE
2026-02-03 08:42:39,359 | SentinelBot | INFO |    Reason: Strong setup (0.84) with confidence (0.67). Regime: BREAKOUT. Trend score: -0.40, bias: SHORT
2026-02-03 08:42:39,360 | SentinelBot | INFO |    Stats: Qual=0.84 | Conf=0.67 | Dir=SHORT
2026-02-03 08:42:39,360 | SentinelBot | INFO | 🚫 ENTRY_BLOCKED | BAD_RR | SUIUSDTM R:R = 1:0.00 < 1:2
2026-02-03 08:42:39,360 | SentinelBot | INFO | 🔍 Scanning PEPEUSDTM...
2026-02-03 08:42:40,657 | SentinelBot | INFO | ✅ HTF CONFIRMED: H1 Trend aligns with SHORT
2026-02-03 08:42:40,659 | SentinelBot | INFO | 🚨 TRADE POTENTIAL: PEPEUSDTM | Rec: ALLOW_TRADE
2026-02-03 08:42:40,659 | SentinelBot | INFO |    Reason: Strong setup (0.73) with confidence (0.65). Regime: TREND_BEAR. Trend score: -0.30, bias: SHORT
2026-02-03 08:42:40,660 | SentinelBot | INFO |    Stats: Qual=0.73 | Conf=0.65 | Dir=SHORT
2026-02-03 08:42:40,661 | SentinelBot | INFO | 🚫 ENTRY_BLOCKED | BAD_RR | PEPEUSDTM R:R = 1:0.00 < 1:2
2026-02-03 08:42:40,661 | SentinelBot | INFO | 🔍 Scanning NEARUSDTM...
2026-02-03 08:42:41,708 | SentinelBot | INFO | ✅ HTF CONFIRMED: H1 Trend aligns with SHORT
2026-02-03 08:42:41,708 | SentinelBot | INFO | 🚨 TRADE POTENTIAL: NEARUSDTM | Rec: ALLOW_TRADE
2026-02-03 08:42:41,709 | SentinelBot | INFO |    Reason: Strong setup (0.78) with confidence (0.70). Regime: TREND_BEAR. Trend score: -0.35, bias: SHORT
2026-02-03 08:42:41,709 | SentinelBot | INFO |    Stats: Qual=0.78 | Conf=0.70 | Dir=SHORT
2026-02-03 08:42:41,710 | SentinelBot | INFO | 🚫 ENTRY_BLOCKED | BAD_RR | NEARUSDTM R:R = 1:0.00 < 1:2
2026-02-03 08:42:41,711 | SentinelBot | INFO | 🔍 Scanning RNDRUSDTM...
2026-02-03 08:42:42,689 | SentinelBot | INFO | ✅ HTF CONFIRMED: H1 Trend aligns with SHORT
2026-02-03 08:42:42,690 | SentinelBot | INFO | 🚨 TRADE POTENTIAL: RNDRUSDTM | Rec: MICRO_TRADE
2026-02-03 08:42:42,690 | SentinelBot | INFO |    Reason: Good setup (0.87) but low confidence (0.52). Regime: RANGE. Trend score: -0.10, bias: SHORT
2026-02-03 08:42:42,691 | SentinelBot | INFO |    Stats: Qual=0.87 | Conf=0.52 | Dir=SHORT
2026-02-03 08:42:42,691 | SentinelBot | INFO | 🚫 ENTRY_BLOCKED | BAD_RR | RNDRUSDTM R:R = 1:0.00 < 1:2
2026-02-03 08:42:42,692 | SentinelBot | INFO | 🔍 Scanning INJUSDTM...
2026-02-03 08:42:43,779 | SentinelBot | INFO | ✅ HTF CONFIRMED: H1 Trend aligns with SHORT
2026-02-03 08:42:43,780 | SentinelBot | INFO | 🚨 TRADE POTENTIAL: INJUSDTM | Rec: ALLOW_TRADE
2026-02-03 08:42:43,780 | SentinelBot | INFO |    Reason: Strong setup (0.82) with confidence (0.66). Regime: BREAKOUT. Trend score: -0.30, bias: SHORT
2026-02-03 08:42:43,780 | SentinelBot | INFO |    Stats: Qual=0.82 | Conf=0.66 | Dir=SHORT
2026-02-03 08:42:43,781 | SentinelBot | INFO | 🚫 ENTRY_BLOCKED | BAD_RR | INJUSDTM R:R = 1:0.00 < 1:2
2026-02-03 08:42:43,782 | SentinelBot | INFO | 🔍 Scanning TIAUSDTM...
2026-02-03 08:42:44,882 | SentinelBot | INFO | ✅ HTF CONFIRMED: H1 Trend aligns with SHORT
2026-02-03 08:42:44,882 | SentinelBot | INFO | 🚨 TRADE POTENTIAL: TIAUSDTM | Rec: ALLOW_TRADE
2026-02-03 08:42:44,882 | SentinelBot | INFO |    Reason: Strong setup (0.89) with confidence (0.78). Regime: BREAKOUT. Trend score: -0.55, bias: SHORT
2026-02-03 08:42:44,883 | SentinelBot | INFO |    Stats: Qual=0.89 | Conf=0.78 | Dir=SHORT
2026-02-03 08:42:44,883 | SentinelBot | INFO | 🚫 ENTRY_BLOCKED | BAD_RR | TIAUSDTM R:R = 1:0.00 < 1:2
2026-02-03 08:42:44,883 | SentinelBot | INFO | 🔍 Scanning IMXUSDTM...
2026-02-03 08:42:45,873 | SentinelBot | INFO | ✅ HTF CONFIRMED: H1 Trend aligns with SHORT
2026-02-03 08:42:45,875 | SentinelBot | INFO | 🚨 TRADE POTENTIAL: IMXUSDTM | Rec: ALLOW_TRADE
2026-02-03 08:42:45,875 | SentinelBot | INFO |    Reason: Strong setup (1.00) with confidence (0.94). Regime: MOMENTUM. Trend score: -0.70, bias: SHORT
2026-02-03 08:42:45,875 | SentinelBot | INFO |    Stats: Qual=1.00 | Conf=0.94 | Dir=SHORT
2026-02-03 08:42:45,877 | SentinelBot | INFO | 🚫 ENTRY_BLOCKED | BAD_RR | IMXUSDTM R:R = 1:0.00 < 1:2
2026-02-03 08:42:45,877 | SentinelBot | INFO | 🔍 Scanning LDOUSDTM...
2026-02-03 08:42:46,896 | SentinelBot | INFO | ✅ HTF CONFIRMED: H1 Trend aligns with SHORT
2026-02-03 08:42:46,897 | SentinelBot | INFO | 🚨 TRADE POTENTIAL: LDOUSDTM | Rec: ALLOW_TRADE
2026-02-03 08:42:46,897 | SentinelBot | INFO |    Reason: Strong setup (0.78) with confidence (0.70). Regime: TREND_BEAR. Trend score: -0.40, bias: SHORT
2026-02-03 08:42:46,897 | SentinelBot | INFO |    Stats: Qual=0.78 | Conf=0.70 | Dir=SHORT
2026-02-03 08:42:46,898 | SentinelBot | INFO | 🚫 ENTRY_BLOCKED | BAD_RR | LDOUSDTM R:R = 1:0.00 < 1:2
2026-02-03 08:43:03,141 | SentinelBot | INFO | 💓 Loop alive | Cycle 730 | Watching 30 symbols
2026-02-03 08:43:15,747 | SentinelBot | INFO | 🔍 Scanning XBTUSDTM...
2026-02-03 08:43:16,742 | SentinelBot | INFO | ✅ HTF CONFIRMED: H1 Trend aligns with SHORT
2026-02-03 08:43:16,745 | SentinelBot | INFO | 🚨 TRADE POTENTIAL: XBTUSDTM | Rec: MICRO_TRADE
2026-02-03 08:43:16,745 | SentinelBot | INFO |    Reason: Good setup (0.75) but low confidence (0.45). Regime: RANGE. Trend score: -0.10, bias: SHORT
2026-02-03 08:43:16,745 | SentinelBot | INFO |    Stats: Qual=0.76 | Conf=0.45 | Dir=SHORT
2026-02-03 08:43:16,747 | SentinelBot | INFO | ⏳ BIAS_DETECTED | XBTUSDTM SHORT | Waiting for Zone [78600.078606 - 78624.748691]
2026-02-03 08:43:16,748 | SentinelBot | INFO | 🔍 Scanning ETHUSDTM...
2026-02-03 08:43:17,528 | SentinelBot | INFO |    📊 ETHUSDTM: Rec=NO_TRADE (Qual=0.50)
2026-02-03 08:43:17,529 | SentinelBot | INFO | 🔍 Scanning SOLUSDTM...
2026-02-03 08:43:18,562 | SentinelBot | INFO | ✅ HTF CONFIRMED: H1 Trend aligns with SHORT
2026-02-03 08:43:18,562 | SentinelBot | INFO | 🚨 TRADE POTENTIAL: SOLUSDTM | Rec: MICRO_TRADE
2026-02-03 08:43:18,564 | SentinelBot | INFO |    Reason: Good setup (0.70) but low confidence (0.42). Regime: RANGE. Trend score: -0.20, bias: SHORT
2026-02-03 08:43:18,564 | SentinelBot | INFO |    Stats: Qual=0.70 | Conf=0.42 | Dir=SHORT
2026-02-03 08:43:18,565 | SentinelBot | INFO | 🚫 ENTRY_BLOCKED | BAD_RR | SOLUSDTM R:R = 1:0.00 < 1:2
2026-02-03 08:43:18,565 | SentinelBot | INFO | 🔍 Scanning BNBUSDTM...
2026-02-03 08:43:19,561 | SentinelBot | INFO | ✅ HTF CONFIRMED: H1 Trend aligns with SHORT
2026-02-03 08:43:19,562 | SentinelBot | INFO | 🚨 TRADE POTENTIAL: BNBUSDTM | Rec: MICRO_TRADE
2026-02-03 08:43:19,562 | SentinelBot | INFO |    Reason: Good setup (0.67) but low confidence (0.40). Regime: RANGE. Trend score: -0.20, bias: SHORT
2026-02-03 08:43:19,562 | SentinelBot | INFO |    Stats: Qual=0.67 | Conf=0.40 | Dir=SHORT
2026-02-03 08:43:19,563 | SentinelBot | INFO | 🚫 ENTRY_BLOCKED | BAD_RR | BNBUSDTM R:R = 1:2.00 < 1:2
2026-02-03 08:43:19,564 | SentinelBot | INFO | 🔍 Scanning XRPUSDTM...
2026-02-03 08:43:20,666 | SentinelBot | INFO | ✅ HTF CONFIRMED: H1 Trend aligns with SHORT
2026-02-03 08:43:20,667 | SentinelBot | INFO | 🚨 TRADE POTENTIAL: XRPUSDTM | Rec: ALLOW_TRADE
2026-02-03 08:43:20,667 | SentinelBot | INFO |    Reason: Strong setup (0.79) with confidence (0.71). Regime: TREND_BEAR. Trend score: -0.30, bias: SHORT
2026-02-03 08:43:20,667 | SentinelBot | INFO |    Stats: Qual=0.79 | Conf=0.71 | Dir=SHORT
2026-02-03 08:43:20,669 | SentinelBot | INFO | 🚫 ENTRY_BLOCKED | BAD_RR | XRPUSDTM R:R = 1:0.00 < 1:2
2026-02-03 08:43:20,669 | SentinelBot | INFO | 🔍 Scanning ADAUSDTM...
2026-02-03 08:43:21,648 | SentinelBot | INFO | ✅ HTF CONFIRMED: H1 Trend aligns with SHORT
2026-02-03 08:43:21,649 | SentinelBot | INFO | 🚨 TRADE POTENTIAL: ADAUSDTM | Rec: MICRO_TRADE
2026-02-03 08:43:21,649 | SentinelBot | INFO |    Reason: Good setup (0.70) but low confidence (0.42). Regime: RANGE. Trend score: -0.20, bias: SHORT
2026-02-03 08:43:21,650 | SentinelBot | INFO |    Stats: Qual=0.70 | Conf=0.42 | Dir=SHORT
2026-02-03 08:43:21,650 | SentinelBot | INFO | 🚫 ENTRY_BLOCKED | BAD_RR | ADAUSDTM R:R = 1:0.00 < 1:2
2026-02-03 08:43:21,650 | SentinelBot | INFO | 🔍 Scanning DOGEUSDTM...
2026-02-03 08:43:22,710 | SentinelBot | INFO | ✅ HTF CONFIRMED: H1 Trend aligns with SHORT
2026-02-03 08:43:22,711 | SentinelBot | INFO | 🚨 TRADE POTENTIAL: DOGEUSDTM | Rec: ALLOW_TRADE
2026-02-03 08:43:22,711 | SentinelBot | INFO |    Reason: Strong setup (0.77) with confidence (0.62). Regime: BREAKOUT. Trend score: -0.20, bias: SHORT
2026-02-03 08:43:22,711 | SentinelBot | INFO |    Stats: Qual=0.77 | Conf=0.62 | Dir=SHORT
2026-02-03 08:43:22,711 | SentinelBot | INFO | 🚫 ENTRY_BLOCKED | BAD_RR | DOGEUSDTM R:R = 1:0.00 < 1:2
2026-02-03 08:43:22,712 | SentinelBot | INFO | 🔍 Scanning AVAXUSDTM...
2026-02-03 08:43:23,738 | SentinelBot | INFO | ✅ HTF CONFIRMED: H1 Trend aligns with SHORT
2026-02-03 08:43:23,738 | SentinelBot | INFO | 🚨 TRADE POTENTIAL: AVAXUSDTM | Rec: MICRO_TRADE
2026-02-03 08:43:23,739 | SentinelBot | INFO |    Reason: Good setup (0.73) but low confidence (0.44). Regime: RANGE. Trend score: -0.25, bias: SHORT
2026-02-03 08:43:23,739 | SentinelBot | INFO |    Stats: Qual=0.73 | Conf=0.44 | Dir=SHORT
2026-02-03 08:43:23,740 | SentinelBot | INFO | 🚫 ENTRY_BLOCKED | BAD_RR | AVAXUSDTM R:R = 1:0.00 < 1:2
2026-02-03 08:43:23,740 | SentinelBot | INFO | 🔍 Scanning LINKUSDTM...
2026-02-03 08:43:24,853 | SentinelBot | INFO | ✅ HTF CONFIRMED: H1 Trend aligns with SHORT
2026-02-03 08:43:24,854 | SentinelBot | INFO | 🚨 TRADE POTENTIAL: LINKUSDTM | Rec: ALLOW_TRADE
2026-02-03 08:43:24,855 | SentinelBot | INFO |    Reason: Strong setup (0.75) with confidence (0.60). Regime: BREAKOUT. Trend score: -0.15, bias: SHORT
2026-02-03 08:43:24,855 | SentinelBot | INFO |    Stats: Qual=0.75 | Conf=0.60 | Dir=SHORT
2026-02-03 08:43:24,856 | SentinelBot | INFO | 🚫 ENTRY_BLOCKED | BAD_RR | LINKUSDTM R:R = 1:0.00 < 1:2
2026-02-03 08:43:24,856 | SentinelBot | INFO | 🔍 Scanning DOTUSDTM...
2026-02-03 08:43:25,902 | SentinelBot | INFO | ✅ HTF CONFIRMED: H1 Trend aligns with SHORT
2026-02-03 08:43:25,903 | SentinelBot | INFO | 🚨 TRADE POTENTIAL: DOTUSDTM | Rec: ALLOW_TRADE
2026-02-03 08:43:25,903 | SentinelBot | INFO |    Reason: Strong setup (1.00) with confidence (0.90). Regime: TREND_BEAR. Trend score: -0.30, bias: SHORT
2026-02-03 08:43:25,903 | SentinelBot | INFO |    Stats: Qual=1.00 | Conf=0.90 | Dir=SHORT
2026-02-03 08:43:25,903 | SentinelBot | INFO | 🚫 ENTRY_BLOCKED | BAD_RR | DOTUSDTM R:R = 1:0.00 < 1:2
2026-02-03 08:43:25,905 | SentinelBot | INFO | 🔍 Scanning TRXUSDTM...
2026-02-03 08:43:26,844 | SentinelBot | INFO |    📊 TRXUSDTM: Rec=NO_TRADE (Qual=0.41)
2026-02-03 08:43:26,845 | SentinelBot | INFO | 🔍 Scanning LTCUSDTM...
2026-02-03 08:43:27,899 | SentinelBot | INFO | ✅ HTF CONFIRMED: H1 Trend aligns with SHORT
2026-02-03 08:43:27,900 | SentinelBot | INFO | 🚨 TRADE POTENTIAL: LTCUSDTM | Rec: MICRO_TRADE
2026-02-03 08:43:27,900 | SentinelBot | INFO |    Reason: Good setup (0.64) but low confidence (0.39). Regime: RANGE. Trend score: -0.10, bias: SHORT
2026-02-03 08:43:27,901 | SentinelBot | INFO |    Stats: Qual=0.64 | Conf=0.39 | Dir=SHORT
2026-02-03 08:43:27,901 | SentinelBot | INFO | 🚫 ENTRY_BLOCKED | BAD_RR | LTCUSDTM R:R = 1:0.00 < 1:2
2026-02-03 08:43:27,901 | SentinelBot | INFO | 🔍 Scanning MATICUSDTM...
2026-02-03 08:43:28,891 | SentinelBot | INFO | 🛑 HTF MISMATCH: MATICUSDTM Signal LONG vs Bear Trend. Blocked (Conf 0.39 < 0.80)
2026-02-03 08:43:28,891 | SentinelBot | INFO | 🔍 Scanning SHIBUSDTM...
2026-02-03 08:43:29,933 | SentinelBot | INFO | ✅ HTF CONFIRMED: H1 Trend aligns with SHORT
2026-02-03 08:43:29,933 | SentinelBot | INFO | 🚨 TRADE POTENTIAL: SHIBUSDTM | Rec: MICRO_TRADE
2026-02-03 08:43:29,933 | SentinelBot | INFO |    Reason: Good setup (0.70) but low confidence (0.42). Regime: RANGE. Trend score: -0.20, bias: SHORT
2026-02-03 08:43:29,937 | SentinelBot | INFO |    Stats: Qual=0.70 | Conf=0.42 | Dir=SHORT
2026-02-03 08:43:29,937 | SentinelBot | INFO | 🚫 ENTRY_BLOCKED | BAD_RR | SHIBUSDTM R:R = 1:0.00 < 1:2
2026-02-03 08:43:29,938 | SentinelBot | INFO | 🔍 Scanning UNIUSDTM...
2026-02-03 08:43:30,957 | SentinelBot | INFO | ✅ HTF CONFIRMED: H1 Trend aligns with SHORT
2026-02-03 08:43:30,957 | SentinelBot | INFO | 🚨 TRADE POTENTIAL: UNIUSDTM | Rec: MICRO_TRADE
2026-02-03 08:43:30,957 | SentinelBot | INFO |    Reason: Good setup (0.74) but low confidence (0.44). Regime: RANGE. Trend score: -0.20, bias: SHORT
2026-02-03 08:43:30,957 | SentinelBot | INFO |    Stats: Qual=0.74 | Conf=0.44 | Dir=SHORT
2026-02-03 08:43:30,958 | SentinelBot | INFO | 🚫 ENTRY_BLOCKED | BAD_RR | UNIUSDTM R:R = 1:0.00 < 1:2
2026-02-03 08:43:30,958 | SentinelBot | INFO | 🔍 Scanning ATOMUSDTM...
2026-02-03 08:43:32,154 | SentinelBot | INFO | ✅ HTF CONFIRMED: H1 Trend aligns with SHORT
2026-02-03 08:43:32,155 | SentinelBot | INFO | 🚨 TRADE POTENTIAL: ATOMUSDTM | Rec: ALLOW_TRADE
2026-02-03 08:43:32,155 | SentinelBot | INFO |    Reason: Strong setup (0.70) with confidence (0.66). Regime: MOMENTUM. Trend score: -0.55, bias: SHORT
2026-02-03 08:43:32,156 | SentinelBot | INFO |    Stats: Qual=0.70 | Conf=0.66 | Dir=SHORT
2026-02-03 08:43:32,157 | SentinelBot | INFO | 🚫 ENTRY_BLOCKED | BAD_RR | ATOMUSDTM R:R = 1:0.00 < 1:2
2026-02-03 08:43:32,157 | SentinelBot | INFO | 🔍 Scanning XLMUSDTM...
2026-02-03 08:43:33,128 | SentinelBot | INFO | ✅ HTF CONFIRMED: H1 Trend aligns with SHORT
2026-02-03 08:43:33,128 | SentinelBot | INFO | 🚨 TRADE POTENTIAL: XLMUSDTM | Rec: ALLOW_TRADE
2026-02-03 08:43:33,128 | SentinelBot | INFO |    Reason: Strong setup (0.81) with confidence (0.76). Regime: MOMENTUM. Trend score: -0.80, bias: SHORT
2026-02-03 08:43:33,129 | SentinelBot | INFO |    Stats: Qual=0.81 | Conf=0.76 | Dir=SHORT
2026-02-03 08:43:33,129 | SentinelBot | INFO | 🚫 ENTRY_BLOCKED | BAD_RR | XLMUSDTM R:R = 1:0.00 < 1:2
2026-02-03 08:43:33,130 | SentinelBot | INFO | 🔍 Scanning ETCUSDTM...
2026-02-03 08:43:34,131 | SentinelBot | INFO | ✅ HTF CONFIRMED: H1 Trend aligns with SHORT
2026-02-03 08:43:34,133 | SentinelBot | INFO | 🚨 TRADE POTENTIAL: ETCUSDTM | Rec: ALLOW_TRADE
2026-02-03 08:43:34,133 | SentinelBot | INFO |    Reason: Strong setup (0.90) with confidence (0.72). Regime: BREAKOUT. Trend score: -0.45, bias: SHORT
2026-02-03 08:43:34,134 | SentinelBot | INFO |    Stats: Qual=0.90 | Conf=0.72 | Dir=SHORT
2026-02-03 08:43:34,134 | SentinelBot | INFO | 🚫 ENTRY_BLOCKED | BAD_RR | ETCUSDTM R:R = 1:0.00 < 1:2
2026-02-03 08:43:34,135 | SentinelBot | INFO | 🔍 Scanning FILUSDTM...
2026-02-03 08:43:35,110 | SentinelBot | INFO | ✅ HTF CONFIRMED: H1 Trend aligns with SHORT
2026-02-03 08:43:35,111 | SentinelBot | INFO | 🚨 TRADE POTENTIAL: FILUSDTM | Rec: ALLOW_TRADE
2026-02-03 08:43:35,112 | SentinelBot | INFO |    Reason: Strong setup (0.84) with confidence (0.71). Regime: MOMENTUM. Trend score: -0.45, bias: SHORT
2026-02-03 08:43:35,112 | SentinelBot | INFO |    Stats: Qual=0.83 | Conf=0.71 | Dir=SHORT
2026-02-03 08:43:35,113 | SentinelBot | INFO | 🚫 ENTRY_BLOCKED | BAD_RR | FILUSDTM R:R = 1:0.00 < 1:2
2026-02-03 08:43:35,113 | SentinelBot | INFO | 🔍 Scanning APTUSDTM...
2026-02-03 08:43:36,173 | SentinelBot | INFO | ✅ HTF CONFIRMED: H1 Trend aligns with SHORT
2026-02-03 08:43:36,173 | SentinelBot | INFO | 🚨 TRADE POTENTIAL: APTUSDTM | Rec: ALLOW_TRADE
2026-02-03 08:43:36,173 | SentinelBot | INFO |    Reason: Strong setup (0.92) with confidence (0.78). Regime: MOMENTUM. Trend score: -0.50, bias: SHORT
2026-02-03 08:43:36,177 | SentinelBot | INFO |    Stats: Qual=0.92 | Conf=0.78 | Dir=SHORT
2026-02-03 08:43:36,177 | SentinelBot | INFO | 🚫 ENTRY_BLOCKED | BAD_RR | APTUSDTM R:R = 1:0.00 < 1:2
2026-02-03 08:43:36,177 | SentinelBot | INFO | 🔍 Scanning ARBUSDTM...
2026-02-03 08:43:37,179 | SentinelBot | INFO | ✅ HTF CONFIRMED: H1 Trend aligns with SHORT
2026-02-03 08:43:37,179 | SentinelBot | INFO | 🚨 TRADE POTENTIAL: ARBUSDTM | Rec: MICRO_TRADE
2026-02-03 08:43:37,179 | SentinelBot | INFO |    Reason: Good setup (0.78) but low confidence (0.47). Regime: RANGE. Trend score: -0.30, bias: SHORT
2026-02-03 08:43:37,179 | SentinelBot | INFO |    Stats: Qual=0.78 | Conf=0.47 | Dir=SHORT
2026-02-03 08:43:37,181 | SentinelBot | INFO | 🚫 ENTRY_BLOCKED | BAD_RR | ARBUSDTM R:R = 1:0.00 < 1:2
2026-02-03 08:43:37,181 | SentinelBot | INFO | 🔍 Scanning OPUSDTM...
2026-02-03 08:43:38,280 | SentinelBot | INFO | ✅ HTF CONFIRMED: H1 Trend aligns with SHORT
2026-02-03 08:43:38,281 | SentinelBot | INFO | 🚨 TRADE POTENTIAL: OPUSDTM | Rec: ALLOW_TRADE
2026-02-03 08:43:38,281 | SentinelBot | INFO |    Reason: Strong setup (0.77) with confidence (0.69). Regime: TREND_BEAR. Trend score: -0.35, bias: SHORT
2026-02-03 08:43:38,282 | SentinelBot | INFO |    Stats: Qual=0.77 | Conf=0.69 | Dir=SHORT
2026-02-03 08:43:38,282 | SentinelBot | INFO | 🚫 ENTRY_BLOCKED | BAD_RR | OPUSDTM R:R = 1:0.00 < 1:2
2026-02-03 08:43:38,283 | SentinelBot | INFO | 🔍 Scanning SUIUSDTM...
2026-02-03 08:43:39,333 | SentinelBot | INFO | ✅ HTF CONFIRMED: H1 Trend aligns with SHORT
2026-02-03 08:43:39,333 | SentinelBot | INFO | 🚨 TRADE POTENTIAL: SUIUSDTM | Rec: ALLOW_TRADE
2026-02-03 08:43:39,334 | SentinelBot | INFO |    Reason: Strong setup (0.84) with confidence (0.67). Regime: BREAKOUT. Trend score: -0.40, bias: SHORT
2026-02-03 08:43:39,334 | SentinelBot | INFO |    Stats: Qual=0.84 | Conf=0.67 | Dir=SHORT
2026-02-03 08:43:39,335 | SentinelBot | INFO | 🚫 ENTRY_BLOCKED | BAD_RR | SUIUSDTM R:R = 1:0.00 < 1:2
2026-02-03 08:43:39,336 | SentinelBot | INFO | 🔍 Scanning PEPEUSDTM...
2026-02-03 08:43:40,366 | SentinelBot | INFO | ✅ HTF CONFIRMED: H1 Trend aligns with SHORT
2026-02-03 08:43:40,367 | SentinelBot | INFO | 🚨 TRADE POTENTIAL: PEPEUSDTM | Rec: ALLOW_TRADE
2026-02-03 08:43:40,367 | SentinelBot | INFO |    Reason: Strong setup (0.73) with confidence (0.65). Regime: TREND_BEAR. Trend score: -0.30, bias: SHORT
2026-02-03 08:43:40,368 | SentinelBot | INFO |    Stats: Qual=0.73 | Conf=0.65 | Dir=SHORT
2026-02-03 08:43:40,368 | SentinelBot | INFO | 🚫 ENTRY_BLOCKED | BAD_RR | PEPEUSDTM R:R = 1:0.00 < 1:2
2026-02-03 08:43:40,368 | SentinelBot | INFO | 🔍 Scanning NEARUSDTM...
2026-02-03 08:43:41,402 | SentinelBot | INFO | ✅ HTF CONFIRMED: H1 Trend aligns with SHORT
2026-02-03 08:43:41,403 | SentinelBot | INFO | 🚨 TRADE POTENTIAL: NEARUSDTM | Rec: ALLOW_TRADE
2026-02-03 08:43:41,403 | SentinelBot | INFO |    Reason: Strong setup (0.78) with confidence (0.70). Regime: TREND_BEAR. Trend score: -0.35, bias: SHORT
2026-02-03 08:43:41,404 | SentinelBot | INFO |    Stats: Qual=0.78 | Conf=0.70 | Dir=SHORT
2026-02-03 08:43:41,404 | SentinelBot | INFO | 🚫 ENTRY_BLOCKED | BAD_RR | NEARUSDTM R:R = 1:0.00 < 1:2
2026-02-03 08:43:41,405 | SentinelBot | INFO | 🔍 Scanning RNDRUSDTM...
2026-02-03 08:43:42,404 | SentinelBot | INFO | ✅ HTF CONFIRMED: H1 Trend aligns with SHORT
2026-02-03 08:43:42,405 | SentinelBot | INFO | 🚨 TRADE POTENTIAL: RNDRUSDTM | Rec: MICRO_TRADE
2026-02-03 08:43:42,405 | SentinelBot | INFO |    Reason: Good setup (0.87) but low confidence (0.52). Regime: RANGE. Trend score: -0.10, bias: SHORT
2026-02-03 08:43:42,405 | SentinelBot | INFO |    Stats: Qual=0.87 | Conf=0.52 | Dir=SHORT
2026-02-03 08:43:42,406 | SentinelBot | INFO | 🚫 ENTRY_BLOCKED | BAD_RR | RNDRUSDTM R:R = 1:0.00 < 1:2
2026-02-03 08:43:42,406 | SentinelBot | INFO | 🔍 Scanning INJUSDTM...
2026-02-03 08:43:43,408 | SentinelBot | INFO | ✅ HTF CONFIRMED: H1 Trend aligns with SHORT
2026-02-03 08:43:43,409 | SentinelBot | INFO | 🚨 TRADE POTENTIAL: INJUSDTM | Rec: ALLOW_TRADE
2026-02-03 08:43:43,410 | SentinelBot | INFO |    Reason: Strong setup (0.82) with confidence (0.66). Regime: BREAKOUT. Trend score: -0.30, bias: SHORT
2026-02-03 08:43:43,410 | SentinelBot | INFO |    Stats: Qual=0.82 | Conf=0.66 | Dir=SHORT
2026-02-03 08:43:43,410 | SentinelBot | INFO | 🚫 ENTRY_BLOCKED | BAD_RR | INJUSDTM R:R = 1:0.00 < 1:2
2026-02-03 08:43:43,411 | SentinelBot | INFO | 🔍 Scanning TIAUSDTM...
2026-02-03 08:43:44,519 | SentinelBot | INFO | ✅ HTF CONFIRMED: H1 Trend aligns with SHORT
2026-02-03 08:43:44,520 | SentinelBot | INFO | 🚨 TRADE POTENTIAL: TIAUSDTM | Rec: ALLOW_TRADE
2026-02-03 08:43:44,520 | SentinelBot | INFO |    Reason: Strong setup (0.89) with confidence (0.78). Regime: BREAKOUT. Trend score: -0.55, bias: SHORT
2026-02-03 08:43:44,520 | SentinelBot | INFO |    Stats: Qual=0.89 | Conf=0.78 | Dir=SHORT
2026-02-03 08:43:44,521 | SentinelBot | INFO | 🚫 ENTRY_BLOCKED | BAD_RR | TIAUSDTM R:R = 1:0.00 < 1:2
2026-02-03 08:43:44,521 | SentinelBot | INFO | 🔍 Scanning IMXUSDTM...
2026-02-03 08:43:45,575 | SentinelBot | INFO | ✅ HTF CONFIRMED: H1 Trend aligns with SHORT
2026-02-03 08:43:45,577 | SentinelBot | INFO | 🚨 TRADE POTENTIAL: IMXUSDTM | Rec: ALLOW_TRADE
2026-02-03 08:43:45,577 | SentinelBot | INFO |    Reason: Strong setup (1.00) with confidence (0.94). Regime: MOMENTUM. Trend score: -0.70, bias: SHORT
2026-02-03 08:43:45,578 | SentinelBot | INFO |    Stats: Qual=1.00 | Conf=0.94 | Dir=SHORT
2026-02-03 08:43:45,579 | SentinelBot | INFO | 🚫 ENTRY_BLOCKED | BAD_RR | IMXUSDTM R:R = 1:0.00 < 1:2
2026-02-03 08:43:45,579 | SentinelBot | INFO | 🔍 Scanning LDOUSDTM...
2026-02-03 08:43:46,583 | SentinelBot | INFO | ✅ HTF CONFIRMED: H1 Trend aligns with SHORT
2026-02-03 08:43:46,583 | SentinelBot | INFO | 🚨 TRADE POTENTIAL: LDOUSDTM | Rec: ALLOW_TRADE
2026-02-03 08:43:46,583 | SentinelBot | INFO |    Reason: Strong setup (0.78) with confidence (0.70). Regime: TREND_BEAR. Trend score: -0.40, bias: SHORT
2026-02-03 08:43:46,585 | SentinelBot | INFO |    Stats: Qual=0.78 | Conf=0.70 | Dir=SHORT
2026-02-03 08:43:46,585 | SentinelBot | INFO | 🚫 ENTRY_BLOCKED | BAD_RR | LDOUSDTM R:R = 1:0.00 < 1:2
2026-02-03 08:43:51,667 | SentinelBot | INFO | 💓 Loop alive | Cycle 740 | Watching 30 symbols
2026-02-03 08:44:07,194 | SentinelBot | INFO | 💓 Loop alive | Cycle 750 | Watching 30 symbols
2026-02-03 08:44:16,634 | SentinelBot | INFO | 🔍 Scanning XBTUSDTM...
2026-02-03 08:44:17,881 | SentinelBot | INFO | ✅ HTF CONFIRMED: H1 Trend aligns with SHORT
2026-02-03 08:44:17,881 | SentinelBot | INFO | 🚨 TRADE POTENTIAL: XBTUSDTM | Rec: MICRO_TRADE
2026-02-03 08:44:17,881 | SentinelBot | INFO |    Reason: Good setup (0.75) but low confidence (0.45). Regime: RANGE. Trend score: -0.10, bias: SHORT
2026-02-03 08:44:17,881 | SentinelBot | INFO |    Stats: Qual=0.76 | Conf=0.45 | Dir=SHORT
2026-02-03 08:44:17,882 | SentinelBot | INFO | ⏳ BIAS_DETECTED | XBTUSDTM SHORT | Waiting for Zone [78600.078606 - 78624.748691]
2026-02-03 08:44:17,882 | SentinelBot | INFO | 🔍 Scanning ETHUSDTM...
2026-02-03 08:44:18,690 | SentinelBot | INFO |    📊 ETHUSDTM: Rec=NO_TRADE (Qual=0.50)
2026-02-03 08:44:18,690 | SentinelBot | INFO | 🔍 Scanning SOLUSDTM...
2026-02-03 08:44:19,713 | SentinelBot | INFO | ✅ HTF CONFIRMED: H1 Trend aligns with SHORT
2026-02-03 08:44:19,713 | SentinelBot | INFO | 🚨 TRADE POTENTIAL: SOLUSDTM | Rec: MICRO_TRADE
2026-02-03 08:44:19,713 | SentinelBot | INFO |    Reason: Good setup (0.70) but low confidence (0.42). Regime: RANGE. Trend score: -0.20, bias: SHORT
2026-02-03 08:44:19,715 | SentinelBot | INFO |    Stats: Qual=0.70 | Conf=0.42 | Dir=SHORT
2026-02-03 08:44:19,715 | SentinelBot | INFO | 🚫 ENTRY_BLOCKED | BAD_RR | SOLUSDTM R:R = 1:0.00 < 1:2
2026-02-03 08:44:19,716 | SentinelBot | INFO | 🔍 Scanning BNBUSDTM...
2026-02-03 08:44:20,776 | SentinelBot | INFO | ✅ HTF CONFIRMED: H1 Trend aligns with SHORT
2026-02-03 08:44:20,777 | SentinelBot | INFO | 🚨 TRADE POTENTIAL: BNBUSDTM | Rec: MICRO_TRADE
2026-02-03 08:44:20,777 | SentinelBot | INFO |    Reason: Good setup (0.67) but low confidence (0.40). Regime: RANGE. Trend score: -0.20, bias: SHORT
2026-02-03 08:44:20,778 | SentinelBot | INFO |    Stats: Qual=0.67 | Conf=0.40 | Dir=SHORT
2026-02-03 08:44:20,778 | SentinelBot | INFO | 🚫 ENTRY_BLOCKED | BAD_RR | BNBUSDTM R:R = 1:2.00 < 1:2
2026-02-03 08:44:20,779 | SentinelBot | INFO | 🔍 Scanning XRPUSDTM...
2026-02-03 08:44:21,738 | SentinelBot | INFO | ✅ HTF CONFIRMED: H1 Trend aligns with SHORT
2026-02-03 08:44:21,739 | SentinelBot | INFO | 🚨 TRADE POTENTIAL: XRPUSDTM | Rec: ALLOW_TRADE
2026-02-03 08:44:21,739 | SentinelBot | INFO |    Reason: Strong setup (0.79) with confidence (0.71). Regime: TREND_BEAR. Trend score: -0.30, bias: SHORT
2026-02-03 08:44:21,739 | SentinelBot | INFO |    Stats: Qual=0.79 | Conf=0.71 | Dir=SHORT
2026-02-03 08:44:21,741 | SentinelBot | INFO | 🚫 ENTRY_BLOCKED | BAD_RR | XRPUSDTM R:R = 1:0.00 < 1:2
2026-02-03 08:44:21,741 | SentinelBot | INFO | 🔍 Scanning ADAUSDTM...
2026-02-03 08:44:22,718 | SentinelBot | INFO | ✅ HTF CONFIRMED: H1 Trend aligns with SHORT
2026-02-03 08:44:22,719 | SentinelBot | INFO | 🚨 TRADE POTENTIAL: ADAUSDTM | Rec: MICRO_TRADE
2026-02-03 08:44:22,719 | SentinelBot | INFO |    Reason: Good setup (0.70) but low confidence (0.42). Regime: RANGE. Trend score: -0.20, bias: SHORT
2026-02-03 08:44:22,720 | SentinelBot | INFO |    Stats: Qual=0.70 | Conf=0.42 | Dir=SHORT
2026-02-03 08:44:22,720 | SentinelBot | INFO | 🚫 ENTRY_BLOCKED | BAD_RR | ADAUSDTM R:R = 1:0.00 < 1:2
2026-02-03 08:44:22,721 | SentinelBot | INFO | 🔍 Scanning DOGEUSDTM...
2026-02-03 08:44:23,792 | SentinelBot | INFO | ✅ HTF CONFIRMED: H1 Trend aligns with SHORT
2026-02-03 08:44:23,792 | SentinelBot | INFO | 🚨 TRADE POTENTIAL: DOGEUSDTM | Rec: ALLOW_TRADE
2026-02-03 08:44:23,793 | SentinelBot | INFO |    Reason: Strong setup (0.77) with confidence (0.62). Regime: BREAKOUT. Trend score: -0.20, bias: SHORT
2026-02-03 08:44:23,793 | SentinelBot | INFO |    Stats: Qual=0.77 | Conf=0.62 | Dir=SHORT
2026-02-03 08:44:23,793 | SentinelBot | INFO | 🚫 ENTRY_BLOCKED | BAD_RR | DOGEUSDTM R:R = 1:0.00 < 1:2
2026-02-03 08:44:23,794 | SentinelBot | INFO | 🔍 Scanning AVAXUSDTM...
2026-02-03 08:44:24,805 | SentinelBot | INFO | ✅ HTF CONFIRMED: H1 Trend aligns with SHORT
2026-02-03 08:44:24,806 | SentinelBot | INFO | 🚨 TRADE POTENTIAL: AVAXUSDTM | Rec: MICRO_TRADE
2026-02-03 08:44:24,806 | SentinelBot | INFO |    Reason: Good setup (0.73) but low confidence (0.44). Regime: RANGE. Trend score: -0.25, bias: SHORT
2026-02-03 08:44:24,807 | SentinelBot | INFO |    Stats: Qual=0.73 | Conf=0.44 | Dir=SHORT
2026-02-03 08:44:24,807 | SentinelBot | INFO | 🚫 ENTRY_BLOCKED | BAD_RR | AVAXUSDTM R:R = 1:0.00 < 1:2
2026-02-03 08:44:24,807 | SentinelBot | INFO | 🔍 Scanning LINKUSDTM...
2026-02-03 08:44:25,846 | SentinelBot | INFO | ✅ HTF CONFIRMED: H1 Trend aligns with SHORT
2026-02-03 08:44:25,846 | SentinelBot | INFO | 🚨 TRADE POTENTIAL: LINKUSDTM | Rec: ALLOW_TRADE
2026-02-03 08:44:25,846 | SentinelBot | INFO |    Reason: Strong setup (0.75) with confidence (0.60). Regime: BREAKOUT. Trend score: -0.15, bias: SHORT
2026-02-03 08:44:25,847 | SentinelBot | INFO |    Stats: Qual=0.75 | Conf=0.60 | Dir=SHORT
2026-02-03 08:44:25,848 | SentinelBot | INFO | 🚫 ENTRY_BLOCKED | BAD_RR | LINKUSDTM R:R = 1:0.00 < 1:2
2026-02-03 08:44:25,848 | SentinelBot | INFO | 🔍 Scanning DOTUSDTM...
2026-02-03 08:44:27,096 | SentinelBot | INFO | ✅ HTF CONFIRMED: H1 Trend aligns with SHORT
2026-02-03 08:44:27,097 | SentinelBot | INFO | 🚨 TRADE POTENTIAL: DOTUSDTM | Rec: ALLOW_TRADE
2026-02-03 08:44:27,097 | SentinelBot | INFO |    Reason: Strong setup (1.00) with confidence (0.90). Regime: TREND_BEAR. Trend score: -0.30, bias: SHORT
2026-02-03 08:44:27,097 | SentinelBot | INFO |    Stats: Qual=1.00 | Conf=0.90 | Dir=SHORT
2026-02-03 08:44:27,098 | SentinelBot | INFO | 🚫 ENTRY_BLOCKED | BAD_RR | DOTUSDTM R:R = 1:0.00 < 1:2
2026-02-03 08:44:27,099 | SentinelBot | INFO | 🔍 Scanning TRXUSDTM...
2026-02-03 08:44:27,880 | SentinelBot | INFO |    📊 TRXUSDTM: Rec=NO_TRADE (Qual=0.41)
2026-02-03 08:44:27,881 | SentinelBot | INFO | 🔍 Scanning LTCUSDTM...
2026-02-03 08:44:28,913 | SentinelBot | INFO | ✅ HTF CONFIRMED: H1 Trend aligns with SHORT
2026-02-03 08:44:28,913 | SentinelBot | INFO | 🚨 TRADE POTENTIAL: LTCUSDTM | Rec: MICRO_TRADE
2026-02-03 08:44:28,915 | SentinelBot | INFO |    Reason: Good setup (0.64) but low confidence (0.39). Regime: RANGE. Trend score: -0.10, bias: SHORT
2026-02-03 08:44:28,915 | SentinelBot | INFO |    Stats: Qual=0.64 | Conf=0.39 | Dir=SHORT
2026-02-03 08:44:28,915 | SentinelBot | INFO | 🚫 ENTRY_BLOCKED | BAD_RR | LTCUSDTM R:R = 1:0.00 < 1:2
2026-02-03 08:44:28,915 | SentinelBot | INFO | 🔍 Scanning MATICUSDTM...
2026-02-03 08:44:29,961 | SentinelBot | INFO | 🛑 HTF MISMATCH: MATICUSDTM Signal LONG vs Bear Trend. Blocked (Conf 0.39 < 0.80)
2026-02-03 08:44:29,961 | SentinelBot | INFO | 🔍 Scanning SHIBUSDTM...
2026-02-03 08:44:31,005 | SentinelBot | INFO | ✅ HTF CONFIRMED: H1 Trend aligns with SHORT
2026-02-03 08:44:31,005 | SentinelBot | INFO | 🚨 TRADE POTENTIAL: SHIBUSDTM | Rec: MICRO_TRADE
2026-02-03 08:44:31,006 | SentinelBot | INFO |    Reason: Good setup (0.70) but low confidence (0.42). Regime: RANGE. Trend score: -0.20, bias: SHORT
2026-02-03 08:44:31,006 | SentinelBot | INFO |    Stats: Qual=0.70 | Conf=0.42 | Dir=SHORT
2026-02-03 08:44:31,006 | SentinelBot | INFO | 🚫 ENTRY_BLOCKED | BAD_RR | SHIBUSDTM R:R = 1:0.00 < 1:2
2026-02-03 08:44:31,007 | SentinelBot | INFO | 🔍 Scanning UNIUSDTM...
2026-02-03 08:44:32,227 | SentinelBot | INFO | ✅ HTF CONFIRMED: H1 Trend aligns with SHORT
2026-02-03 08:44:32,227 | SentinelBot | INFO | 🚨 TRADE POTENTIAL: UNIUSDTM | Rec: MICRO_TRADE
2026-02-03 08:44:32,227 | SentinelBot | INFO |    Reason: Good setup (0.74) but low confidence (0.44). Regime: RANGE. Trend score: -0.20, bias: SHORT
2026-02-03 08:44:32,228 | SentinelBot | INFO |    Stats: Qual=0.74 | Conf=0.44 | Dir=SHORT
2026-02-03 08:44:32,228 | SentinelBot | INFO | 🚫 ENTRY_BLOCKED | BAD_RR | UNIUSDTM R:R = 1:0.00 < 1:2
2026-02-03 08:44:32,229 | SentinelBot | INFO | 🔍 Scanning ATOMUSDTM...
2026-02-03 08:44:33,256 | SentinelBot | INFO | ✅ HTF CONFIRMED: H1 Trend aligns with SHORT
2026-02-03 08:44:33,256 | SentinelBot | INFO | 🚨 TRADE POTENTIAL: ATOMUSDTM | Rec: ALLOW_TRADE
2026-02-03 08:44:33,257 | SentinelBot | INFO |    Reason: Strong setup (0.70) with confidence (0.66). Regime: MOMENTUM. Trend score: -0.55, bias: SHORT
2026-02-03 08:44:33,257 | SentinelBot | INFO |    Stats: Qual=0.70 | Conf=0.66 | Dir=SHORT
2026-02-03 08:44:33,258 | SentinelBot | INFO | 🚫 ENTRY_BLOCKED | BAD_RR | ATOMUSDTM R:R = 1:0.00 < 1:2
2026-02-03 08:44:33,258 | SentinelBot | INFO | 🔍 Scanning XLMUSDTM...
2026-02-03 08:44:34,215 | SentinelBot | INFO | ✅ HTF CONFIRMED: H1 Trend aligns with SHORT
2026-02-03 08:44:34,215 | SentinelBot | INFO | 🚨 TRADE POTENTIAL: XLMUSDTM | Rec: ALLOW_TRADE
2026-02-03 08:44:34,215 | SentinelBot | INFO |    Reason: Strong setup (0.81) with confidence (0.76). Regime: MOMENTUM. Trend score: -0.80, bias: SHORT
2026-02-03 08:44:34,216 | SentinelBot | INFO |    Stats: Qual=0.81 | Conf=0.76 | Dir=SHORT
2026-02-03 08:44:34,216 | SentinelBot | INFO | 🚫 ENTRY_BLOCKED | BAD_RR | XLMUSDTM R:R = 1:0.00 < 1:2
2026-02-03 08:44:34,217 | SentinelBot | INFO | 🔍 Scanning ETCUSDTM...
2026-02-03 08:44:35,205 | SentinelBot | INFO | ✅ HTF CONFIRMED: H1 Trend aligns with SHORT
2026-02-03 08:44:35,206 | SentinelBot | INFO | 🚨 TRADE POTENTIAL: ETCUSDTM | Rec: ALLOW_TRADE
2026-02-03 08:44:35,206 | SentinelBot | INFO |    Reason: Strong setup (0.90) with confidence (0.72). Regime: BREAKOUT. Trend score: -0.45, bias: SHORT
2026-02-03 08:44:35,206 | SentinelBot | INFO |    Stats: Qual=0.90 | Conf=0.72 | Dir=SHORT
2026-02-03 08:44:35,206 | SentinelBot | INFO | 🚫 ENTRY_BLOCKED | BAD_RR | ETCUSDTM R:R = 1:0.00 < 1:2
2026-02-03 08:44:35,206 | SentinelBot | INFO | 🔍 Scanning FILUSDTM...
2026-02-03 08:44:36,201 | SentinelBot | INFO | ✅ HTF CONFIRMED: H1 Trend aligns with SHORT
2026-02-03 08:44:36,201 | SentinelBot | INFO | 🚨 TRADE POTENTIAL: FILUSDTM | Rec: ALLOW_TRADE
2026-02-03 08:44:36,201 | SentinelBot | INFO |    Reason: Strong setup (0.84) with confidence (0.71). Regime: MOMENTUM. Trend score: -0.45, bias: SHORT
2026-02-03 08:44:36,201 | SentinelBot | INFO |    Stats: Qual=0.83 | Conf=0.71 | Dir=SHORT
2026-02-03 08:44:36,201 | SentinelBot | INFO | 🚫 ENTRY_BLOCKED | BAD_RR | FILUSDTM R:R = 1:0.00 < 1:2
2026-02-03 08:44:36,203 | SentinelBot | INFO | 🔍 Scanning APTUSDTM...
2026-02-03 08:44:37,256 | SentinelBot | INFO | ✅ HTF CONFIRMED: H1 Trend aligns with SHORT
2026-02-03 08:44:37,256 | SentinelBot | INFO | 🚨 TRADE POTENTIAL: APTUSDTM | Rec: ALLOW_TRADE
2026-02-03 08:44:37,256 | SentinelBot | INFO |    Reason: Strong setup (0.92) with confidence (0.78). Regime: MOMENTUM. Trend score: -0.50, bias: SHORT
2026-02-03 08:44:37,256 | SentinelBot | INFO |    Stats: Qual=0.92 | Conf=0.78 | Dir=SHORT
2026-02-03 08:44:37,256 | SentinelBot | INFO | 🚫 ENTRY_BLOCKED | BAD_RR | APTUSDTM R:R = 1:0.00 < 1:2
2026-02-03 08:44:37,256 | SentinelBot | INFO | 🔍 Scanning ARBUSDTM...
2026-02-03 08:44:38,298 | SentinelBot | INFO | ✅ HTF CONFIRMED: H1 Trend aligns with SHORT
2026-02-03 08:44:38,298 | SentinelBot | INFO | 🚨 TRADE POTENTIAL: ARBUSDTM | Rec: MICRO_TRADE
2026-02-03 08:44:38,298 | SentinelBot | INFO |    Reason: Good setup (0.78) but low confidence (0.47). Regime: RANGE. Trend score: -0.30, bias: SHORT
2026-02-03 08:44:38,298 | SentinelBot | INFO |    Stats: Qual=0.78 | Conf=0.47 | Dir=SHORT
2026-02-03 08:44:38,303 | SentinelBot | INFO | 🚫 ENTRY_BLOCKED | BAD_RR | ARBUSDTM R:R = 1:0.00 < 1:2
2026-02-03 08:44:38,303 | SentinelBot | INFO | 🔍 Scanning OPUSDTM...
2026-02-03 08:44:39,338 | SentinelBot | INFO | ✅ HTF CONFIRMED: H1 Trend aligns with SHORT
2026-02-03 08:44:39,338 | SentinelBot | INFO | 🚨 TRADE POTENTIAL: OPUSDTM | Rec: ALLOW_TRADE
2026-02-03 08:44:39,338 | SentinelBot | INFO |    Reason: Strong setup (0.77) with confidence (0.69). Regime: TREND_BEAR. Trend score: -0.35, bias: SHORT
2026-02-03 08:44:39,339 | SentinelBot | INFO |    Stats: Qual=0.77 | Conf=0.69 | Dir=SHORT
2026-02-03 08:44:39,339 | SentinelBot | INFO | 🚫 ENTRY_BLOCKED | BAD_RR | OPUSDTM R:R = 1:0.00 < 1:2
2026-02-03 08:44:39,339 | SentinelBot | INFO | 🔍 Scanning SUIUSDTM...
2026-02-03 08:44:40,432 | SentinelBot | INFO | ✅ HTF CONFIRMED: H1 Trend aligns with SHORT
2026-02-03 08:44:40,438 | SentinelBot | INFO | 🚨 TRADE POTENTIAL: SUIUSDTM | Rec: ALLOW_TRADE
2026-02-03 08:44:40,438 | SentinelBot | INFO |    Reason: Strong setup (0.84) with confidence (0.67). Regime: BREAKOUT. Trend score: -0.40, bias: SHORT
2026-02-03 08:44:40,438 | SentinelBot | INFO |    Stats: Qual=0.84 | Conf=0.67 | Dir=SHORT
2026-02-03 08:44:40,438 | SentinelBot | INFO | 🚫 ENTRY_BLOCKED | BAD_RR | SUIUSDTM R:R = 1:0.00 < 1:2
2026-02-03 08:44:40,438 | SentinelBot | INFO | 🔍 Scanning PEPEUSDTM...
2026-02-03 08:44:41,428 | SentinelBot | INFO | ✅ HTF CONFIRMED: H1 Trend aligns with SHORT
2026-02-03 08:44:41,428 | SentinelBot | INFO | 🚨 TRADE POTENTIAL: PEPEUSDTM | Rec: ALLOW_TRADE
2026-02-03 08:44:41,429 | SentinelBot | INFO |    Reason: Strong setup (0.73) with confidence (0.65). Regime: TREND_BEAR. Trend score: -0.30, bias: SHORT
2026-02-03 08:44:41,429 | SentinelBot | INFO |    Stats: Qual=0.73 | Conf=0.65 | Dir=SHORT
2026-02-03 08:44:41,429 | SentinelBot | INFO | 🚫 ENTRY_BLOCKED | BAD_RR | PEPEUSDTM R:R = 1:0.00 < 1:2
2026-02-03 08:44:41,431 | SentinelBot | INFO | 🔍 Scanning NEARUSDTM...
2026-02-03 08:44:42,555 | SentinelBot | INFO | ✅ HTF CONFIRMED: H1 Trend aligns with SHORT
2026-02-03 08:44:42,555 | SentinelBot | INFO | 🚨 TRADE POTENTIAL: NEARUSDTM | Rec: ALLOW_TRADE
2026-02-03 08:44:42,556 | SentinelBot | INFO |    Reason: Strong setup (0.78) with confidence (0.70). Regime: TREND_BEAR. Trend score: -0.35, bias: SHORT
2026-02-03 08:44:42,556 | SentinelBot | INFO |    Stats: Qual=0.78 | Conf=0.70 | Dir=SHORT
2026-02-03 08:44:42,557 | SentinelBot | INFO | 🚫 ENTRY_BLOCKED | BAD_RR | NEARUSDTM R:R = 1:0.00 < 1:2
2026-02-03 08:44:42,557 | SentinelBot | INFO | 🔍 Scanning RNDRUSDTM...
2026-02-03 08:44:43,529 | SentinelBot | INFO | ✅ HTF CONFIRMED: H1 Trend aligns with SHORT
2026-02-03 08:44:43,529 | SentinelBot | INFO | 🚨 TRADE POTENTIAL: RNDRUSDTM | Rec: MICRO_TRADE
2026-02-03 08:44:43,529 | SentinelBot | INFO |    Reason: Good setup (0.87) but low confidence (0.52). Regime: RANGE. Trend score: -0.10, bias: SHORT
2026-02-03 08:44:43,529 | SentinelBot | INFO |    Stats: Qual=0.87 | Conf=0.52 | Dir=SHORT
2026-02-03 08:44:43,531 | SentinelBot | INFO | 🚫 ENTRY_BLOCKED | BAD_RR | RNDRUSDTM R:R = 1:0.00 < 1:2
2026-02-03 08:44:43,532 | SentinelBot | INFO | 🔍 Scanning INJUSDTM...
2026-02-03 08:44:44,584 | SentinelBot | INFO | ✅ HTF CONFIRMED: H1 Trend aligns with SHORT
2026-02-03 08:44:44,584 | SentinelBot | INFO | 🚨 TRADE POTENTIAL: INJUSDTM | Rec: ALLOW_TRADE
2026-02-03 08:44:44,585 | SentinelBot | INFO |    Reason: Strong setup (0.82) with confidence (0.66). Regime: BREAKOUT. Trend score: -0.30, bias: SHORT
2026-02-03 08:44:44,585 | SentinelBot | INFO |    Stats: Qual=0.82 | Conf=0.66 | Dir=SHORT
2026-02-03 08:44:44,586 | SentinelBot | INFO | 🚫 ENTRY_BLOCKED | BAD_RR | INJUSDTM R:R = 1:0.00 < 1:2
2026-02-03 08:44:44,586 | SentinelBot | INFO | 🔍 Scanning TIAUSDTM...
2026-02-03 08:44:45,639 | SentinelBot | INFO | ✅ HTF CONFIRMED: H1 Trend aligns with SHORT
2026-02-03 08:44:45,644 | SentinelBot | INFO | 🚨 TRADE POTENTIAL: TIAUSDTM | Rec: ALLOW_TRADE
2026-02-03 08:44:45,645 | SentinelBot | INFO |    Reason: Strong setup (0.89) with confidence (0.78). Regime: BREAKOUT. Trend score: -0.55, bias: SHORT
2026-02-03 08:44:45,646 | SentinelBot | INFO |    Stats: Qual=0.89 | Conf=0.78 | Dir=SHORT
2026-02-03 08:44:45,646 | SentinelBot | INFO | 🚫 ENTRY_BLOCKED | BAD_RR | TIAUSDTM R:R = 1:0.00 < 1:2
2026-02-03 08:44:45,646 | SentinelBot | INFO | 🔍 Scanning IMXUSDTM...
2026-02-03 08:44:46,631 | SentinelBot | INFO | ✅ HTF CONFIRMED: H1 Trend aligns with SHORT
2026-02-03 08:44:46,631 | SentinelBot | INFO | 🚨 TRADE POTENTIAL: IMXUSDTM | Rec: ALLOW_TRADE
2026-02-03 08:44:46,631 | SentinelBot | INFO |    Reason: Strong setup (1.00) with confidence (0.94). Regime: MOMENTUM. Trend score: -0.70, bias: SHORT
2026-02-03 08:44:46,631 | SentinelBot | INFO |    Stats: Qual=1.00 | Conf=0.94 | Dir=SHORT
2026-02-03 08:44:46,631 | SentinelBot | INFO | 🚫 ENTRY_BLOCKED | BAD_RR | IMXUSDTM R:R = 1:0.00 < 1:2
2026-02-03 08:44:46,636 | SentinelBot | INFO | 🔍 Scanning LDOUSDTM...
2026-02-03 08:44:47,615 | SentinelBot | INFO | ✅ HTF CONFIRMED: H1 Trend aligns with SHORT
2026-02-03 08:44:47,616 | SentinelBot | INFO | 🚨 TRADE POTENTIAL: LDOUSDTM | Rec: ALLOW_TRADE
2026-02-03 08:44:47,616 | SentinelBot | INFO |    Reason: Strong setup (0.78) with confidence (0.70). Regime: TREND_BEAR. Trend score: -0.40, bias: SHORT
2026-02-03 08:44:47,616 | SentinelBot | INFO |    Stats: Qual=0.78 | Conf=0.70 | Dir=SHORT
2026-02-03 08:44:47,617 | SentinelBot | INFO | 🚫 ENTRY_BLOCKED | BAD_RR | LDOUSDTM R:R = 1:0.00 < 1:2
2026-02-03 08:44:55,744 | SentinelBot | INFO | 💓 Loop alive | Cycle 760 | Watching 30 symbols
2026-02-03 08:45:11,332 | SentinelBot | INFO | 💓 Loop alive | Cycle 770 | Watching 30 symbols
2026-02-03 08:45:17,904 | SentinelBot | INFO | 🔍 Scanning XBTUSDTM...
2026-02-03 08:45:18,697 | SentinelBot | INFO |    📊 XBTUSDTM: Rec=NO_TRADE (Qual=0.73)
2026-02-03 08:45:18,698 | SentinelBot | INFO | 🔍 Scanning ETHUSDTM...
2026-02-03 08:45:19,466 | SentinelBot | INFO |    📊 ETHUSDTM: Rec=NO_TRADE (Qual=0.95)
2026-02-03 08:45:19,467 | SentinelBot | INFO | 🔍 Scanning SOLUSDTM...
2026-02-03 08:45:20,291 | SentinelBot | INFO |    📊 SOLUSDTM: Rec=NO_TRADE (Qual=0.69)
2026-02-03 08:45:20,292 | SentinelBot | INFO | 🔍 Scanning BNBUSDTM...
2026-02-03 08:45:21,084 | SentinelBot | INFO |    📊 BNBUSDTM: Rec=NO_TRADE (Qual=0.73)
2026-02-03 08:45:21,084 | SentinelBot | INFO | 🔍 Scanning XRPUSDTM...
2026-02-03 08:45:21,915 | SentinelBot | INFO |    📊 XRPUSDTM: Rec=NO_TRADE (Qual=1.00)
2026-02-03 08:45:21,915 | SentinelBot | INFO | 🔍 Scanning ADAUSDTM...
2026-02-03 08:45:22,694 | SentinelBot | INFO |    📊 ADAUSDTM: Rec=NO_TRADE (Qual=0.96)
2026-02-03 08:45:22,694 | SentinelBot | INFO | 🔍 Scanning DOGEUSDTM...
2026-02-03 08:45:23,679 | SentinelBot | INFO | ✅ HTF CONFIRMED: H1 Trend aligns with SHORT
2026-02-03 08:45:23,679 | SentinelBot | INFO | 🚨 TRADE POTENTIAL: DOGEUSDTM | Rec: ALLOW_TRADE
2026-02-03 08:45:23,680 | SentinelBot | INFO |    Reason: Strong setup (1.00) with confidence (0.80). Regime: BREAKOUT. Trend score: -0.30, bias: SHORT
2026-02-03 08:45:23,680 | SentinelBot | INFO |    Stats: Qual=1.00 | Conf=0.80 | Dir=SHORT
2026-02-03 08:45:23,681 | SentinelBot | INFO | 🚫 ENTRY_BLOCKED | BAD_RR | DOGEUSDTM R:R = 1:0.00 < 1:2
2026-02-03 08:45:23,682 | SentinelBot | INFO | 🔍 Scanning AVAXUSDTM...
2026-02-03 08:45:24,700 | SentinelBot | INFO | ✅ HTF CONFIRMED: H1 Trend aligns with SHORT
2026-02-03 08:45:24,700 | SentinelBot | INFO | 🚨 TRADE POTENTIAL: AVAXUSDTM | Rec: MICRO_TRADE
2026-02-03 08:45:24,701 | SentinelBot | INFO |    Reason: Good setup (0.73) but low confidence (0.44). Regime: RANGE. Trend score: -0.25, bias: SHORT
2026-02-03 08:45:24,701 | SentinelBot | INFO |    Stats: Qual=0.73 | Conf=0.44 | Dir=SHORT
2026-02-03 08:45:24,702 | SentinelBot | INFO | 🚫 ENTRY_BLOCKED | BAD_RR | AVAXUSDTM R:R = 1:0.00 < 1:2
2026-02-03 08:45:24,702 | SentinelBot | INFO | 🔍 Scanning LINKUSDTM...
2026-02-03 08:45:25,544 | SentinelBot | INFO |    📊 LINKUSDTM: Rec=NO_TRADE (Qual=0.98)
2026-02-03 08:45:25,544 | SentinelBot | INFO | 🔍 Scanning DOTUSDTM...
2026-02-03 08:45:26,385 | SentinelBot | INFO |    📊 DOTUSDTM: Rec=NO_TRADE (Qual=1.00)
2026-02-03 08:45:26,385 | SentinelBot | INFO | 🔍 Scanning TRXUSDTM...
2026-02-03 08:45:27,398 | SentinelBot | INFO |    📊 TRXUSDTM: Rec=NO_TRADE (Qual=0.41)
2026-02-03 08:45:27,399 | SentinelBot | INFO | 🔍 Scanning LTCUSDTM...
2026-02-03 08:45:28,278 | SentinelBot | INFO |    📊 LTCUSDTM: Rec=NO_TRADE (Qual=0.56)
2026-02-03 08:45:28,279 | SentinelBot | INFO | 🔍 Scanning MATICUSDTM...
2026-02-03 08:45:29,377 | SentinelBot | INFO | 🛑 HTF MISMATCH: MATICUSDTM Signal LONG vs Bear Trend. Blocked (Conf 0.39 < 0.80)
2026-02-03 08:45:29,377 | SentinelBot | INFO | 🔍 Scanning SHIBUSDTM...
2026-02-03 08:45:30,212 | SentinelBot | INFO |    📊 SHIBUSDTM: Rec=NO_TRADE (Qual=0.65)
2026-02-03 08:45:30,215 | SentinelBot | INFO | 🔍 Scanning UNIUSDTM...
2026-02-03 08:45:31,045 | SentinelBot | INFO |    📊 UNIUSDTM: Rec=NO_TRADE (Qual=0.66)
2026-02-03 08:45:31,046 | SentinelBot | INFO | 🔍 Scanning ATOMUSDTM...
2026-02-03 08:45:32,054 | SentinelBot | INFO | ✅ HTF CONFIRMED: H1 Trend aligns with SHORT
2026-02-03 08:45:32,054 | SentinelBot | INFO | 🚨 TRADE POTENTIAL: ATOMUSDTM | Rec: ALLOW_TRADE
2026-02-03 08:45:32,056 | SentinelBot | INFO |    Reason: Strong setup (0.70) with confidence (0.66). Regime: MOMENTUM. Trend score: -0.55, bias: SHORT
2026-02-03 08:45:32,057 | SentinelBot | INFO |    Stats: Qual=0.70 | Conf=0.66 | Dir=SHORT
2026-02-03 08:45:32,057 | SentinelBot | INFO | 🚫 ENTRY_BLOCKED | BAD_RR | ATOMUSDTM R:R = 1:0.00 < 1:2
2026-02-03 08:45:32,058 | SentinelBot | INFO | 🔍 Scanning XLMUSDTM...
2026-02-03 08:45:32,867 | SentinelBot | INFO |    📊 XLMUSDTM: Rec=NO_TRADE (Qual=0.75)
2026-02-03 08:45:32,868 | SentinelBot | INFO | 🔍 Scanning ETCUSDTM...
2026-02-03 08:45:33,898 | SentinelBot | INFO | ✅ HTF CONFIRMED: H1 Trend aligns with SHORT
2026-02-03 08:45:33,898 | SentinelBot | INFO | 🚨 TRADE POTENTIAL: ETCUSDTM | Rec: ALLOW_TRADE
2026-02-03 08:45:33,899 | SentinelBot | INFO |    Reason: Strong setup (0.90) with confidence (0.72). Regime: BREAKOUT. Trend score: -0.45, bias: SHORT
2026-02-03 08:45:33,899 | SentinelBot | INFO |    Stats: Qual=0.90 | Conf=0.72 | Dir=SHORT
2026-02-03 08:45:33,899 | SentinelBot | INFO | 🚫 ENTRY_BLOCKED | BAD_RR | ETCUSDTM R:R = 1:0.00 < 1:2
2026-02-03 08:45:33,900 | SentinelBot | INFO | 🔍 Scanning FILUSDTM...
2026-02-03 08:45:34,663 | SentinelBot | INFO |    📊 FILUSDTM: Rec=NO_TRADE (Qual=1.00)
2026-02-03 08:45:34,665 | SentinelBot | INFO | 🔍 Scanning APTUSDTM...
2026-02-03 08:45:35,462 | SentinelBot | INFO |    📊 APTUSDTM: Rec=NO_TRADE (Qual=0.76)
2026-02-03 08:45:35,462 | SentinelBot | INFO | 🔍 Scanning ARBUSDTM...
2026-02-03 08:45:36,291 | SentinelBot | INFO |    📊 ARBUSDTM: Rec=NO_TRADE (Qual=0.68)
2026-02-03 08:45:36,291 | SentinelBot | INFO | 🔍 Scanning OPUSDTM...
2026-02-03 08:45:37,177 | SentinelBot | INFO |    📊 OPUSDTM: Rec=NO_TRADE (Qual=0.97)
2026-02-03 08:45:37,177 | SentinelBot | INFO | 🔍 Scanning SUIUSDTM...
2026-02-03 08:45:37,962 | SentinelBot | INFO |    📊 SUIUSDTM: Rec=NO_TRADE (Qual=0.73)
2026-02-03 08:45:37,965 | SentinelBot | INFO | 🔍 Scanning PEPEUSDTM...
2026-02-03 08:45:38,792 | SentinelBot | INFO |    📊 PEPEUSDTM: Rec=NO_TRADE (Qual=0.72)
2026-02-03 08:45:38,792 | SentinelBot | INFO | 🔍 Scanning NEARUSDTM...
2026-02-03 08:45:39,610 | SentinelBot | INFO |    📊 NEARUSDTM: Rec=NO_TRADE (Qual=0.72)
2026-02-03 08:45:39,610 | SentinelBot | INFO | 🔍 Scanning RNDRUSDTM...
2026-02-03 08:45:40,843 | SentinelBot | INFO | ✅ HTF CONFIRMED: H1 Trend aligns with SHORT
2026-02-03 08:45:40,843 | SentinelBot | INFO | 🚨 TRADE POTENTIAL: RNDRUSDTM | Rec: MICRO_TRADE
2026-02-03 08:45:40,844 | SentinelBot | INFO |    Reason: Good setup (0.87) but low confidence (0.52). Regime: RANGE. Trend score: -0.10, bias: SHORT
2026-02-03 08:45:40,844 | SentinelBot | INFO |    Stats: Qual=0.87 | Conf=0.52 | Dir=SHORT
2026-02-03 08:45:40,844 | SentinelBot | INFO | 🚫 ENTRY_BLOCKED | BAD_RR | RNDRUSDTM R:R = 1:0.00 < 1:2
2026-02-03 08:45:40,845 | SentinelBot | INFO | 🔍 Scanning INJUSDTM...
2026-02-03 08:45:41,640 | SentinelBot | INFO |    📊 INJUSDTM: Rec=NO_TRADE (Qual=0.77)
2026-02-03 08:45:41,641 | SentinelBot | INFO | 🔍 Scanning TIAUSDTM...
2026-02-03 08:45:42,484 | SentinelBot | INFO |    📊 TIAUSDTM: Rec=NO_TRADE (Qual=1.00)
2026-02-03 08:45:42,485 | SentinelBot | INFO | 🔍 Scanning IMXUSDTM...
2026-02-03 08:45:43,318 | SentinelBot | INFO |    📊 IMXUSDTM: Rec=NO_TRADE (Qual=1.00)
2026-02-03 08:45:43,319 | SentinelBot | INFO | 🔍 Scanning LDOUSDTM...
2026-02-03 08:45:44,147 | SentinelBot | INFO |    📊 LDOUSDTM: Rec=NO_TRADE (Qual=1.00)
2026-02-03 08:45:55,400 | SentinelBot | INFO | 💓 Loop alive | Cycle 780 | Watching 30 symbols
2026-02-03 08:46:10,974 | SentinelBot | INFO | 💓 Loop alive | Cycle 790 | Watching 30 symbols
2026-02-03 08:46:18,368 | SentinelBot | INFO | 🔍 Scanning XBTUSDTM...
2026-02-03 08:46:19,178 | SentinelBot | INFO |    📊 XBTUSDTM: Rec=NO_TRADE (Qual=0.73)
2026-02-03 08:46:19,179 | SentinelBot | INFO | 🔍 Scanning ETHUSDTM...
2026-02-03 08:46:19,937 | SentinelBot | INFO |    📊 ETHUSDTM: Rec=NO_TRADE (Qual=0.95)
2026-02-03 08:46:19,940 | SentinelBot | INFO | 🔍 Scanning SOLUSDTM...
2026-02-03 08:46:20,732 | SentinelBot | INFO |    📊 SOLUSDTM: Rec=NO_TRADE (Qual=0.69)
2026-02-03 08:46:20,732 | SentinelBot | INFO | 🔍 Scanning BNBUSDTM...
2026-02-03 08:46:21,563 | SentinelBot | INFO |    📊 BNBUSDTM: Rec=NO_TRADE (Qual=0.73)
2026-02-03 08:46:21,564 | SentinelBot | INFO | 🔍 Scanning XRPUSDTM...
2026-02-03 08:46:22,325 | SentinelBot | INFO |    📊 XRPUSDTM: Rec=NO_TRADE (Qual=1.00)
2026-02-03 08:46:22,325 | SentinelBot | INFO | 🔍 Scanning ADAUSDTM...
2026-02-03 08:46:23,127 | SentinelBot | INFO |    📊 ADAUSDTM: Rec=NO_TRADE (Qual=0.96)
2026-02-03 08:46:23,129 | SentinelBot | INFO | 🔍 Scanning DOGEUSDTM...
2026-02-03 08:46:24,164 | SentinelBot | INFO | ✅ HTF CONFIRMED: H1 Trend aligns with SHORT
2026-02-03 08:46:24,165 | SentinelBot | INFO | 🚨 TRADE POTENTIAL: DOGEUSDTM | Rec: ALLOW_TRADE
2026-02-03 08:46:24,165 | SentinelBot | INFO |    Reason: Strong setup (1.00) with confidence (0.80). Regime: BREAKOUT. Trend score: -0.30, bias: SHORT
2026-02-03 08:46:24,165 | SentinelBot | INFO |    Stats: Qual=1.00 | Conf=0.80 | Dir=SHORT
2026-02-03 08:46:24,166 | SentinelBot | INFO | 🚫 ENTRY_BLOCKED | BAD_RR | DOGEUSDTM R:R = 1:0.00 < 1:2
2026-02-03 08:46:24,166 | SentinelBot | INFO | 🔍 Scanning AVAXUSDTM...
2026-02-03 08:46:24,941 | SentinelBot | INFO |    📊 AVAXUSDTM: Rec=NO_TRADE (Qual=0.99)
2026-02-03 08:46:24,941 | SentinelBot | INFO | 🔍 Scanning LINKUSDTM...
2026-02-03 08:46:25,721 | SentinelBot | INFO |    📊 LINKUSDTM: Rec=NO_TRADE (Qual=0.98)
2026-02-03 08:46:25,723 | SentinelBot | INFO | 🔍 Scanning DOTUSDTM...
2026-02-03 08:46:26,498 | SentinelBot | INFO |    📊 DOTUSDTM: Rec=NO_TRADE (Qual=1.00)
2026-02-03 08:46:26,505 | SentinelBot | INFO | 🔍 Scanning TRXUSDTM...
2026-02-03 08:46:27,467 | SentinelBot | INFO |    📊 TRXUSDTM: Rec=NO_TRADE (Qual=0.41)
2026-02-03 08:46:27,468 | SentinelBot | INFO | 🔍 Scanning LTCUSDTM...
2026-02-03 08:46:28,409 | SentinelBot | INFO |    📊 LTCUSDTM: Rec=NO_TRADE (Qual=0.56)
2026-02-03 08:46:28,411 | SentinelBot | INFO | 🔍 Scanning MATICUSDTM...
2026-02-03 08:46:29,420 | SentinelBot | INFO | 🛑 HTF MISMATCH: MATICUSDTM Signal LONG vs Bear Trend. Blocked (Conf 0.39 < 0.80)
2026-02-03 08:46:29,420 | SentinelBot | INFO | 🔍 Scanning SHIBUSDTM...
2026-02-03 08:46:30,305 | SentinelBot | INFO |    📊 SHIBUSDTM: Rec=NO_TRADE (Qual=0.65)
2026-02-03 08:46:30,306 | SentinelBot | INFO | 🔍 Scanning UNIUSDTM...
2026-02-03 08:46:31,121 | SentinelBot | INFO |    📊 UNIUSDTM: Rec=NO_TRADE (Qual=0.66)
2026-02-03 08:46:31,121 | SentinelBot | INFO | 🔍 Scanning ATOMUSDTM...
2026-02-03 08:46:32,276 | SentinelBot | INFO | ✅ HTF CONFIRMED: H1 Trend aligns with SHORT
2026-02-03 08:46:32,276 | SentinelBot | INFO | 🚨 TRADE POTENTIAL: ATOMUSDTM | Rec: ALLOW_TRADE
2026-02-03 08:46:32,276 | SentinelBot | INFO |    Reason: Strong setup (0.70) with confidence (0.66). Regime: MOMENTUM. Trend score: -0.55, bias: SHORT
2026-02-03 08:46:32,277 | SentinelBot | INFO |    Stats: Qual=0.70 | Conf=0.66 | Dir=SHORT
2026-02-03 08:46:32,277 | SentinelBot | INFO | 🚫 ENTRY_BLOCKED | BAD_RR | ATOMUSDTM R:R = 1:0.00 < 1:2
2026-02-03 08:46:32,277 | SentinelBot | INFO | 🔍 Scanning XLMUSDTM...
2026-02-03 08:46:33,102 | SentinelBot | INFO |    📊 XLMUSDTM: Rec=NO_TRADE (Qual=0.75)
2026-02-03 08:46:33,103 | SentinelBot | INFO | 🔍 Scanning ETCUSDTM...
2026-02-03 08:46:33,853 | SentinelBot | INFO |    📊 ETCUSDTM: Rec=NO_TRADE (Qual=0.81)
2026-02-03 08:46:33,860 | SentinelBot | INFO | 🔍 Scanning FILUSDTM...
2026-02-03 08:46:34,637 | SentinelBot | INFO |    📊 FILUSDTM: Rec=NO_TRADE (Qual=1.00)
2026-02-03 08:46:34,639 | SentinelBot | INFO | 🔍 Scanning APTUSDTM...
2026-02-03 08:46:35,516 | SentinelBot | INFO |    📊 APTUSDTM: Rec=NO_TRADE (Qual=0.76)
2026-02-03 08:46:35,517 | SentinelBot | INFO | 🔍 Scanning ARBUSDTM...
2026-02-03 08:46:36,369 | SentinelBot | INFO |    📊 ARBUSDTM: Rec=NO_TRADE (Qual=0.68)
2026-02-03 08:46:36,370 | SentinelBot | INFO | 🔍 Scanning OPUSDTM...
2026-02-03 08:46:37,296 | SentinelBot | INFO |    📊 OPUSDTM: Rec=NO_TRADE (Qual=0.97)
2026-02-03 08:46:37,296 | SentinelBot | INFO | 🔍 Scanning SUIUSDTM...
2026-02-03 08:46:38,102 | SentinelBot | INFO |    📊 SUIUSDTM: Rec=NO_TRADE (Qual=0.73)
2026-02-03 08:46:38,103 | SentinelBot | INFO | 🔍 Scanning PEPEUSDTM...
2026-02-03 08:46:38,905 | SentinelBot | INFO |    📊 PEPEUSDTM: Rec=NO_TRADE (Qual=0.72)
2026-02-03 08:46:38,905 | SentinelBot | INFO | 🔍 Scanning NEARUSDTM...
2026-02-03 08:46:39,705 | SentinelBot | INFO |    📊 NEARUSDTM: Rec=NO_TRADE (Qual=0.72)
2026-02-03 08:46:39,706 | SentinelBot | INFO | 🔍 Scanning RNDRUSDTM...
2026-02-03 08:46:40,846 | SentinelBot | INFO | ✅ HTF CONFIRMED: H1 Trend aligns with SHORT
2026-02-03 08:46:40,847 | SentinelBot | INFO | 🚨 TRADE POTENTIAL: RNDRUSDTM | Rec: MICRO_TRADE
2026-02-03 08:46:40,848 | SentinelBot | INFO |    Reason: Good setup (0.87) but low confidence (0.52). Regime: RANGE. Trend score: -0.10, bias: SHORT
2026-02-03 08:46:40,848 | SentinelBot | INFO |    Stats: Qual=0.87 | Conf=0.52 | Dir=SHORT
2026-02-03 08:46:40,849 | SentinelBot | INFO | 🚫 ENTRY_BLOCKED | BAD_RR | RNDRUSDTM R:R = 1:0.00 < 1:2
2026-02-03 08:46:40,849 | SentinelBot | INFO | 🔍 Scanning INJUSDTM...
2026-02-03 08:46:41,692 | SentinelBot | INFO |    📊 INJUSDTM: Rec=NO_TRADE (Qual=0.77)
2026-02-03 08:46:41,693 | SentinelBot | INFO | 🔍 Scanning TIAUSDTM...
2026-02-03 08:46:42,521 | SentinelBot | INFO |    📊 TIAUSDTM: Rec=NO_TRADE (Qual=1.00)
2026-02-03 08:46:42,521 | SentinelBot | INFO | 🔍 Scanning IMXUSDTM...
2026-02-03 08:46:43,305 | SentinelBot | INFO |    📊 IMXUSDTM: Rec=NO_TRADE (Qual=1.00)
2026-02-03 08:46:43,305 | SentinelBot | INFO | 🔍 Scanning LDOUSDTM...
2026-02-03 08:46:44,156 | SentinelBot | INFO |    📊 LDOUSDTM: Rec=NO_TRADE (Qual=1.00)
2026-02-03 08:46:56,193 | SentinelBot | INFO | 💓 Loop alive | Cycle 800 | Watching 30 symbols
2026-02-03 08:47:12,469 | SentinelBot | INFO | 💓 Loop alive | Cycle 810 | Watching 30 symbols
2026-02-03 08:47:19,097 | SentinelBot | INFO | 🔍 Scanning XBTUSDTM...
2026-02-03 08:47:19,880 | SentinelBot | INFO |    📊 XBTUSDTM: Rec=NO_TRADE (Qual=0.73)
2026-02-03 08:47:19,881 | SentinelBot | INFO | 🔍 Scanning ETHUSDTM...
2026-02-03 08:47:20,742 | SentinelBot | INFO |    📊 ETHUSDTM: Rec=NO_TRADE (Qual=0.95)
2026-02-03 08:47:20,742 | SentinelBot | INFO | 🔍 Scanning SOLUSDTM...
2026-02-03 08:47:21,484 | SentinelBot | INFO |    📊 SOLUSDTM: Rec=NO_TRADE (Qual=0.69)
2026-02-03 08:47:21,486 | SentinelBot | INFO | 🔍 Scanning BNBUSDTM...
2026-02-03 08:47:22,329 | SentinelBot | INFO |    📊 BNBUSDTM: Rec=NO_TRADE (Qual=0.73)
2026-02-03 08:47:22,329 | SentinelBot | INFO | 🔍 Scanning XRPUSDTM...
2026-02-03 08:47:23,122 | SentinelBot | INFO |    📊 XRPUSDTM: Rec=NO_TRADE (Qual=1.00)
2026-02-03 08:47:23,122 | SentinelBot | INFO | 🔍 Scanning ADAUSDTM...
2026-02-03 08:47:23,928 | SentinelBot | INFO |    📊 ADAUSDTM: Rec=NO_TRADE (Qual=0.96)
2026-02-03 08:47:23,930 | SentinelBot | INFO | 🔍 Scanning DOGEUSDTM...
2026-02-03 08:47:25,033 | SentinelBot | INFO | ✅ HTF CONFIRMED: H1 Trend aligns with SHORT
2026-02-03 08:47:25,034 | SentinelBot | INFO | 🚨 TRADE POTENTIAL: DOGEUSDTM | Rec: ALLOW_TRADE
2026-02-03 08:47:25,035 | SentinelBot | INFO |    Reason: Strong setup (1.00) with confidence (0.80). Regime: BREAKOUT. Trend score: -0.30, bias: SHORT
2026-02-03 08:47:25,035 | SentinelBot | INFO |    Stats: Qual=1.00 | Conf=0.80 | Dir=SHORT
2026-02-03 08:47:25,036 | SentinelBot | INFO | 🚫 ENTRY_BLOCKED | BAD_RR | DOGEUSDTM R:R = 1:0.00 < 1:2
2026-02-03 08:47:25,036 | SentinelBot | INFO | 🔍 Scanning AVAXUSDTM...
2026-02-03 08:47:25,848 | SentinelBot | INFO |    📊 AVAXUSDTM: Rec=NO_TRADE (Qual=0.99)
2026-02-03 08:47:25,849 | SentinelBot | INFO | 🔍 Scanning LINKUSDTM...
2026-02-03 08:47:26,675 | SentinelBot | INFO |    📊 LINKUSDTM: Rec=NO_TRADE (Qual=0.98)
2026-02-03 08:47:26,677 | SentinelBot | INFO | 🔍 Scanning DOTUSDTM...
2026-02-03 08:47:27,579 | SentinelBot | INFO |    📊 DOTUSDTM: Rec=NO_TRADE (Qual=1.00)
2026-02-03 08:47:27,579 | SentinelBot | INFO | 🔍 Scanning TRXUSDTM...
2026-02-03 08:47:28,484 | SentinelBot | INFO |    📊 TRXUSDTM: Rec=NO_TRADE (Qual=0.41)
2026-02-03 08:47:28,486 | SentinelBot | INFO | 🔍 Scanning LTCUSDTM...
2026-02-03 08:47:29,374 | SentinelBot | INFO |    📊 LTCUSDTM: Rec=NO_TRADE (Qual=0.56)
2026-02-03 08:47:29,374 | SentinelBot | INFO | 🔍 Scanning MATICUSDTM...
2026-02-03 08:47:30,420 | SentinelBot | INFO | 🛑 HTF MISMATCH: MATICUSDTM Signal LONG vs Bear Trend. Blocked (Conf 0.39 < 0.80)
2026-02-03 08:47:30,422 | SentinelBot | INFO | 🔍 Scanning SHIBUSDTM...
2026-02-03 08:47:31,271 | SentinelBot | INFO |    📊 SHIBUSDTM: Rec=NO_TRADE (Qual=0.65)
2026-02-03 08:47:31,272 | SentinelBot | INFO | 🔍 Scanning UNIUSDTM...
2026-02-03 08:47:32,240 | SentinelBot | INFO |    📊 UNIUSDTM: Rec=NO_TRADE (Qual=0.66)
2026-02-03 08:47:32,240 | SentinelBot | INFO | 🔍 Scanning ATOMUSDTM...
2026-02-03 08:47:33,107 | SentinelBot | INFO |    📊 ATOMUSDTM: Rec=NO_TRADE (Qual=1.00)
2026-02-03 08:47:33,107 | SentinelBot | INFO | 🔍 Scanning XLMUSDTM...
2026-02-03 08:47:33,906 | SentinelBot | INFO |    📊 XLMUSDTM: Rec=NO_TRADE (Qual=0.75)
2026-02-03 08:47:33,907 | SentinelBot | INFO | 🔍 Scanning ETCUSDTM...
2026-02-03 08:47:34,656 | SentinelBot | INFO |    📊 ETCUSDTM: Rec=NO_TRADE (Qual=0.81)
2026-02-03 08:47:34,656 | SentinelBot | INFO | 🔍 Scanning FILUSDTM...
2026-02-03 08:47:38,421 | SentinelBot | INFO |    📊 FILUSDTM: Rec=NO_TRADE (Qual=1.00)
2026-02-03 08:47:38,422 | SentinelBot | INFO | 🔍 Scanning APTUSDTM...
2026-02-03 08:47:39,246 | SentinelBot | INFO |    📊 APTUSDTM: Rec=NO_TRADE (Qual=0.76)
2026-02-03 08:47:39,246 | SentinelBot | INFO | 🔍 Scanning ARBUSDTM...
2026-02-03 08:47:40,133 | SentinelBot | INFO |    📊 ARBUSDTM: Rec=NO_TRADE (Qual=0.68)
2026-02-03 08:47:40,134 | SentinelBot | INFO | 🔍 Scanning OPUSDTM...
2026-02-03 08:47:41,000 | SentinelBot | INFO |    📊 OPUSDTM: Rec=NO_TRADE (Qual=0.97)
2026-02-03 08:47:41,001 | SentinelBot | INFO | 🔍 Scanning SUIUSDTM...
2026-02-03 08:47:41,830 | SentinelBot | INFO |    📊 SUIUSDTM: Rec=NO_TRADE (Qual=0.73)
2026-02-03 08:47:41,831 | SentinelBot | INFO | 🔍 Scanning PEPEUSDTM...
2026-02-03 08:47:42,597 | SentinelBot | INFO |    📊 PEPEUSDTM: Rec=NO_TRADE (Qual=0.72)
2026-02-03 08:47:42,599 | SentinelBot | INFO | 🔍 Scanning NEARUSDTM...
2026-02-03 08:47:43,404 | SentinelBot | INFO |    📊 NEARUSDTM: Rec=NO_TRADE (Qual=0.72)
2026-02-03 08:47:43,408 | SentinelBot | INFO | 🔍 Scanning RNDRUSDTM...
2026-02-03 08:47:44,440 | SentinelBot | INFO | ✅ HTF CONFIRMED: H1 Trend aligns with SHORT
2026-02-03 08:47:44,440 | SentinelBot | INFO | 🚨 TRADE POTENTIAL: RNDRUSDTM | Rec: MICRO_TRADE
2026-02-03 08:47:44,440 | SentinelBot | INFO |    Reason: Good setup (0.87) but low confidence (0.52). Regime: RANGE. Trend score: -0.10, bias: SHORT
2026-02-03 08:47:44,440 | SentinelBot | INFO |    Stats: Qual=0.87 | Conf=0.52 | Dir=SHORT
2026-02-03 08:47:44,442 | SentinelBot | INFO | 🚫 ENTRY_BLOCKED | BAD_RR | RNDRUSDTM R:R = 1:0.00 < 1:2
2026-02-03 08:47:44,442 | SentinelBot | INFO | 🔍 Scanning INJUSDTM...
2026-02-03 08:47:45,328 | SentinelBot | INFO |    📊 INJUSDTM: Rec=NO_TRADE (Qual=0.77)
2026-02-03 08:47:45,329 | SentinelBot | INFO | 🔍 Scanning TIAUSDTM...
2026-02-03 08:47:46,185 | SentinelBot | INFO |    📊 TIAUSDTM: Rec=NO_TRADE (Qual=1.00)
2026-02-03 08:47:46,185 | SentinelBot | INFO | 🔍 Scanning IMXUSDTM...
2026-02-03 08:47:47,022 | SentinelBot | INFO |    📊 IMXUSDTM: Rec=NO_TRADE (Qual=1.00)
2026-02-03 08:47:47,024 | SentinelBot | INFO | 🔍 Scanning LDOUSDTM...
2026-02-03 08:47:47,777 | SentinelBot | INFO |    📊 LDOUSDTM: Rec=NO_TRADE (Qual=1.00)
2026-02-03 08:48:01,543 | SentinelBot | INFO | 💓 Loop alive | Cycle 820 | Watching 30 symbols
2026-02-03 08:48:16,337 | SentinelBot | INFO | 💓 Loop alive | Cycle 830 | Watching 30 symbols
2026-02-03 08:48:19,912 | SentinelBot | INFO | 🔍 Scanning XBTUSDTM...
2026-02-03 08:48:20,823 | SentinelBot | INFO |    📊 XBTUSDTM: Rec=NO_TRADE (Qual=0.73)
2026-02-03 08:48:20,824 | SentinelBot | INFO | 🔍 Scanning ETHUSDTM...
2026-02-03 08:48:21,686 | SentinelBot | INFO |    📊 ETHUSDTM: Rec=NO_TRADE (Qual=0.95)
2026-02-03 08:48:21,686 | SentinelBot | INFO | 🔍 Scanning SOLUSDTM...
2026-02-03 08:48:22,618 | SentinelBot | INFO |    📊 SOLUSDTM: Rec=NO_TRADE (Qual=0.69)
2026-02-03 08:48:22,619 | SentinelBot | INFO | 🔍 Scanning BNBUSDTM...
2026-02-03 08:48:23,529 | SentinelBot | INFO |    📊 BNBUSDTM: Rec=NO_TRADE (Qual=0.73)
2026-02-03 08:48:23,531 | SentinelBot | INFO | 🔍 Scanning XRPUSDTM...
2026-02-03 08:48:24,312 | SentinelBot | INFO |    📊 XRPUSDTM: Rec=NO_TRADE (Qual=1.00)
2026-02-03 08:48:24,313 | SentinelBot | INFO | 🔍 Scanning ADAUSDTM...
2026-02-03 08:48:25,147 | SentinelBot | INFO |    📊 ADAUSDTM: Rec=NO_TRADE (Qual=0.96)
2026-02-03 08:48:25,148 | SentinelBot | INFO | 🔍 Scanning DOGEUSDTM...
2026-02-03 08:48:26,124 | SentinelBot | INFO | ✅ HTF CONFIRMED: H1 Trend aligns with SHORT
2026-02-03 08:48:26,125 | SentinelBot | INFO | 🚨 TRADE POTENTIAL: DOGEUSDTM | Rec: ALLOW_TRADE
2026-02-03 08:48:26,125 | SentinelBot | INFO |    Reason: Strong setup (1.00) with confidence (0.80). Regime: BREAKOUT. Trend score: -0.30, bias: SHORT
2026-02-03 08:48:26,125 | SentinelBot | INFO |    Stats: Qual=1.00 | Conf=0.80 | Dir=SHORT
2026-02-03 08:48:26,126 | SentinelBot | INFO | 🚫 ENTRY_BLOCKED | BAD_RR | DOGEUSDTM R:R = 1:0.00 < 1:2
2026-02-03 08:48:26,127 | SentinelBot | INFO | 🔍 Scanning AVAXUSDTM...
2026-02-03 08:48:26,982 | SentinelBot | INFO |    📊 AVAXUSDTM: Rec=NO_TRADE (Qual=0.99)
2026-02-03 08:48:26,984 | SentinelBot | INFO | 🔍 Scanning LINKUSDTM...
2026-02-03 08:48:27,788 | SentinelBot | INFO |    📊 LINKUSDTM: Rec=NO_TRADE (Qual=0.98)
2026-02-03 08:48:27,789 | SentinelBot | INFO | 🔍 Scanning DOTUSDTM...
2026-02-03 08:48:28,569 | SentinelBot | INFO |    📊 DOTUSDTM: Rec=NO_TRADE (Qual=1.00)
2026-02-03 08:48:28,571 | SentinelBot | INFO | 🔍 Scanning TRXUSDTM...
2026-02-03 08:48:29,479 | SentinelBot | INFO |    📊 TRXUSDTM: Rec=NO_TRADE (Qual=0.41)
2026-02-03 08:48:29,480 | SentinelBot | INFO | 🔍 Scanning LTCUSDTM...
2026-02-03 08:48:30,347 | SentinelBot | INFO |    📊 LTCUSDTM: Rec=NO_TRADE (Qual=0.56)
2026-02-03 08:48:30,348 | SentinelBot | INFO | 🔍 Scanning MATICUSDTM...
2026-02-03 08:48:31,395 | SentinelBot | INFO | 🛑 HTF MISMATCH: MATICUSDTM Signal LONG vs Bear Trend. Blocked (Conf 0.39 < 0.80)
2026-02-03 08:48:31,395 | SentinelBot | INFO | 🔍 Scanning SHIBUSDTM...
2026-02-03 08:48:32,233 | SentinelBot | INFO |    📊 SHIBUSDTM: Rec=NO_TRADE (Qual=0.65)
2026-02-03 08:48:32,234 | SentinelBot | INFO | 🔍 Scanning UNIUSDTM...
2026-02-03 08:48:33,049 | SentinelBot | INFO |    📊 UNIUSDTM: Rec=NO_TRADE (Qual=0.66)
2026-02-03 08:48:33,052 | SentinelBot | INFO | 🔍 Scanning ATOMUSDTM...
2026-02-03 08:48:33,841 | SentinelBot | INFO |    📊 ATOMUSDTM: Rec=NO_TRADE (Qual=1.00)
2026-02-03 08:48:33,841 | SentinelBot | INFO | 🔍 Scanning XLMUSDTM...
2026-02-03 08:48:34,665 | SentinelBot | INFO |    📊 XLMUSDTM: Rec=NO_TRADE (Qual=0.75)
2026-02-03 08:48:34,668 | SentinelBot | INFO | 🔍 Scanning ETCUSDTM...
2026-02-03 08:48:35,458 | SentinelBot | INFO |    📊 ETCUSDTM: Rec=NO_TRADE (Qual=0.81)
2026-02-03 08:48:35,459 | SentinelBot | INFO | 🔍 Scanning FILUSDTM...
2026-02-03 08:48:36,276 | SentinelBot | INFO |    📊 FILUSDTM: Rec=NO_TRADE (Qual=1.00)
2026-02-03 08:48:36,277 | SentinelBot | INFO | 🔍 Scanning APTUSDTM...
2026-02-03 08:48:37,116 | SentinelBot | INFO |    📊 APTUSDTM: Rec=NO_TRADE (Qual=0.76)
2026-02-03 08:48:37,117 | SentinelBot | INFO | 🔍 Scanning ARBUSDTM...
2026-02-03 08:48:37,908 | SentinelBot | INFO |    📊 ARBUSDTM: Rec=NO_TRADE (Qual=0.68)
2026-02-03 08:48:37,908 | SentinelBot | INFO | 🔍 Scanning OPUSDTM...
2026-02-03 08:48:38,844 | SentinelBot | INFO |    📊 OPUSDTM: Rec=NO_TRADE (Qual=0.97)
2026-02-03 08:48:38,844 | SentinelBot | INFO | 🔍 Scanning SUIUSDTM...
2026-02-03 08:48:39,647 | SentinelBot | INFO |    📊 SUIUSDTM: Rec=NO_TRADE (Qual=0.73)
2026-02-03 08:48:39,648 | SentinelBot | INFO | 🔍 Scanning PEPEUSDTM...
2026-02-03 08:48:40,684 | SentinelBot | INFO |    📊 PEPEUSDTM: Rec=NO_TRADE (Qual=0.72)
2026-02-03 08:48:40,685 | SentinelBot | INFO | 🔍 Scanning NEARUSDTM...
2026-02-03 08:48:41,511 | SentinelBot | INFO |    📊 NEARUSDTM: Rec=NO_TRADE (Qual=0.72)
2026-02-03 08:48:41,512 | SentinelBot | INFO | 🔍 Scanning RNDRUSDTM...
2026-02-03 08:48:42,499 | SentinelBot | INFO | ✅ HTF CONFIRMED: H1 Trend aligns with SHORT
2026-02-03 08:48:42,499 | SentinelBot | INFO | 🚨 TRADE POTENTIAL: RNDRUSDTM | Rec: MICRO_TRADE
2026-02-03 08:48:42,500 | SentinelBot | INFO |    Reason: Good setup (0.87) but low confidence (0.52). Regime: RANGE. Trend score: -0.10, bias: SHORT
2026-02-03 08:48:42,500 | SentinelBot | INFO |    Stats: Qual=0.87 | Conf=0.52 | Dir=SHORT
2026-02-03 08:48:42,500 | SentinelBot | INFO | 🚫 ENTRY_BLOCKED | BAD_RR | RNDRUSDTM R:R = 1:0.00 < 1:2
2026-02-03 08:48:42,501 | SentinelBot | INFO | 🔍 Scanning INJUSDTM...
2026-02-03 08:48:43,375 | SentinelBot | INFO |    📊 INJUSDTM: Rec=NO_TRADE (Qual=0.77)
2026-02-03 08:48:43,376 | SentinelBot | INFO | 🔍 Scanning TIAUSDTM...
2026-02-03 08:48:44,245 | SentinelBot | INFO |    📊 TIAUSDTM: Rec=NO_TRADE (Qual=1.00)
2026-02-03 08:48:44,245 | SentinelBot | INFO | 🔍 Scanning IMXUSDTM...
2026-02-03 08:48:45,079 | SentinelBot | INFO |    📊 IMXUSDTM: Rec=NO_TRADE (Qual=1.00)
2026-02-03 08:48:45,079 | SentinelBot | INFO | 🔍 Scanning LDOUSDTM...
2026-02-03 08:48:45,889 | SentinelBot | INFO |    📊 LDOUSDTM: Rec=NO_TRADE (Qual=1.00)
2026-02-03 08:49:00,334 | SentinelBot | INFO | 💓 Loop alive | Cycle 840 | Watching 30 symbols
2026-02-03 08:49:15,723 | SentinelBot | INFO | 💓 Loop alive | Cycle 850 | Watching 30 symbols
2026-02-03 08:49:21,033 | SentinelBot | INFO | 🔍 Scanning XBTUSDTM...
2026-02-03 08:49:21,796 | SentinelBot | INFO |    📊 XBTUSDTM: Rec=NO_TRADE (Qual=0.73)
2026-02-03 08:49:21,797 | SentinelBot | INFO | 🔍 Scanning ETHUSDTM...
2026-02-03 08:49:22,695 | SentinelBot | INFO |    📊 ETHUSDTM: Rec=NO_TRADE (Qual=0.95)
2026-02-03 08:49:22,696 | SentinelBot | INFO | 🔍 Scanning SOLUSDTM...
2026-02-03 08:49:23,491 | SentinelBot | INFO |    📊 SOLUSDTM: Rec=NO_TRADE (Qual=0.69)
2026-02-03 08:49:23,492 | SentinelBot | INFO | 🔍 Scanning BNBUSDTM...
2026-02-03 08:49:24,285 | SentinelBot | INFO |    📊 BNBUSDTM: Rec=NO_TRADE (Qual=0.73)
2026-02-03 08:49:24,285 | SentinelBot | INFO | 🔍 Scanning XRPUSDTM...
2026-02-03 08:49:25,065 | SentinelBot | INFO |    📊 XRPUSDTM: Rec=NO_TRADE (Qual=1.00)
2026-02-03 08:49:25,065 | SentinelBot | INFO | 🔍 Scanning ADAUSDTM...
2026-02-03 08:49:25,942 | SentinelBot | INFO |    📊 ADAUSDTM: Rec=NO_TRADE (Qual=0.96)
2026-02-03 08:49:25,943 | SentinelBot | INFO | 🔍 Scanning DOGEUSDTM...
2026-02-03 08:49:27,006 | SentinelBot | INFO | ✅ HTF CONFIRMED: H1 Trend aligns with SHORT
2026-02-03 08:49:27,006 | SentinelBot | INFO | 🚨 TRADE POTENTIAL: DOGEUSDTM | Rec: ALLOW_TRADE
2026-02-03 08:49:27,007 | SentinelBot | INFO |    Reason: Strong setup (1.00) with confidence (0.80). Regime: BREAKOUT. Trend score: -0.30, bias: SHORT
2026-02-03 08:49:27,007 | SentinelBot | INFO |    Stats: Qual=1.00 | Conf=0.80 | Dir=SHORT
2026-02-03 08:49:27,007 | SentinelBot | INFO | 🚫 ENTRY_BLOCKED | BAD_RR | DOGEUSDTM R:R = 1:0.00 < 1:2
2026-02-03 08:49:27,008 | SentinelBot | INFO | 🔍 Scanning AVAXUSDTM...
2026-02-03 08:49:27,825 | SentinelBot | INFO |    📊 AVAXUSDTM: Rec=NO_TRADE (Qual=0.99)
2026-02-03 08:49:27,827 | SentinelBot | INFO | 🔍 Scanning LINKUSDTM...
2026-02-03 08:49:28,606 | SentinelBot | INFO |    📊 LINKUSDTM: Rec=NO_TRADE (Qual=0.98)
2026-02-03 08:49:28,607 | SentinelBot | INFO | 🔍 Scanning DOTUSDTM...
2026-02-03 08:49:29,408 | SentinelBot | INFO |    📊 DOTUSDTM: Rec=NO_TRADE (Qual=1.00)
2026-02-03 08:49:29,408 | SentinelBot | INFO | 🔍 Scanning TRXUSDTM...
2026-02-03 08:49:30,379 | SentinelBot | INFO |    📊 TRXUSDTM: Rec=NO_TRADE (Qual=0.41)
2026-02-03 08:49:30,380 | SentinelBot | INFO | 🔍 Scanning LTCUSDTM...
2026-02-03 08:49:31,296 | SentinelBot | INFO |    📊 LTCUSDTM: Rec=NO_TRADE (Qual=0.56)
2026-02-03 08:49:31,296 | SentinelBot | INFO | 🔍 Scanning MATICUSDTM...
2026-02-03 08:49:32,432 | SentinelBot | INFO | 🛑 HTF MISMATCH: MATICUSDTM Signal LONG vs Bear Trend. Blocked (Conf 0.39 < 0.80)
2026-02-03 08:49:32,433 | SentinelBot | INFO | 🔍 Scanning SHIBUSDTM...
2026-02-03 08:49:33,284 | SentinelBot | INFO |    📊 SHIBUSDTM: Rec=NO_TRADE (Qual=0.65)
2026-02-03 08:49:33,284 | SentinelBot | INFO | 🔍 Scanning UNIUSDTM...
2026-02-03 08:49:34,043 | SentinelBot | INFO |    📊 UNIUSDTM: Rec=NO_TRADE (Qual=0.66)
2026-02-03 08:49:34,043 | SentinelBot | INFO | 🔍 Scanning ATOMUSDTM...
2026-02-03 08:49:34,840 | SentinelBot | INFO |    📊 ATOMUSDTM: Rec=NO_TRADE (Qual=1.00)
2026-02-03 08:49:34,840 | SentinelBot | INFO | 🔍 Scanning XLMUSDTM...
2026-02-03 08:49:35,601 | SentinelBot | INFO |    📊 XLMUSDTM: Rec=NO_TRADE (Qual=0.75)
2026-02-03 08:49:35,602 | SentinelBot | INFO | 🔍 Scanning ETCUSDTM...
2026-02-03 08:49:36,380 | SentinelBot | INFO |    📊 ETCUSDTM: Rec=NO_TRADE (Qual=0.81)
2026-02-03 08:49:36,381 | SentinelBot | INFO | 🔍 Scanning FILUSDTM...
2026-02-03 08:49:37,146 | SentinelBot | INFO |    📊 FILUSDTM: Rec=NO_TRADE (Qual=1.00)
2026-02-03 08:49:37,146 | SentinelBot | INFO | 🔍 Scanning APTUSDTM...
2026-02-03 08:49:37,955 | SentinelBot | INFO |    📊 APTUSDTM: Rec=NO_TRADE (Qual=0.76)
2026-02-03 08:49:37,957 | SentinelBot | INFO | 🔍 Scanning ARBUSDTM...
2026-02-03 08:49:38,754 | SentinelBot | INFO |    📊 ARBUSDTM: Rec=NO_TRADE (Qual=0.68)
2026-02-03 08:49:38,754 | SentinelBot | INFO | 🔍 Scanning OPUSDTM...
2026-02-03 08:49:39,555 | SentinelBot | INFO |    📊 OPUSDTM: Rec=NO_TRADE (Qual=0.97)
2026-02-03 08:49:39,556 | SentinelBot | INFO | 🔍 Scanning SUIUSDTM...
2026-02-03 08:49:40,493 | SentinelBot | INFO |    📊 SUIUSDTM: Rec=NO_TRADE (Qual=0.73)
2026-02-03 08:49:40,494 | SentinelBot | INFO | 🔍 Scanning PEPEUSDTM...
2026-02-03 08:49:41,355 | SentinelBot | INFO |    📊 PEPEUSDTM: Rec=NO_TRADE (Qual=0.72)
2026-02-03 08:49:41,356 | SentinelBot | INFO | 🔍 Scanning NEARUSDTM...
2026-02-03 08:49:42,171 | SentinelBot | INFO |    📊 NEARUSDTM: Rec=NO_TRADE (Qual=0.72)
2026-02-03 08:49:42,173 | SentinelBot | INFO | 🔍 Scanning RNDRUSDTM...
2026-02-03 08:49:43,196 | SentinelBot | INFO | ✅ HTF CONFIRMED: H1 Trend aligns with SHORT
2026-02-03 08:49:43,197 | SentinelBot | INFO | 🚨 TRADE POTENTIAL: RNDRUSDTM | Rec: MICRO_TRADE
2026-02-03 08:49:43,197 | SentinelBot | INFO |    Reason: Good setup (0.87) but low confidence (0.52). Regime: RANGE. Trend score: -0.10, bias: SHORT
2026-02-03 08:49:43,197 | SentinelBot | INFO |    Stats: Qual=0.87 | Conf=0.52 | Dir=SHORT
2026-02-03 08:49:43,199 | SentinelBot | INFO | 🚫 ENTRY_BLOCKED | BAD_RR | RNDRUSDTM R:R = 1:0.00 < 1:2
2026-02-03 08:49:43,199 | SentinelBot | INFO | 🔍 Scanning INJUSDTM...
2026-02-03 08:49:44,004 | SentinelBot | INFO |    📊 INJUSDTM: Rec=NO_TRADE (Qual=0.77)
2026-02-03 08:49:44,004 | SentinelBot | INFO | 🔍 Scanning TIAUSDTM...
2026-02-03 08:49:44,821 | SentinelBot | INFO |    📊 TIAUSDTM: Rec=NO_TRADE (Qual=1.00)
2026-02-03 08:49:44,823 | SentinelBot | INFO | 🔍 Scanning IMXUSDTM...
2026-02-03 08:49:45,649 | SentinelBot | INFO |    📊 IMXUSDTM: Rec=NO_TRADE (Qual=1.00)
2026-02-03 08:49:45,651 | SentinelBot | INFO | 🔍 Scanning LDOUSDTM...
2026-02-03 08:49:46,528 | SentinelBot | INFO |    📊 LDOUSDTM: Rec=NO_TRADE (Qual=1.00)
2026-02-03 08:49:59,158 | SentinelBot | INFO | 💓 Loop alive | Cycle 860 | Watching 30 symbols
2026-02-03 08:50:14,530 | SentinelBot | INFO | 💓 Loop alive | Cycle 870 | Watching 30 symbols
2026-02-03 08:50:21,289 | SentinelBot | INFO | 🔍 Scanning XBTUSDTM...
2026-02-03 08:50:22,094 | SentinelBot | INFO |    📊 XBTUSDTM: Rec=NO_TRADE (Qual=0.73)
2026-02-03 08:50:22,094 | SentinelBot | INFO | 🔍 Scanning ETHUSDTM...
2026-02-03 08:50:22,879 | SentinelBot | INFO |    📊 ETHUSDTM: Rec=NO_TRADE (Qual=0.95)
2026-02-03 08:50:22,879 | SentinelBot | INFO | 🔍 Scanning SOLUSDTM...
2026-02-03 08:50:23,663 | SentinelBot | INFO |    📊 SOLUSDTM: Rec=NO_TRADE (Qual=0.69)
2026-02-03 08:50:23,665 | SentinelBot | INFO | 🔍 Scanning BNBUSDTM...
2026-02-03 08:50:24,440 | SentinelBot | INFO |    📊 BNBUSDTM: Rec=NO_TRADE (Qual=0.73)
2026-02-03 08:50:24,440 | SentinelBot | INFO | 🔍 Scanning XRPUSDTM...
2026-02-03 08:50:25,266 | SentinelBot | INFO |    📊 XRPUSDTM: Rec=NO_TRADE (Qual=1.00)
2026-02-03 08:50:25,266 | SentinelBot | INFO | 🔍 Scanning ADAUSDTM...
2026-02-03 08:50:26,083 | SentinelBot | INFO |    📊 ADAUSDTM: Rec=NO_TRADE (Qual=0.96)
2026-02-03 08:50:26,083 | SentinelBot | INFO | 🔍 Scanning DOGEUSDTM...
2026-02-03 08:50:27,096 | SentinelBot | INFO | ✅ HTF CONFIRMED: H1 Trend aligns with SHORT
2026-02-03 08:50:27,100 | SentinelBot | INFO | 🚨 TRADE POTENTIAL: DOGEUSDTM | Rec: ALLOW_TRADE
2026-02-03 08:50:27,100 | SentinelBot | INFO |    Reason: Strong setup (1.00) with confidence (0.80). Regime: BREAKOUT. Trend score: -0.30, bias: SHORT
2026-02-03 08:50:27,101 | SentinelBot | INFO |    Stats: Qual=1.00 | Conf=0.80 | Dir=SHORT
2026-02-03 08:50:27,101 | SentinelBot | INFO | 🚫 ENTRY_BLOCKED | BAD_RR | DOGEUSDTM R:R = 1:0.00 < 1:2
2026-02-03 08:50:27,103 | SentinelBot | INFO | 🔍 Scanning AVAXUSDTM...
2026-02-03 08:50:28,018 | SentinelBot | INFO |    📊 AVAXUSDTM: Rec=NO_TRADE (Qual=0.99)
2026-02-03 08:50:28,020 | SentinelBot | INFO | 🔍 Scanning LINKUSDTM...
2026-02-03 08:50:28,873 | SentinelBot | INFO |    📊 LINKUSDTM: Rec=NO_TRADE (Qual=0.98)
2026-02-03 08:50:28,873 | SentinelBot | INFO | 🔍 Scanning DOTUSDTM...
2026-02-03 08:50:29,636 | SentinelBot | INFO |    📊 DOTUSDTM: Rec=NO_TRADE (Qual=1.00)
2026-02-03 08:50:29,637 | SentinelBot | INFO | 🔍 Scanning TRXUSDTM...
2026-02-03 08:50:30,568 | SentinelBot | INFO |    📊 TRXUSDTM: Rec=NO_TRADE (Qual=0.41)
2026-02-03 08:50:30,568 | SentinelBot | INFO | 🔍 Scanning LTCUSDTM...
2026-02-03 08:50:31,552 | SentinelBot | INFO |    📊 LTCUSDTM: Rec=NO_TRADE (Qual=0.56)
2026-02-03 08:50:31,552 | SentinelBot | INFO | 🔍 Scanning MATICUSDTM...
2026-02-03 08:50:32,554 | SentinelBot | INFO | 🛑 HTF MISMATCH: MATICUSDTM Signal LONG vs Bear Trend. Blocked (Conf 0.39 < 0.80)
2026-02-03 08:50:32,554 | SentinelBot | INFO | 🔍 Scanning SHIBUSDTM...
2026-02-03 08:50:33,369 | SentinelBot | INFO |    📊 SHIBUSDTM: Rec=NO_TRADE (Qual=0.65)
2026-02-03 08:50:33,370 | SentinelBot | INFO | 🔍 Scanning UNIUSDTM...
2026-02-03 08:50:34,154 | SentinelBot | INFO |    📊 UNIUSDTM: Rec=NO_TRADE (Qual=0.66)
2026-02-03 08:50:34,154 | SentinelBot | INFO | 🔍 Scanning ATOMUSDTM...
2026-02-03 08:50:34,953 | SentinelBot | INFO |    📊 ATOMUSDTM: Rec=NO_TRADE (Qual=1.00)
2026-02-03 08:50:34,953 | SentinelBot | INFO | 🔍 Scanning XLMUSDTM...
2026-02-03 08:50:35,871 | SentinelBot | INFO |    📊 XLMUSDTM: Rec=NO_TRADE (Qual=0.75)
2026-02-03 08:50:35,871 | SentinelBot | INFO | 🔍 Scanning ETCUSDTM...
2026-02-03 08:50:36,639 | SentinelBot | INFO |    📊 ETCUSDTM: Rec=NO_TRADE (Qual=0.81)
2026-02-03 08:50:36,639 | SentinelBot | INFO | 🔍 Scanning FILUSDTM...
2026-02-03 08:50:37,396 | SentinelBot | INFO |    📊 FILUSDTM: Rec=NO_TRADE (Qual=1.00)
2026-02-03 08:50:37,397 | SentinelBot | INFO | 🔍 Scanning APTUSDTM...
2026-02-03 08:50:38,196 | SentinelBot | INFO |    📊 APTUSDTM: Rec=NO_TRADE (Qual=0.76)
2026-02-03 08:50:38,197 | SentinelBot | INFO | 🔍 Scanning ARBUSDTM...
2026-02-03 08:50:39,063 | SentinelBot | INFO |    📊 ARBUSDTM: Rec=NO_TRADE (Qual=0.68)
2026-02-03 08:50:39,063 | SentinelBot | INFO | 🔍 Scanning OPUSDTM...
2026-02-03 08:50:39,827 | SentinelBot | INFO |    📊 OPUSDTM: Rec=NO_TRADE (Qual=0.97)
2026-02-03 08:50:39,827 | SentinelBot | INFO | 🔍 Scanning SUIUSDTM...
2026-02-03 08:50:40,825 | SentinelBot | INFO |    📊 SUIUSDTM: Rec=NO_TRADE (Qual=0.73)
2026-02-03 08:50:40,826 | SentinelBot | INFO | 🔍 Scanning PEPEUSDTM...
2026-02-03 08:50:41,616 | SentinelBot | INFO |    📊 PEPEUSDTM: Rec=NO_TRADE (Qual=0.72)
2026-02-03 08:50:41,617 | SentinelBot | INFO | 🔍 Scanning NEARUSDTM...
2026-02-03 08:50:42,387 | SentinelBot | INFO |    📊 NEARUSDTM: Rec=NO_TRADE (Qual=0.72)
2026-02-03 08:50:42,389 | SentinelBot | INFO | 🔍 Scanning RNDRUSDTM...
2026-02-03 08:50:43,367 | SentinelBot | INFO | ✅ HTF CONFIRMED: H1 Trend aligns with SHORT
2026-02-03 08:50:43,370 | SentinelBot | INFO | 🚨 TRADE POTENTIAL: RNDRUSDTM | Rec: MICRO_TRADE
2026-02-03 08:50:43,370 | SentinelBot | INFO |    Reason: Good setup (0.87) but low confidence (0.52). Regime: RANGE. Trend score: -0.10, bias: SHORT
2026-02-03 08:50:43,370 | SentinelBot | INFO |    Stats: Qual=0.87 | Conf=0.52 | Dir=SHORT
2026-02-03 08:50:43,371 | SentinelBot | INFO | 🚫 ENTRY_BLOCKED | BAD_RR | RNDRUSDTM R:R = 1:0.00 < 1:2
2026-02-03 08:50:43,371 | SentinelBot | INFO | 🔍 Scanning INJUSDTM...
2026-02-03 08:50:44,178 | SentinelBot | INFO |    📊 INJUSDTM: Rec=NO_TRADE (Qual=0.77)
2026-02-03 08:50:44,178 | SentinelBot | INFO | 🔍 Scanning TIAUSDTM...
2026-02-03 08:50:45,000 | SentinelBot | INFO |    📊 TIAUSDTM: Rec=NO_TRADE (Qual=1.00)
2026-02-03 08:50:45,002 | SentinelBot | INFO | 🔍 Scanning IMXUSDTM...
2026-02-03 08:50:45,865 | SentinelBot | INFO |    📊 IMXUSDTM: Rec=NO_TRADE (Qual=1.00)
2026-02-03 08:50:45,866 | SentinelBot | INFO | 🔍 Scanning LDOUSDTM...
2026-02-03 08:50:46,677 | SentinelBot | INFO |    📊 LDOUSDTM: Rec=NO_TRADE (Qual=1.00)
2026-02-03 08:50:57,805 | SentinelBot | INFO | 💓 Loop alive | Cycle 880 | Watching 30 symbols
2026-02-03 08:51:14,115 | SentinelBot | INFO | 💓 Loop alive | Cycle 890 | Watching 30 symbols
2026-02-03 08:51:22,380 | SentinelBot | INFO | 🔍 Scanning XBTUSDTM...
2026-02-03 08:51:23,182 | SentinelBot | INFO |    📊 XBTUSDTM: Rec=NO_TRADE (Qual=0.73)
2026-02-03 08:51:23,182 | SentinelBot | INFO | 🔍 Scanning ETHUSDTM...
2026-02-03 08:51:24,043 | SentinelBot | INFO |    📊 ETHUSDTM: Rec=NO_TRADE (Qual=0.95)
2026-02-03 08:51:24,046 | SentinelBot | INFO | 🔍 Scanning SOLUSDTM...
2026-02-03 08:51:24,832 | SentinelBot | INFO |    📊 SOLUSDTM: Rec=NO_TRADE (Qual=0.69)
2026-02-03 08:51:24,832 | SentinelBot | INFO | 🔍 Scanning BNBUSDTM...
2026-02-03 08:51:25,654 | SentinelBot | INFO |    📊 BNBUSDTM: Rec=NO_TRADE (Qual=0.73)
2026-02-03 08:51:25,655 | SentinelBot | INFO | 🔍 Scanning XRPUSDTM...
2026-02-03 08:51:26,427 | SentinelBot | INFO |    📊 XRPUSDTM: Rec=NO_TRADE (Qual=1.00)
2026-02-03 08:51:26,429 | SentinelBot | INFO | 🔍 Scanning ADAUSDTM...
2026-02-03 08:51:27,198 | SentinelBot | INFO |    📊 ADAUSDTM: Rec=NO_TRADE (Qual=0.96)
2026-02-03 08:51:27,199 | SentinelBot | INFO | 🔍 Scanning DOGEUSDTM...
2026-02-03 08:51:28,420 | SentinelBot | INFO | ✅ HTF CONFIRMED: H1 Trend aligns with SHORT
2026-02-03 08:51:28,420 | SentinelBot | INFO | 🚨 TRADE POTENTIAL: DOGEUSDTM | Rec: ALLOW_TRADE
2026-02-03 08:51:28,421 | SentinelBot | INFO |    Reason: Strong setup (1.00) with confidence (0.80). Regime: BREAKOUT. Trend score: -0.30, bias: SHORT
2026-02-03 08:51:28,421 | SentinelBot | INFO |    Stats: Qual=1.00 | Conf=0.80 | Dir=SHORT
2026-02-03 08:51:28,422 | SentinelBot | INFO | 🚫 ENTRY_BLOCKED | BAD_RR | DOGEUSDTM R:R = 1:0.00 < 1:2
2026-02-03 08:51:28,422 | SentinelBot | INFO | 🔍 Scanning AVAXUSDTM...
2026-02-03 08:51:29,313 | SentinelBot | INFO |    📊 AVAXUSDTM: Rec=NO_TRADE (Qual=0.99)
2026-02-03 08:51:29,313 | SentinelBot | INFO | 🔍 Scanning LINKUSDTM...
2026-02-03 08:51:30,197 | SentinelBot | INFO |    📊 LINKUSDTM: Rec=NO_TRADE (Qual=0.98)
2026-02-03 08:51:30,197 | SentinelBot | INFO | 🔍 Scanning DOTUSDTM...
2026-02-03 08:51:31,181 | SentinelBot | INFO |    📊 DOTUSDTM: Rec=NO_TRADE (Qual=1.00)
2026-02-03 08:51:31,182 | SentinelBot | INFO | 🔍 Scanning TRXUSDTM...
2026-02-03 08:51:32,119 | SentinelBot | INFO |    📊 TRXUSDTM: Rec=NO_TRADE (Qual=0.41)
2026-02-03 08:51:32,121 | SentinelBot | INFO | 🔍 Scanning LTCUSDTM...
2026-02-03 08:51:32,917 | SentinelBot | INFO |    📊 LTCUSDTM: Rec=NO_TRADE (Qual=0.56)
2026-02-03 08:51:32,918 | SentinelBot | INFO | 🔍 Scanning MATICUSDTM...
2026-02-03 08:51:33,901 | SentinelBot | INFO | 🛑 HTF MISMATCH: MATICUSDTM Signal LONG vs Bear Trend. Blocked (Conf 0.39 < 0.80)
2026-02-03 08:51:33,903 | SentinelBot | INFO | 🔍 Scanning SHIBUSDTM...
2026-02-03 08:51:34,735 | SentinelBot | INFO |    📊 SHIBUSDTM: Rec=NO_TRADE (Qual=0.65)
2026-02-03 08:51:34,736 | SentinelBot | INFO | 🔍 Scanning UNIUSDTM...
2026-02-03 08:51:35,554 | SentinelBot | INFO |    📊 UNIUSDTM: Rec=NO_TRADE (Qual=0.66)
2026-02-03 08:51:35,554 | SentinelBot | INFO | 🔍 Scanning ATOMUSDTM...
2026-02-03 08:51:36,354 | SentinelBot | INFO |    📊 ATOMUSDTM: Rec=NO_TRADE (Qual=1.00)
2026-02-03 08:51:36,354 | SentinelBot | INFO | 🔍 Scanning XLMUSDTM...
2026-02-03 08:51:37,143 | SentinelBot | INFO |    📊 XLMUSDTM: Rec=NO_TRADE (Qual=0.75)
2026-02-03 08:51:37,144 | SentinelBot | INFO | 🔍 Scanning ETCUSDTM...
2026-02-03 08:51:37,965 | SentinelBot | INFO |    📊 ETCUSDTM: Rec=NO_TRADE (Qual=0.81)
2026-02-03 08:51:37,965 | SentinelBot | INFO | 🔍 Scanning FILUSDTM...
2026-02-03 08:51:38,742 | SentinelBot | INFO |    📊 FILUSDTM: Rec=NO_TRADE (Qual=1.00)
2026-02-03 08:51:38,743 | SentinelBot | INFO | 🔍 Scanning APTUSDTM...
2026-02-03 08:51:39,592 | SentinelBot | INFO |    📊 APTUSDTM: Rec=NO_TRADE (Qual=0.76)
2026-02-03 08:51:39,592 | SentinelBot | INFO | 🔍 Scanning ARBUSDTM...
2026-02-03 08:51:40,651 | SentinelBot | INFO |    📊 ARBUSDTM: Rec=NO_TRADE (Qual=0.68)
2026-02-03 08:51:40,653 | SentinelBot | INFO | 🔍 Scanning OPUSDTM...
2026-02-03 08:51:41,513 | SentinelBot | INFO |    📊 OPUSDTM: Rec=NO_TRADE (Qual=0.97)
2026-02-03 08:51:41,513 | SentinelBot | INFO | 🔍 Scanning SUIUSDTM...
2026-02-03 08:51:42,344 | SentinelBot | INFO |    📊 SUIUSDTM: Rec=NO_TRADE (Qual=0.73)
2026-02-03 08:51:42,345 | SentinelBot | INFO | 🔍 Scanning PEPEUSDTM...
2026-02-03 08:51:43,200 | SentinelBot | INFO |    📊 PEPEUSDTM: Rec=NO_TRADE (Qual=0.72)
2026-02-03 08:51:43,202 | SentinelBot | INFO | 🔍 Scanning NEARUSDTM...
2026-02-03 08:51:43,982 | SentinelBot | INFO |    📊 NEARUSDTM: Rec=NO_TRADE (Qual=0.72)
2026-02-03 08:51:43,982 | SentinelBot | INFO | 🔍 Scanning RNDRUSDTM...
2026-02-03 08:51:45,160 | SentinelBot | INFO | ✅ HTF CONFIRMED: H1 Trend aligns with SHORT
2026-02-03 08:51:45,161 | SentinelBot | INFO | 🚨 TRADE POTENTIAL: RNDRUSDTM | Rec: MICRO_TRADE
2026-02-03 08:51:45,161 | SentinelBot | INFO |    Reason: Good setup (0.87) but low confidence (0.52). Regime: RANGE. Trend score: -0.10, bias: SHORT
2026-02-03 08:51:45,161 | SentinelBot | INFO |    Stats: Qual=0.87 | Conf=0.52 | Dir=SHORT
2026-02-03 08:51:45,161 | SentinelBot | INFO | 🚫 ENTRY_BLOCKED | BAD_RR | RNDRUSDTM R:R = 1:0.00 < 1:2
2026-02-03 08:51:45,163 | SentinelBot | INFO | 🔍 Scanning INJUSDTM...
2026-02-03 08:51:45,971 | SentinelBot | INFO |    📊 INJUSDTM: Rec=NO_TRADE (Qual=0.77)
2026-02-03 08:51:45,971 | SentinelBot | INFO | 🔍 Scanning TIAUSDTM...
2026-02-03 08:51:46,831 | SentinelBot | INFO |    📊 TIAUSDTM: Rec=NO_TRADE (Qual=1.00)
2026-02-03 08:51:46,831 | SentinelBot | INFO | 🔍 Scanning IMXUSDTM...
2026-02-03 08:51:47,669 | SentinelBot | INFO |    📊 IMXUSDTM: Rec=NO_TRADE (Qual=1.00)
2026-02-03 08:51:47,670 | SentinelBot | INFO | 🔍 Scanning LDOUSDTM...
2026-02-03 08:51:48,478 | SentinelBot | INFO |    📊 LDOUSDTM: Rec=NO_TRADE (Qual=1.00)
2026-02-03 08:51:58,286 | SentinelBot | INFO | 💓 Loop alive | Cycle 900 | Watching 30 symbols
2026-02-03 08:52:13,068 | SentinelBot | INFO | 💓 Loop alive | Cycle 910 | Watching 30 symbols
2026-02-03 08:52:22,721 | SentinelBot | INFO | 🔍 Scanning XBTUSDTM...
2026-02-03 08:52:23,502 | SentinelBot | INFO |    📊 XBTUSDTM: Rec=NO_TRADE (Qual=0.73)
2026-02-03 08:52:23,502 | SentinelBot | INFO | 🔍 Scanning ETHUSDTM...
2026-02-03 08:52:24,294 | SentinelBot | INFO |    📊 ETHUSDTM: Rec=NO_TRADE (Qual=0.95)
2026-02-03 08:52:24,298 | SentinelBot | INFO | 🔍 Scanning SOLUSDTM...
2026-02-03 08:52:25,076 | SentinelBot | INFO |    📊 SOLUSDTM: Rec=NO_TRADE (Qual=0.69)
2026-02-03 08:52:25,076 | SentinelBot | INFO | 🔍 Scanning BNBUSDTM...
2026-02-03 08:52:25,838 | SentinelBot | INFO |    📊 BNBUSDTM: Rec=NO_TRADE (Qual=0.73)
2026-02-03 08:52:25,839 | SentinelBot | INFO | 🔍 Scanning XRPUSDTM...
2026-02-03 08:52:26,618 | SentinelBot | INFO |    📊 XRPUSDTM: Rec=NO_TRADE (Qual=1.00)
2026-02-03 08:52:26,619 | SentinelBot | INFO | 🔍 Scanning ADAUSDTM...
2026-02-03 08:52:27,597 | SentinelBot | INFO |    📊 ADAUSDTM: Rec=NO_TRADE (Qual=0.96)
2026-02-03 08:52:27,598 | SentinelBot | INFO | 🔍 Scanning DOGEUSDTM...
2026-02-03 08:52:28,617 | SentinelBot | INFO | ✅ HTF CONFIRMED: H1 Trend aligns with SHORT
2026-02-03 08:52:28,617 | SentinelBot | INFO | 🚨 TRADE POTENTIAL: DOGEUSDTM | Rec: ALLOW_TRADE
2026-02-03 08:52:28,617 | SentinelBot | INFO |    Reason: Strong setup (1.00) with confidence (0.80). Regime: BREAKOUT. Trend score: -0.30, bias: SHORT
2026-02-03 08:52:28,619 | SentinelBot | INFO |    Stats: Qual=1.00 | Conf=0.80 | Dir=SHORT
2026-02-03 08:52:28,619 | SentinelBot | INFO | 🚫 ENTRY_BLOCKED | BAD_RR | DOGEUSDTM R:R = 1:0.00 < 1:2
2026-02-03 08:52:28,619 | SentinelBot | INFO | 🔍 Scanning AVAXUSDTM...
2026-02-03 08:52:29,364 | SentinelBot | INFO |    📊 AVAXUSDTM: Rec=NO_TRADE (Qual=0.99)
2026-02-03 08:52:29,365 | SentinelBot | INFO | 🔍 Scanning LINKUSDTM...
2026-02-03 08:52:30,238 | SentinelBot | INFO |    📊 LINKUSDTM: Rec=NO_TRADE (Qual=0.98)
2026-02-03 08:52:30,239 | SentinelBot | INFO | 🔍 Scanning DOTUSDTM...
2026-02-03 08:52:31,131 | SentinelBot | INFO |    📊 DOTUSDTM: Rec=NO_TRADE (Qual=1.00)
2026-02-03 08:52:31,131 | SentinelBot | INFO | 🔍 Scanning TRXUSDTM...
2026-02-03 08:52:32,012 | SentinelBot | INFO |    📊 TRXUSDTM: Rec=NO_TRADE (Qual=0.40)
2026-02-03 08:52:32,014 | SentinelBot | INFO | 🔍 Scanning LTCUSDTM...
2026-02-03 08:52:32,783 | SentinelBot | INFO |    📊 LTCUSDTM: Rec=NO_TRADE (Qual=0.56)
2026-02-03 08:52:32,783 | SentinelBot | INFO | 🔍 Scanning MATICUSDTM...
2026-02-03 08:52:33,765 | SentinelBot | INFO | 🛑 HTF MISMATCH: MATICUSDTM Signal LONG vs Bear Trend. Blocked (Conf 0.39 < 0.80)
2026-02-03 08:52:33,765 | SentinelBot | INFO | 🔍 Scanning SHIBUSDTM...
2026-02-03 08:52:34,576 | SentinelBot | INFO |    📊 SHIBUSDTM: Rec=NO_TRADE (Qual=0.65)
2026-02-03 08:52:34,576 | SentinelBot | INFO | 🔍 Scanning UNIUSDTM...
2026-02-03 08:52:35,394 | SentinelBot | INFO |    📊 UNIUSDTM: Rec=NO_TRADE (Qual=0.66)
2026-02-03 08:52:35,395 | SentinelBot | INFO | 🔍 Scanning ATOMUSDTM...
2026-02-03 08:52:36,217 | SentinelBot | INFO |    📊 ATOMUSDTM: Rec=NO_TRADE (Qual=1.00)
2026-02-03 08:52:36,218 | SentinelBot | INFO | 🔍 Scanning XLMUSDTM...
2026-02-03 08:52:37,122 | SentinelBot | INFO |    📊 XLMUSDTM: Rec=NO_TRADE (Qual=0.75)
2026-02-03 08:52:37,122 | SentinelBot | INFO | 🔍 Scanning ETCUSDTM...
2026-02-03 08:52:37,890 | SentinelBot | INFO |    📊 ETCUSDTM: Rec=NO_TRADE (Qual=0.81)
2026-02-03 08:52:37,891 | SentinelBot | INFO | 🔍 Scanning FILUSDTM...
2026-02-03 08:52:38,698 | SentinelBot | INFO |    📊 FILUSDTM: Rec=NO_TRADE (Qual=1.00)
2026-02-03 08:52:38,701 | SentinelBot | INFO | 🔍 Scanning APTUSDTM...
2026-02-03 08:52:39,755 | SentinelBot | INFO |    📊 APTUSDTM: Rec=NO_TRADE (Qual=0.76)
2026-02-03 08:52:39,756 | SentinelBot | INFO | 🔍 Scanning ARBUSDTM...
2026-02-03 08:52:41,027 | SentinelBot | INFO |    📊 ARBUSDTM: Rec=NO_TRADE (Qual=0.68)
2026-02-03 08:52:41,028 | SentinelBot | INFO | 🔍 Scanning OPUSDTM...
2026-02-03 08:52:41,834 | SentinelBot | INFO |    📊 OPUSDTM: Rec=NO_TRADE (Qual=0.97)
2026-02-03 08:52:41,835 | SentinelBot | INFO | 🔍 Scanning SUIUSDTM...
2026-02-03 08:52:42,569 | SentinelBot | INFO |    📊 SUIUSDTM: Rec=NO_TRADE (Qual=0.73)
2026-02-03 08:52:42,570 | SentinelBot | INFO | 🔍 Scanning PEPEUSDTM...
2026-02-03 08:52:43,418 | SentinelBot | INFO |    📊 PEPEUSDTM: Rec=NO_TRADE (Qual=0.72)
2026-02-03 08:52:43,421 | SentinelBot | INFO | 🔍 Scanning NEARUSDTM...
2026-02-03 08:52:44,238 | SentinelBot | INFO |    📊 NEARUSDTM: Rec=NO_TRADE (Qual=0.72)
2026-02-03 08:52:44,240 | SentinelBot | INFO | 🔍 Scanning RNDRUSDTM...
2026-02-03 08:52:45,296 | SentinelBot | INFO | ✅ HTF CONFIRMED: H1 Trend aligns with SHORT
2026-02-03 08:52:45,296 | SentinelBot | INFO | 🚨 TRADE POTENTIAL: RNDRUSDTM | Rec: MICRO_TRADE
2026-02-03 08:52:45,296 | SentinelBot | INFO |    Reason: Good setup (0.87) but low confidence (0.52). Regime: RANGE. Trend score: -0.10, bias: SHORT
2026-02-03 08:52:45,296 | SentinelBot | INFO |    Stats: Qual=0.87 | Conf=0.52 | Dir=SHORT
2026-02-03 08:52:45,296 | SentinelBot | INFO | 🚫 ENTRY_BLOCKED | BAD_RR | RNDRUSDTM R:R = 1:0.00 < 1:2
2026-02-03 08:52:45,296 | SentinelBot | INFO | 🔍 Scanning INJUSDTM...
2026-02-03 08:52:46,179 | SentinelBot | INFO |    📊 INJUSDTM: Rec=NO_TRADE (Qual=0.77)
2026-02-03 08:52:46,186 | SentinelBot | INFO | 🔍 Scanning TIAUSDTM...
2026-02-03 08:52:47,031 | SentinelBot | INFO |    📊 TIAUSDTM: Rec=NO_TRADE (Qual=1.00)
2026-02-03 08:52:47,033 | SentinelBot | INFO | 🔍 Scanning IMXUSDTM...
2026-02-03 08:52:47,848 | SentinelBot | INFO |    📊 IMXUSDTM: Rec=NO_TRADE (Qual=1.00)
2026-02-03 08:52:47,848 | SentinelBot | INFO | 🔍 Scanning LDOUSDTM...
2026-02-03 08:52:48,697 | SentinelBot | INFO |    📊 LDOUSDTM: Rec=NO_TRADE (Qual=1.00)
2026-02-03 08:52:56,861 | SentinelBot | INFO | 💓 Loop alive | Cycle 920 | Watching 30 symbols
2026-02-03 08:53:12,282 | SentinelBot | INFO | 💓 Loop alive | Cycle 930 | Watching 30 symbols
2026-02-03 08:53:23,552 | SentinelBot | INFO | 🔍 Scanning XBTUSDTM...
2026-02-03 08:53:24,353 | SentinelBot | INFO |    📊 XBTUSDTM: Rec=NO_TRADE (Qual=0.73)
2026-02-03 08:53:24,353 | SentinelBot | INFO | 🔍 Scanning ETHUSDTM...
2026-02-03 08:53:25,153 | SentinelBot | INFO |    📊 ETHUSDTM: Rec=NO_TRADE (Qual=0.95)
2026-02-03 08:53:25,153 | SentinelBot | INFO | 🔍 Scanning SOLUSDTM...
2026-02-03 08:53:25,953 | SentinelBot | INFO |    📊 SOLUSDTM: Rec=NO_TRADE (Qual=0.69)
2026-02-03 08:53:25,954 | SentinelBot | INFO | 🔍 Scanning BNBUSDTM...
2026-02-03 08:53:26,755 | SentinelBot | INFO |    📊 BNBUSDTM: Rec=NO_TRADE (Qual=0.73)
2026-02-03 08:53:26,756 | SentinelBot | INFO | 🔍 Scanning XRPUSDTM...
2026-02-03 08:53:27,518 | SentinelBot | INFO |    📊 XRPUSDTM: Rec=NO_TRADE (Qual=1.00)
2026-02-03 08:53:27,518 | SentinelBot | INFO | 🔍 Scanning ADAUSDTM...
2026-02-03 08:53:28,368 | SentinelBot | INFO |    📊 ADAUSDTM: Rec=NO_TRADE (Qual=0.96)
2026-02-03 08:53:28,369 | SentinelBot | INFO | 🔍 Scanning DOGEUSDTM...
2026-02-03 08:53:29,348 | SentinelBot | INFO | ✅ HTF CONFIRMED: H1 Trend aligns with SHORT
2026-02-03 08:53:29,349 | SentinelBot | INFO | 🚨 TRADE POTENTIAL: DOGEUSDTM | Rec: ALLOW_TRADE
2026-02-03 08:53:29,349 | SentinelBot | INFO |    Reason: Strong setup (1.00) with confidence (0.80). Regime: BREAKOUT. Trend score: -0.30, bias: SHORT
2026-02-03 08:53:29,349 | SentinelBot | INFO |    Stats: Qual=1.00 | Conf=0.80 | Dir=SHORT
2026-02-03 08:53:29,350 | SentinelBot | INFO | 🚫 ENTRY_BLOCKED | BAD_RR | DOGEUSDTM R:R = 1:0.00 < 1:2
2026-02-03 08:53:29,350 | SentinelBot | INFO | 🔍 Scanning AVAXUSDTM...
2026-02-03 08:53:30,122 | SentinelBot | INFO |    📊 AVAXUSDTM: Rec=NO_TRADE (Qual=0.99)
2026-02-03 08:53:30,123 | SentinelBot | INFO | 🔍 Scanning LINKUSDTM...
2026-02-03 08:53:30,975 | SentinelBot | INFO |    📊 LINKUSDTM: Rec=NO_TRADE (Qual=0.98)
2026-02-03 08:53:30,976 | SentinelBot | INFO | 🔍 Scanning DOTUSDTM...
2026-02-03 08:53:31,850 | SentinelBot | INFO |    📊 DOTUSDTM: Rec=NO_TRADE (Qual=1.00)
2026-02-03 08:53:31,850 | SentinelBot | INFO | 🔍 Scanning TRXUSDTM...
2026-02-03 08:53:32,681 | SentinelBot | INFO |    📊 TRXUSDTM: Rec=NO_TRADE (Qual=0.40)
2026-02-03 08:53:32,682 | SentinelBot | INFO | 🔍 Scanning LTCUSDTM...
2026-02-03 08:53:33,542 | SentinelBot | INFO |    📊 LTCUSDTM: Rec=NO_TRADE (Qual=0.56)
2026-02-03 08:53:33,542 | SentinelBot | INFO | 🔍 Scanning MATICUSDTM...
2026-02-03 08:53:34,536 | SentinelBot | INFO | 🛑 HTF MISMATCH: MATICUSDTM Signal LONG vs Bear Trend. Blocked (Conf 0.39 < 0.80)
2026-02-03 08:53:34,541 | SentinelBot | INFO | 🔍 Scanning SHIBUSDTM...
2026-02-03 08:53:35,328 | SentinelBot | INFO |    📊 SHIBUSDTM: Rec=NO_TRADE (Qual=0.65)
2026-02-03 08:53:35,329 | SentinelBot | INFO | 🔍 Scanning UNIUSDTM...
2026-02-03 08:53:36,227 | SentinelBot | INFO |    📊 UNIUSDTM: Rec=NO_TRADE (Qual=0.66)
2026-02-03 08:53:36,228 | SentinelBot | INFO | 🔍 Scanning ATOMUSDTM...
2026-02-03 08:53:37,122 | SentinelBot | INFO |    📊 ATOMUSDTM: Rec=NO_TRADE (Qual=1.00)
2026-02-03 08:53:37,123 | SentinelBot | INFO | 🔍 Scanning XLMUSDTM...
2026-02-03 08:53:37,984 | SentinelBot | INFO |    📊 XLMUSDTM: Rec=NO_TRADE (Qual=0.75)
2026-02-03 08:53:37,984 | SentinelBot | INFO | 🔍 Scanning ETCUSDTM...
2026-02-03 08:53:38,721 | SentinelBot | INFO |    📊 ETCUSDTM: Rec=NO_TRADE (Qual=0.81)
2026-02-03 08:53:38,723 | SentinelBot | INFO | 🔍 Scanning FILUSDTM...
2026-02-03 08:53:39,574 | SentinelBot | INFO |    📊 FILUSDTM: Rec=NO_TRADE (Qual=1.00)
2026-02-03 08:53:39,574 | SentinelBot | INFO | 🔍 Scanning APTUSDTM...
2026-02-03 08:53:40,728 | SentinelBot | INFO |    📊 APTUSDTM: Rec=NO_TRADE (Qual=0.76)
2026-02-03 08:53:40,729 | SentinelBot | INFO | 🔍 Scanning ARBUSDTM...
2026-02-03 08:53:41,561 | SentinelBot | INFO |    📊 ARBUSDTM: Rec=NO_TRADE (Qual=0.68)
2026-02-03 08:53:41,561 | SentinelBot | INFO | 🔍 Scanning OPUSDTM...
2026-02-03 08:53:42,402 | SentinelBot | INFO |    📊 OPUSDTM: Rec=NO_TRADE (Qual=0.97)
2026-02-03 08:53:42,403 | SentinelBot | INFO | 🔍 Scanning SUIUSDTM...
2026-02-03 08:53:43,191 | SentinelBot | INFO |    📊 SUIUSDTM: Rec=NO_TRADE (Qual=0.73)
2026-02-03 08:53:43,193 | SentinelBot | INFO | 🔍 Scanning PEPEUSDTM...
2026-02-03 08:53:43,946 | SentinelBot | INFO |    📊 PEPEUSDTM: Rec=NO_TRADE (Qual=0.72)
2026-02-03 08:53:43,946 | SentinelBot | INFO | 🔍 Scanning NEARUSDTM...
2026-02-03 08:53:44,779 | SentinelBot | INFO |    📊 NEARUSDTM: Rec=NO_TRADE (Qual=0.72)
2026-02-03 08:53:44,780 | SentinelBot | INFO | 🔍 Scanning RNDRUSDTM...
2026-02-03 08:53:45,703 | SentinelBot | INFO | ✅ HTF CONFIRMED: H1 Trend aligns with SHORT
2026-02-03 08:53:45,704 | SentinelBot | INFO | 🚨 TRADE POTENTIAL: RNDRUSDTM | Rec: MICRO_TRADE
2026-02-03 08:53:45,704 | SentinelBot | INFO |    Reason: Good setup (0.87) but low confidence (0.52). Regime: RANGE. Trend score: -0.10, bias: SHORT
2026-02-03 08:53:45,705 | SentinelBot | INFO |    Stats: Qual=0.87 | Conf=0.52 | Dir=SHORT
2026-02-03 08:53:45,706 | SentinelBot | INFO | 🚫 ENTRY_BLOCKED | BAD_RR | RNDRUSDTM R:R = 1:0.00 < 1:2
2026-02-03 08:53:45,706 | SentinelBot | INFO | 🔍 Scanning INJUSDTM...
2026-02-03 08:53:46,519 | SentinelBot | INFO |    📊 INJUSDTM: Rec=NO_TRADE (Qual=0.77)
2026-02-03 08:53:46,521 | SentinelBot | INFO | 🔍 Scanning TIAUSDTM...
2026-02-03 08:53:47,345 | SentinelBot | INFO |    📊 TIAUSDTM: Rec=NO_TRADE (Qual=1.00)
2026-02-03 08:53:47,346 | SentinelBot | INFO | 🔍 Scanning IMXUSDTM...
2026-02-03 08:53:48,151 | SentinelBot | INFO |    📊 IMXUSDTM: Rec=NO_TRADE (Qual=1.00)
2026-02-03 08:53:48,153 | SentinelBot | INFO | 🔍 Scanning LDOUSDTM...
2026-02-03 08:53:48,935 | SentinelBot | INFO |    📊 LDOUSDTM: Rec=NO_TRADE (Qual=1.00)
2026-02-03 08:53:56,176 | SentinelBot | INFO | 💓 Loop alive | Cycle 940 | Watching 30 symbols
2026-02-03 08:54:11,054 | SentinelBot | INFO | 💓 Loop alive | Cycle 950 | Watching 30 symbols
2026-02-03 08:54:23,579 | SentinelBot | INFO | 🔍 Scanning XBTUSDTM...
2026-02-03 08:54:24,418 | SentinelBot | INFO |    📊 XBTUSDTM: Rec=NO_TRADE (Qual=0.73)
2026-02-03 08:54:24,418 | SentinelBot | INFO | 🔍 Scanning ETHUSDTM...
2026-02-03 08:54:25,229 | SentinelBot | INFO |    📊 ETHUSDTM: Rec=NO_TRADE (Qual=0.95)
2026-02-03 08:54:25,231 | SentinelBot | INFO | 🔍 Scanning SOLUSDTM...
2026-02-03 08:54:26,007 | SentinelBot | INFO |    📊 SOLUSDTM: Rec=NO_TRADE (Qual=0.69)
2026-02-03 08:54:26,008 | SentinelBot | INFO | 🔍 Scanning BNBUSDTM...
2026-02-03 08:54:26,824 | SentinelBot | INFO |    📊 BNBUSDTM: Rec=NO_TRADE (Qual=0.73)
2026-02-03 08:54:26,825 | SentinelBot | INFO | 🔍 Scanning XRPUSDTM...
2026-02-03 08:54:27,679 | SentinelBot | INFO |    📊 XRPUSDTM: Rec=NO_TRADE (Qual=1.00)
2026-02-03 08:54:27,680 | SentinelBot | INFO | 🔍 Scanning ADAUSDTM...
2026-02-03 08:54:28,499 | SentinelBot | INFO |    📊 ADAUSDTM: Rec=NO_TRADE (Qual=0.96)
2026-02-03 08:54:28,500 | SentinelBot | INFO | 🔍 Scanning DOGEUSDTM...
2026-02-03 08:54:29,671 | SentinelBot | INFO | ✅ HTF CONFIRMED: H1 Trend aligns with SHORT
2026-02-03 08:54:29,676 | SentinelBot | INFO | 🚨 TRADE POTENTIAL: DOGEUSDTM | Rec: ALLOW_TRADE
2026-02-03 08:54:29,676 | SentinelBot | INFO |    Reason: Strong setup (1.00) with confidence (0.80). Regime: BREAKOUT. Trend score: -0.30, bias: SHORT
2026-02-03 08:54:29,677 | SentinelBot | INFO |    Stats: Qual=1.00 | Conf=0.80 | Dir=SHORT
2026-02-03 08:54:29,677 | SentinelBot | INFO | 🚫 ENTRY_BLOCKED | BAD_RR | DOGEUSDTM R:R = 1:0.00 < 1:2
2026-02-03 08:54:29,678 | SentinelBot | INFO | 🔍 Scanning AVAXUSDTM...
2026-02-03 08:54:30,444 | SentinelBot | INFO |    📊 AVAXUSDTM: Rec=NO_TRADE (Qual=0.99)
2026-02-03 08:54:30,447 | SentinelBot | INFO | 🔍 Scanning LINKUSDTM...
2026-02-03 08:54:31,396 | SentinelBot | INFO |    📊 LINKUSDTM: Rec=NO_TRADE (Qual=0.98)
2026-02-03 08:54:31,399 | SentinelBot | INFO | 🔍 Scanning DOTUSDTM...
2026-02-03 08:54:32,231 | SentinelBot | INFO |    📊 DOTUSDTM: Rec=NO_TRADE (Qual=1.00)
2026-02-03 08:54:32,231 | SentinelBot | INFO | 🔍 Scanning TRXUSDTM...
2026-02-03 08:54:33,053 | SentinelBot | INFO |    📊 TRXUSDTM: Rec=NO_TRADE (Qual=0.40)
2026-02-03 08:54:33,053 | SentinelBot | INFO | 🔍 Scanning LTCUSDTM...
2026-02-03 08:54:33,873 | SentinelBot | INFO |    📊 LTCUSDTM: Rec=NO_TRADE (Qual=0.56)
2026-02-03 08:54:33,877 | SentinelBot | INFO | 🔍 Scanning MATICUSDTM...
2026-02-03 08:54:34,919 | SentinelBot | INFO | 🛑 HTF MISMATCH: MATICUSDTM Signal LONG vs Bear Trend. Blocked (Conf 0.39 < 0.80)
2026-02-03 08:54:34,921 | SentinelBot | INFO | 🔍 Scanning SHIBUSDTM...
2026-02-03 08:54:35,677 | SentinelBot | INFO |    📊 SHIBUSDTM: Rec=NO_TRADE (Qual=0.65)
2026-02-03 08:54:35,677 | SentinelBot | INFO | 🔍 Scanning UNIUSDTM...
2026-02-03 08:54:36,434 | SentinelBot | INFO |    📊 UNIUSDTM: Rec=NO_TRADE (Qual=0.66)
2026-02-03 08:54:36,435 | SentinelBot | INFO | 🔍 Scanning ATOMUSDTM...
2026-02-03 08:54:37,285 | SentinelBot | INFO |    📊 ATOMUSDTM: Rec=NO_TRADE (Qual=1.00)
2026-02-03 08:54:37,286 | SentinelBot | INFO | 🔍 Scanning XLMUSDTM...
2026-02-03 08:54:38,065 | SentinelBot | INFO |    📊 XLMUSDTM: Rec=NO_TRADE (Qual=0.75)
2026-02-03 08:54:38,066 | SentinelBot | INFO | 🔍 Scanning ETCUSDTM...
2026-02-03 08:54:38,843 | SentinelBot | INFO |    📊 ETCUSDTM: Rec=NO_TRADE (Qual=0.81)
2026-02-03 08:54:38,850 | SentinelBot | INFO | 🔍 Scanning FILUSDTM...
2026-02-03 08:54:39,653 | SentinelBot | INFO |    📊 FILUSDTM: Rec=NO_TRADE (Qual=1.00)
2026-02-03 08:54:39,653 | SentinelBot | INFO | 🔍 Scanning APTUSDTM...
2026-02-03 08:54:40,680 | SentinelBot | INFO |    📊 APTUSDTM: Rec=NO_TRADE (Qual=0.76)
2026-02-03 08:54:40,681 | SentinelBot | INFO | 🔍 Scanning ARBUSDTM...
2026-02-03 08:54:41,477 | SentinelBot | INFO |    📊 ARBUSDTM: Rec=NO_TRADE (Qual=0.68)
2026-02-03 08:54:41,477 | SentinelBot | INFO | 🔍 Scanning OPUSDTM...
2026-02-03 08:54:42,388 | SentinelBot | INFO |    📊 OPUSDTM: Rec=NO_TRADE (Qual=0.97)
2026-02-03 08:54:42,391 | SentinelBot | INFO | 🔍 Scanning SUIUSDTM...
2026-02-03 08:54:43,206 | SentinelBot | INFO |    📊 SUIUSDTM: Rec=NO_TRADE (Qual=0.73)
2026-02-03 08:54:43,207 | SentinelBot | INFO | 🔍 Scanning PEPEUSDTM...
2026-02-03 08:54:43,943 | SentinelBot | INFO |    📊 PEPEUSDTM: Rec=NO_TRADE (Qual=0.72)
2026-02-03 08:54:43,943 | SentinelBot | INFO | 🔍 Scanning NEARUSDTM...
2026-02-03 08:54:44,723 | SentinelBot | INFO |    📊 NEARUSDTM: Rec=NO_TRADE (Qual=0.72)
2026-02-03 08:54:44,723 | SentinelBot | INFO | 🔍 Scanning RNDRUSDTM...
2026-02-03 08:54:45,830 | SentinelBot | INFO | ✅ HTF CONFIRMED: H1 Trend aligns with SHORT
2026-02-03 08:54:45,831 | SentinelBot | INFO | 🚨 TRADE POTENTIAL: RNDRUSDTM | Rec: MICRO_TRADE
2026-02-03 08:54:45,832 | SentinelBot | INFO |    Reason: Good setup (0.87) but low confidence (0.52). Regime: RANGE. Trend score: -0.10, bias: SHORT
2026-02-03 08:54:45,832 | SentinelBot | INFO |    Stats: Qual=0.87 | Conf=0.52 | Dir=SHORT
2026-02-03 08:54:45,833 | SentinelBot | INFO | 🚫 ENTRY_BLOCKED | BAD_RR | RNDRUSDTM R:R = 1:0.00 < 1:2
2026-02-03 08:54:45,833 | SentinelBot | INFO | 🔍 Scanning INJUSDTM...
2026-02-03 08:54:46,654 | SentinelBot | INFO |    📊 INJUSDTM: Rec=NO_TRADE (Qual=0.77)
2026-02-03 08:54:46,655 | SentinelBot | INFO | 🔍 Scanning TIAUSDTM...
2026-02-03 08:54:47,579 | SentinelBot | INFO |    📊 TIAUSDTM: Rec=NO_TRADE (Qual=1.00)
2026-02-03 08:54:47,581 | SentinelBot | INFO | 🔍 Scanning IMXUSDTM...
2026-02-03 08:54:48,410 | SentinelBot | INFO |    📊 IMXUSDTM: Rec=NO_TRADE (Qual=1.00)
2026-02-03 08:54:48,411 | SentinelBot | INFO | 🔍 Scanning LDOUSDTM...
2026-02-03 08:54:49,384 | SentinelBot | INFO |    📊 LDOUSDTM: Rec=NO_TRADE (Qual=1.00)
2026-02-03 08:54:54,361 | SentinelBot | INFO | 💓 Loop alive | Cycle 960 | Watching 30 symbols
2026-02-03 08:55:09,813 | SentinelBot | INFO | 💓 Loop alive | Cycle 970 | Watching 30 symbols
2026-02-03 08:55:24,059 | SentinelBot | INFO | 🔍 Scanning XBTUSDTM...
2026-02-03 08:55:24,883 | SentinelBot | INFO |    📊 XBTUSDTM: Rec=NO_TRADE (Qual=0.73)
2026-02-03 08:55:24,883 | SentinelBot | INFO | 🔍 Scanning ETHUSDTM...
2026-02-03 08:55:25,654 | SentinelBot | INFO |    📊 ETHUSDTM: Rec=NO_TRADE (Qual=0.95)
2026-02-03 08:55:25,654 | SentinelBot | INFO | 🔍 Scanning SOLUSDTM...
2026-02-03 08:55:26,436 | SentinelBot | INFO |    📊 SOLUSDTM: Rec=NO_TRADE (Qual=0.69)
2026-02-03 08:55:26,437 | SentinelBot | INFO | 🔍 Scanning BNBUSDTM...
2026-02-03 08:55:27,239 | SentinelBot | INFO |    📊 BNBUSDTM: Rec=NO_TRADE (Qual=0.73)
2026-02-03 08:55:27,240 | SentinelBot | INFO | 🔍 Scanning XRPUSDTM...
2026-02-03 08:55:28,002 | SentinelBot | INFO |    📊 XRPUSDTM: Rec=NO_TRADE (Qual=1.00)
2026-02-03 08:55:28,002 | SentinelBot | INFO | 🔍 Scanning ADAUSDTM...
2026-02-03 08:55:28,830 | SentinelBot | INFO |    📊 ADAUSDTM: Rec=NO_TRADE (Qual=0.96)
2026-02-03 08:55:28,830 | SentinelBot | INFO | 🔍 Scanning DOGEUSDTM...
2026-02-03 08:55:29,844 | SentinelBot | INFO | ✅ HTF CONFIRMED: H1 Trend aligns with SHORT
2026-02-03 08:55:29,844 | SentinelBot | INFO | 🚨 TRADE POTENTIAL: DOGEUSDTM | Rec: ALLOW_TRADE
2026-02-03 08:55:29,846 | SentinelBot | INFO |    Reason: Strong setup (1.00) with confidence (0.80). Regime: BREAKOUT. Trend score: -0.30, bias: SHORT
2026-02-03 08:55:29,846 | SentinelBot | INFO |    Stats: Qual=1.00 | Conf=0.80 | Dir=SHORT
2026-02-03 08:55:29,846 | SentinelBot | INFO | 🚫 ENTRY_BLOCKED | BAD_RR | DOGEUSDTM R:R = 1:0.00 < 1:2
2026-02-03 08:55:29,847 | SentinelBot | INFO | 🔍 Scanning AVAXUSDTM...
2026-02-03 08:55:30,640 | SentinelBot | INFO |    📊 AVAXUSDTM: Rec=NO_TRADE (Qual=0.99)
2026-02-03 08:55:30,640 | SentinelBot | INFO | 🔍 Scanning LINKUSDTM...
2026-02-03 08:55:31,462 | SentinelBot | INFO |    📊 LINKUSDTM: Rec=NO_TRADE (Qual=0.98)
2026-02-03 08:55:31,462 | SentinelBot | INFO | 🔍 Scanning DOTUSDTM...
2026-02-03 08:55:32,441 | SentinelBot | INFO |    📊 DOTUSDTM: Rec=NO_TRADE (Qual=1.00)
2026-02-03 08:55:32,441 | SentinelBot | INFO | 🔍 Scanning TRXUSDTM...
2026-02-03 08:55:33,269 | SentinelBot | INFO |    📊 TRXUSDTM: Rec=NO_TRADE (Qual=0.40)
2026-02-03 08:55:33,270 | SentinelBot | INFO | 🔍 Scanning LTCUSDTM...
2026-02-03 08:55:34,140 | SentinelBot | INFO |    📊 LTCUSDTM: Rec=NO_TRADE (Qual=0.56)
2026-02-03 08:55:34,141 | SentinelBot | INFO | 🔍 Scanning MATICUSDTM...
2026-02-03 08:55:35,177 | SentinelBot | INFO | 🛑 HTF MISMATCH: MATICUSDTM Signal LONG vs Bear Trend. Blocked (Conf 0.39 < 0.80)
2026-02-03 08:55:35,181 | SentinelBot | INFO | 🔍 Scanning SHIBUSDTM...
2026-02-03 08:55:35,957 | SentinelBot | INFO |    📊 SHIBUSDTM: Rec=NO_TRADE (Qual=0.65)
2026-02-03 08:55:35,959 | SentinelBot | INFO | 🔍 Scanning UNIUSDTM...
2026-02-03 08:55:36,786 | SentinelBot | INFO |    📊 UNIUSDTM: Rec=NO_TRADE (Qual=0.66)
2026-02-03 08:55:36,786 | SentinelBot | INFO | 🔍 Scanning ATOMUSDTM...
2026-02-03 08:55:37,706 | SentinelBot | INFO |    📊 ATOMUSDTM: Rec=NO_TRADE (Qual=1.00)
2026-02-03 08:55:37,707 | SentinelBot | INFO | 🔍 Scanning XLMUSDTM...
2026-02-03 08:55:38,498 | SentinelBot | INFO |    📊 XLMUSDTM: Rec=NO_TRADE (Qual=0.75)
2026-02-03 08:55:38,498 | SentinelBot | INFO | 🔍 Scanning ETCUSDTM...
2026-02-03 08:55:39,238 | SentinelBot | INFO |    📊 ETCUSDTM: Rec=NO_TRADE (Qual=0.81)
2026-02-03 08:55:39,239 | SentinelBot | INFO | 🔍 Scanning FILUSDTM...
2026-02-03 08:55:40,001 | SentinelBot | INFO |    📊 FILUSDTM: Rec=NO_TRADE (Qual=1.00)
2026-02-03 08:55:40,001 | SentinelBot | INFO | 🔍 Scanning APTUSDTM...
2026-02-03 08:55:40,951 | SentinelBot | INFO |    📊 APTUSDTM: Rec=NO_TRADE (Qual=0.76)
2026-02-03 08:55:40,953 | SentinelBot | INFO | 🔍 Scanning ARBUSDTM...
2026-02-03 08:55:41,733 | SentinelBot | INFO |    📊 ARBUSDTM: Rec=NO_TRADE (Qual=0.68)
2026-02-03 08:55:41,734 | SentinelBot | INFO | 🔍 Scanning OPUSDTM...
2026-02-03 08:55:42,513 | SentinelBot | INFO |    📊 OPUSDTM: Rec=NO_TRADE (Qual=0.97)
2026-02-03 08:55:42,515 | SentinelBot | INFO | 🔍 Scanning SUIUSDTM...
2026-02-03 08:55:43,284 | SentinelBot | INFO |    📊 SUIUSDTM: Rec=NO_TRADE (Qual=0.73)
2026-02-03 08:55:43,285 | SentinelBot | INFO | 🔍 Scanning PEPEUSDTM...
2026-02-03 08:55:44,100 | SentinelBot | INFO |    📊 PEPEUSDTM: Rec=NO_TRADE (Qual=0.72)
2026-02-03 08:55:44,102 | SentinelBot | INFO | 🔍 Scanning NEARUSDTM...
2026-02-03 08:55:44,844 | SentinelBot | INFO |    📊 NEARUSDTM: Rec=NO_TRADE (Qual=0.72)
2026-02-03 08:55:44,845 | SentinelBot | INFO | 🔍 Scanning RNDRUSDTM...
2026-02-03 08:55:45,812 | SentinelBot | INFO | ✅ HTF CONFIRMED: H1 Trend aligns with SHORT
2026-02-03 08:55:45,812 | SentinelBot | INFO | 🚨 TRADE POTENTIAL: RNDRUSDTM | Rec: MICRO_TRADE
2026-02-03 08:55:45,812 | SentinelBot | INFO |    Reason: Good setup (0.87) but low confidence (0.52). Regime: RANGE. Trend score: -0.10, bias: SHORT
2026-02-03 08:55:45,812 | SentinelBot | INFO |    Stats: Qual=0.87 | Conf=0.52 | Dir=SHORT
2026-02-03 08:55:45,812 | SentinelBot | INFO | 🚫 ENTRY_BLOCKED | BAD_RR | RNDRUSDTM R:R = 1:0.00 < 1:2
2026-02-03 08:55:45,815 | SentinelBot | INFO | 🔍 Scanning INJUSDTM...
2026-02-03 08:55:46,588 | SentinelBot | INFO |    📊 INJUSDTM: Rec=NO_TRADE (Qual=0.77)
2026-02-03 08:55:46,588 | SentinelBot | INFO | 🔍 Scanning TIAUSDTM...
2026-02-03 08:55:47,407 | SentinelBot | INFO |    📊 TIAUSDTM: Rec=NO_TRADE (Qual=1.00)
2026-02-03 08:55:47,408 | SentinelBot | INFO | 🔍 Scanning IMXUSDTM...
2026-02-03 08:55:48,235 | SentinelBot | INFO |    📊 IMXUSDTM: Rec=NO_TRADE (Qual=1.00)
2026-02-03 08:55:48,235 | SentinelBot | INFO | 🔍 Scanning LDOUSDTM...
2026-02-03 08:55:49,005 | SentinelBot | INFO |    📊 LDOUSDTM: Rec=NO_TRADE (Qual=1.00)
2026-02-03 08:55:52,729 | SentinelBot | INFO | 💓 Loop alive | Cycle 980 | Watching 30 symbols
2026-02-03 08:56:07,748 | SentinelBot | INFO | 💓 Loop alive | Cycle 990 | Watching 30 symbols
2026-02-03 08:56:22,407 | SentinelBot | INFO | 💓 Loop alive | Cycle 1000 | Watching 30 symbols
2026-02-03 08:56:24,503 | SentinelBot | INFO | 🔍 Scanning XBTUSDTM...
2026-02-03 08:56:25,288 | SentinelBot | INFO |    📊 XBTUSDTM: Rec=NO_TRADE (Qual=0.73)
2026-02-03 08:56:25,289 | SentinelBot | INFO | 🔍 Scanning ETHUSDTM...
2026-02-03 08:56:26,104 | SentinelBot | INFO |    📊 ETHUSDTM: Rec=NO_TRADE (Qual=0.95)
2026-02-03 08:56:26,105 | SentinelBot | INFO | 🔍 Scanning SOLUSDTM...
2026-02-03 08:56:26,942 | SentinelBot | INFO |    📊 SOLUSDTM: Rec=NO_TRADE (Qual=0.69)
2026-02-03 08:56:26,943 | SentinelBot | INFO | 🔍 Scanning BNBUSDTM...
2026-02-03 08:56:27,694 | SentinelBot | INFO |    📊 BNBUSDTM: Rec=NO_TRADE (Qual=0.73)
2026-02-03 08:56:27,695 | SentinelBot | INFO | 🔍 Scanning XRPUSDTM...
2026-02-03 08:56:28,457 | SentinelBot | INFO |    📊 XRPUSDTM: Rec=NO_TRADE (Qual=1.00)
2026-02-03 08:56:28,458 | SentinelBot | INFO | 🔍 Scanning ADAUSDTM...
2026-02-03 08:56:29,232 | SentinelBot | INFO |    📊 ADAUSDTM: Rec=NO_TRADE (Qual=0.96)
2026-02-03 08:56:29,232 | SentinelBot | INFO | 🔍 Scanning DOGEUSDTM...
2026-02-03 08:56:30,328 | SentinelBot | INFO | ✅ HTF CONFIRMED: H1 Trend aligns with SHORT
2026-02-03 08:56:30,328 | SentinelBot | INFO | 🚨 TRADE POTENTIAL: DOGEUSDTM | Rec: ALLOW_TRADE
2026-02-03 08:56:30,329 | SentinelBot | INFO |    Reason: Strong setup (1.00) with confidence (0.80). Regime: BREAKOUT. Trend score: -0.30, bias: SHORT
2026-02-03 08:56:30,329 | SentinelBot | INFO |    Stats: Qual=1.00 | Conf=0.80 | Dir=SHORT
2026-02-03 08:56:30,330 | SentinelBot | INFO | 🚫 ENTRY_BLOCKED | BAD_RR | DOGEUSDTM R:R = 1:0.00 < 1:2
2026-02-03 08:56:30,330 | SentinelBot | INFO | 🔍 Scanning AVAXUSDTM...
2026-02-03 08:56:31,210 | SentinelBot | INFO |    📊 AVAXUSDTM: Rec=NO_TRADE (Qual=0.99)
2026-02-03 08:56:31,213 | SentinelBot | INFO | 🔍 Scanning LINKUSDTM...
2026-02-03 08:56:32,172 | SentinelBot | INFO |    📊 LINKUSDTM: Rec=NO_TRADE (Qual=0.98)
2026-02-03 08:56:32,172 | SentinelBot | INFO | 🔍 Scanning DOTUSDTM...
2026-02-03 08:56:33,138 | SentinelBot | INFO |    📊 DOTUSDTM: Rec=NO_TRADE (Qual=1.00)
2026-02-03 08:56:33,139 | SentinelBot | INFO | 🔍 Scanning TRXUSDTM...
2026-02-03 08:56:33,952 | SentinelBot | INFO |    📊 TRXUSDTM: Rec=NO_TRADE (Qual=0.40)
2026-02-03 08:56:33,953 | SentinelBot | INFO | 🔍 Scanning LTCUSDTM...
2026-02-03 08:56:34,739 | SentinelBot | INFO |    📊 LTCUSDTM: Rec=NO_TRADE (Qual=0.56)
2026-02-03 08:56:34,739 | SentinelBot | INFO | 🔍 Scanning MATICUSDTM...
2026-02-03 08:56:35,755 | SentinelBot | INFO | 🛑 HTF MISMATCH: MATICUSDTM Signal LONG vs Bear Trend. Blocked (Conf 0.39 < 0.80)
2026-02-03 08:56:35,756 | SentinelBot | INFO | 🔍 Scanning SHIBUSDTM...
2026-02-03 08:56:36,617 | SentinelBot | INFO |    📊 SHIBUSDTM: Rec=NO_TRADE (Qual=0.65)
2026-02-03 08:56:36,617 | SentinelBot | INFO | 🔍 Scanning UNIUSDTM...
2026-02-03 08:56:37,415 | SentinelBot | INFO |    📊 UNIUSDTM: Rec=NO_TRADE (Qual=0.66)
2026-02-03 08:56:37,415 | SentinelBot | INFO | 🔍 Scanning ATOMUSDTM...
2026-02-03 08:56:38,318 | SentinelBot | INFO |    📊 ATOMUSDTM: Rec=NO_TRADE (Qual=1.00)
2026-02-03 08:56:38,318 | SentinelBot | INFO | 🔍 Scanning XLMUSDTM...
2026-02-03 08:56:39,098 | SentinelBot | INFO |    📊 XLMUSDTM: Rec=NO_TRADE (Qual=0.75)
2026-02-03 08:56:39,098 | SentinelBot | INFO | 🔍 Scanning ETCUSDTM...
2026-02-03 08:56:39,881 | SentinelBot | INFO |    📊 ETCUSDTM: Rec=NO_TRADE (Qual=0.81)
2026-02-03 08:56:39,881 | SentinelBot | INFO | 🔍 Scanning FILUSDTM...
2026-02-03 08:56:40,864 | SentinelBot | INFO |    📊 FILUSDTM: Rec=NO_TRADE (Qual=1.00)
2026-02-03 08:56:40,865 | SentinelBot | INFO | 🔍 Scanning APTUSDTM...
2026-02-03 08:56:41,653 | SentinelBot | INFO |    📊 APTUSDTM: Rec=NO_TRADE (Qual=0.76)
2026-02-03 08:56:41,654 | SentinelBot | INFO | 🔍 Scanning ARBUSDTM...
2026-02-03 08:56:42,439 | SentinelBot | INFO |    📊 ARBUSDTM: Rec=NO_TRADE (Qual=0.68)
2026-02-03 08:56:42,439 | SentinelBot | INFO | 🔍 Scanning OPUSDTM...
2026-02-03 08:56:43,304 | SentinelBot | INFO |    📊 OPUSDTM: Rec=NO_TRADE (Qual=0.97)
2026-02-03 08:56:43,306 | SentinelBot | INFO | 🔍 Scanning SUIUSDTM...
2026-02-03 08:56:44,102 | SentinelBot | INFO |    📊 SUIUSDTM: Rec=NO_TRADE (Qual=0.73)
2026-02-03 08:56:44,102 | SentinelBot | INFO | 🔍 Scanning PEPEUSDTM...
2026-02-03 08:56:44,955 | SentinelBot | INFO |    📊 PEPEUSDTM: Rec=NO_TRADE (Qual=0.72)
2026-02-03 08:56:44,955 | SentinelBot | INFO | 🔍 Scanning NEARUSDTM...
2026-02-03 08:56:45,737 | SentinelBot | INFO |    📊 NEARUSDTM: Rec=NO_TRADE (Qual=0.72)
2026-02-03 08:56:45,738 | SentinelBot | INFO | 🔍 Scanning RNDRUSDTM...
2026-02-03 08:56:46,720 | SentinelBot | INFO | ✅ HTF CONFIRMED: H1 Trend aligns with SHORT
2026-02-03 08:56:46,721 | SentinelBot | INFO | 🚨 TRADE POTENTIAL: RNDRUSDTM | Rec: MICRO_TRADE
2026-02-03 08:56:46,721 | SentinelBot | INFO |    Reason: Good setup (0.87) but low confidence (0.52). Regime: RANGE. Trend score: -0.10, bias: SHORT
2026-02-03 08:56:46,721 | SentinelBot | INFO |    Stats: Qual=0.87 | Conf=0.52 | Dir=SHORT
2026-02-03 08:56:46,721 | SentinelBot | INFO | 🚫 ENTRY_BLOCKED | BAD_RR | RNDRUSDTM R:R = 1:0.00 < 1:2
2026-02-03 08:56:46,721 | SentinelBot | INFO | 🔍 Scanning INJUSDTM...
2026-02-03 08:56:47,494 | SentinelBot | INFO |    📊 INJUSDTM: Rec=NO_TRADE (Qual=0.77)
2026-02-03 08:56:47,496 | SentinelBot | INFO | 🔍 Scanning TIAUSDTM...
2026-02-03 08:56:48,283 | SentinelBot | INFO |    📊 TIAUSDTM: Rec=NO_TRADE (Qual=1.00)
2026-02-03 08:56:48,283 | SentinelBot | INFO | 🔍 Scanning IMXUSDTM...
2026-02-03 08:56:49,222 | SentinelBot | INFO |    📊 IMXUSDTM: Rec=NO_TRADE (Qual=1.00)
2026-02-03 08:56:49,222 | SentinelBot | INFO | 🔍 Scanning LDOUSDTM...
2026-02-03 08:56:49,999 | SentinelBot | INFO |    📊 LDOUSDTM: Rec=NO_TRADE (Qual=1.00)
2026-02-03 08:57:05,411 | SentinelBot | INFO | 💓 Loop alive | Cycle 1010 | Watching 30 symbols
2026-02-03 08:57:23,086 | SentinelBot | INFO | 💓 Loop alive | Cycle 1020 | Watching 30 symbols
2026-02-03 08:57:25,141 | SentinelBot | INFO | 🔍 Scanning XBTUSDTM...
2026-02-03 08:57:25,940 | SentinelBot | INFO |    📊 XBTUSDTM: Rec=NO_TRADE (Qual=0.73)
2026-02-03 08:57:25,940 | SentinelBot | INFO | 🔍 Scanning ETHUSDTM...
2026-02-03 08:57:26,770 | SentinelBot | INFO |    📊 ETHUSDTM: Rec=NO_TRADE (Qual=0.95)
2026-02-03 08:57:26,771 | SentinelBot | INFO | 🔍 Scanning SOLUSDTM...
2026-02-03 08:57:27,699 | SentinelBot | INFO |    📊 SOLUSDTM: Rec=NO_TRADE (Qual=0.69)
2026-02-03 08:57:27,699 | SentinelBot | INFO | 🔍 Scanning BNBUSDTM...
2026-02-03 08:57:28,560 | SentinelBot | INFO |    📊 BNBUSDTM: Rec=NO_TRADE (Qual=0.73)
2026-02-03 08:57:28,560 | SentinelBot | INFO | 🔍 Scanning XRPUSDTM...
2026-02-03 08:57:29,425 | SentinelBot | INFO |    📊 XRPUSDTM: Rec=NO_TRADE (Qual=1.00)
2026-02-03 08:57:29,425 | SentinelBot | INFO | 🔍 Scanning ADAUSDTM...
2026-02-03 08:57:30,241 | SentinelBot | INFO |    📊 ADAUSDTM: Rec=NO_TRADE (Qual=0.96)
2026-02-03 08:57:30,246 | SentinelBot | INFO | 🔍 Scanning DOGEUSDTM...
2026-02-03 08:57:31,319 | SentinelBot | INFO | ✅ HTF CONFIRMED: H1 Trend aligns with SHORT
2026-02-03 08:57:31,319 | SentinelBot | INFO | 🚨 TRADE POTENTIAL: DOGEUSDTM | Rec: ALLOW_TRADE
2026-02-03 08:57:31,320 | SentinelBot | INFO |    Reason: Strong setup (1.00) with confidence (0.80). Regime: BREAKOUT. Trend score: -0.30, bias: SHORT
2026-02-03 08:57:31,320 | SentinelBot | INFO |    Stats: Qual=1.00 | Conf=0.80 | Dir=SHORT
2026-02-03 08:57:31,321 | SentinelBot | INFO | 🚫 ENTRY_BLOCKED | BAD_RR | DOGEUSDTM R:R = 1:0.00 < 1:2
2026-02-03 08:57:31,321 | SentinelBot | INFO | 🔍 Scanning AVAXUSDTM...
2026-02-03 08:57:32,178 | SentinelBot | INFO |    📊 AVAXUSDTM: Rec=NO_TRADE (Qual=0.99)
2026-02-03 08:57:32,178 | SentinelBot | INFO | 🔍 Scanning LINKUSDTM...
2026-02-03 08:57:32,995 | SentinelBot | INFO |    📊 LINKUSDTM: Rec=NO_TRADE (Qual=0.98)
2026-02-03 08:57:32,995 | SentinelBot | INFO | 🔍 Scanning DOTUSDTM...
2026-02-03 08:57:33,924 | SentinelBot | INFO |    📊 DOTUSDTM: Rec=NO_TRADE (Qual=1.00)
2026-02-03 08:57:33,924 | SentinelBot | INFO | 🔍 Scanning TRXUSDTM...
2026-02-03 08:57:34,722 | SentinelBot | INFO |    📊 TRXUSDTM: Rec=NO_TRADE (Qual=0.40)
2026-02-03 08:57:34,723 | SentinelBot | INFO | 🔍 Scanning LTCUSDTM...
2026-02-03 08:57:35,533 | SentinelBot | INFO |    📊 LTCUSDTM: Rec=NO_TRADE (Qual=0.56)
2026-02-03 08:57:35,534 | SentinelBot | INFO | 🔍 Scanning MATICUSDTM...
2026-02-03 08:57:37,468 | SentinelBot | INFO | 🛑 HTF MISMATCH: MATICUSDTM Signal LONG vs Bear Trend. Blocked (Conf 0.39 < 0.80)
2026-02-03 08:57:37,468 | SentinelBot | INFO | 🔍 Scanning SHIBUSDTM...
2026-02-03 08:57:38,271 | SentinelBot | INFO |    📊 SHIBUSDTM: Rec=NO_TRADE (Qual=0.65)
2026-02-03 08:57:38,271 | SentinelBot | INFO | 🔍 Scanning UNIUSDTM...
2026-02-03 08:57:39,126 | SentinelBot | INFO |    📊 UNIUSDTM: Rec=NO_TRADE (Qual=0.66)
2026-02-03 08:57:39,127 | SentinelBot | INFO | 🔍 Scanning ATOMUSDTM...
2026-02-03 08:57:39,901 | SentinelBot | INFO |    📊 ATOMUSDTM: Rec=NO_TRADE (Qual=1.00)
2026-02-03 08:57:39,901 | SentinelBot | INFO | 🔍 Scanning XLMUSDTM...
2026-02-03 08:57:40,805 | SentinelBot | INFO |    📊 XLMUSDTM: Rec=NO_TRADE (Qual=0.75)
2026-02-03 08:57:40,806 | SentinelBot | INFO | 🔍 Scanning ETCUSDTM...
2026-02-03 08:57:41,681 | SentinelBot | INFO |    📊 ETCUSDTM: Rec=NO_TRADE (Qual=0.81)
2026-02-03 08:57:41,683 | SentinelBot | INFO | 🔍 Scanning FILUSDTM...
2026-02-03 08:57:42,578 | SentinelBot | INFO |    📊 FILUSDTM: Rec=NO_TRADE (Qual=1.00)
2026-02-03 08:57:42,578 | SentinelBot | INFO | 🔍 Scanning APTUSDTM...
2026-02-03 08:57:43,467 | SentinelBot | INFO |    📊 APTUSDTM: Rec=NO_TRADE (Qual=0.76)
2026-02-03 08:57:43,467 | SentinelBot | INFO | 🔍 Scanning ARBUSDTM...
2026-02-03 08:57:44,328 | SentinelBot | INFO |    📊 ARBUSDTM: Rec=NO_TRADE (Qual=0.68)
2026-02-03 08:57:44,328 | SentinelBot | INFO | 🔍 Scanning OPUSDTM...
2026-02-03 08:57:45,157 | SentinelBot | INFO |    📊 OPUSDTM: Rec=NO_TRADE (Qual=0.97)
2026-02-03 08:57:45,157 | SentinelBot | INFO | 🔍 Scanning SUIUSDTM...
2026-02-03 08:57:45,964 | SentinelBot | INFO |    📊 SUIUSDTM: Rec=NO_TRADE (Qual=0.73)
2026-02-03 08:57:45,965 | SentinelBot | INFO | 🔍 Scanning PEPEUSDTM...
2026-02-03 08:57:46,800 | SentinelBot | INFO |    📊 PEPEUSDTM: Rec=NO_TRADE (Qual=0.72)
2026-02-03 08:57:46,800 | SentinelBot | INFO | 🔍 Scanning NEARUSDTM...
2026-02-03 08:57:47,787 | SentinelBot | INFO |    📊 NEARUSDTM: Rec=NO_TRADE (Qual=0.72)
2026-02-03 08:57:47,788 | SentinelBot | INFO | 🔍 Scanning RNDRUSDTM...
2026-02-03 08:57:48,753 | SentinelBot | INFO | ✅ HTF CONFIRMED: H1 Trend aligns with SHORT
2026-02-03 08:57:48,753 | SentinelBot | INFO | 🚨 TRADE POTENTIAL: RNDRUSDTM | Rec: MICRO_TRADE
2026-02-03 08:57:48,753 | SentinelBot | INFO |    Reason: Good setup (0.87) but low confidence (0.52). Regime: RANGE. Trend score: -0.10, bias: SHORT
2026-02-03 08:57:48,753 | SentinelBot | INFO |    Stats: Qual=0.87 | Conf=0.52 | Dir=SHORT
2026-02-03 08:57:48,755 | SentinelBot | INFO | 🚫 ENTRY_BLOCKED | BAD_RR | RNDRUSDTM R:R = 1:0.00 < 1:2
2026-02-03 08:57:48,756 | SentinelBot | INFO | 🔍 Scanning INJUSDTM...
2026-02-03 08:57:49,556 | SentinelBot | INFO |    📊 INJUSDTM: Rec=NO_TRADE (Qual=0.77)
2026-02-03 08:57:49,556 | SentinelBot | INFO | 🔍 Scanning TIAUSDTM...
2026-02-03 08:57:50,371 | SentinelBot | INFO |    📊 TIAUSDTM: Rec=NO_TRADE (Qual=1.00)
2026-02-03 08:57:50,371 | SentinelBot | INFO | 🔍 Scanning IMXUSDTM...
2026-02-03 08:57:51,217 | SentinelBot | INFO |    📊 IMXUSDTM: Rec=NO_TRADE (Qual=1.00)
2026-02-03 08:57:51,217 | SentinelBot | INFO | 🔍 Scanning LDOUSDTM...
2026-02-03 08:57:52,048 | SentinelBot | INFO |    📊 LDOUSDTM: Rec=NO_TRADE (Qual=1.00)
